actor_id,name,birth,agency,sns,image,work1,work2,work3,work4,work5
1,김승용,,,,actor_images\21118.gif," 〈레드북〉 - 부산
2026.01.30 ~ 2026.02.01
드림씨어터
헨리&잭 역"," 〈레드북〉 - 세종시
2026.01.23 ~ 2026.01.25
세종예술의전당(세종특별자치시)
헨리&잭 역"," 〈레드북〉 - 용인
2026.01.09 ~ 2026.01.11
용인포은아트홀
헨리&잭 역"," 〈팬레터〉 10주년 기념 공연
2025.12.05 ~ 2026.02.22
예술의전당 CJ 토월극장
이태준 역"," 〈레드북〉
2025.09.23 ~ 2025.12.07
유니버설아트센터
헨리 & 잭 역"
2,원태민,1993.09.16,,https://www.instagram.com/one__tm_/,actor_images\54013.gif," 〈팬레터〉 10주년 기념 공연
2025.12.05 ~ 2026.02.22
예술의전당 CJ 토월극장
정세훈 역"," 〈라흐마니노프〉
2025.09.20 ~ 2025.12.14
예스24스테이지 1관
라흐마니노프 역"," 〈두 낫 디스터브〉
2025.06.10 ~ 2025.08.31
NOL 서경스퀘어 스콘 1관
카이만 역","화이트래빗 레드래빗(WHITE RABBIT RED RABBIT)
2025.04.30 ~ 2025.05.25
세종문화회관 S씨어터
배우 역","애나엑스(ANNA X) Special Day
2025.02.18 ~ 2025.02.20
LG아트센터 서울 U+ 스테이지
아리엘 역"
3,문성일,1988.08.14,,http://www.instagram.com/m_seong_il,actor_images\25614.gif," 〈판〉
2025.12.23 ~ 2026.03.08
동덕여대 공연예술센터 코튼홀
달수 역"," 〈팬레터〉 10주년 기념 공연
2025.12.05 ~ 2026.02.22
예술의전당 CJ 토월극장
정세훈 역","여신님이 보고 계셔
2024.11.26 ~ 2025.03.03
NOL 유니플렉스 1관
변주화 역","오즈
2024.02.27 ~ 2024.04.28
대학로 TOM(티오엠) 2관
준 역","이카이노 바이크
2024.02.15 ~ 2024.03.10
씨어터 쿰
경우 역"
4,신윤재,1995.07.19,,,actor_images\51504.gif,"다큐시어터 〈집으로 돌아가는 길: 형제복지원의 기억〉
2025.07.31 ~ 2025.08.08
연우 소극장(대학로)","플레이위드 햄릿
2025.01.23 ~ 2025.03.16
산울림 소극장
햄릿_화이트/핑크 역","버려진 상자엔 무엇이 담겨있었나
2023.11.15 ~ 2023.11.19
해당공연 공연장
노숙자 역","플레이위드 햄릿
2023.06.23 ~ 2023.07.09
산울림 소극장
화이트/핑크 역","마하
2023.04.07 ~ 2023.04.09
열린극장
마하 역"
5,이형훈,,,,actor_images\15321.gif," 〈긴긴밤〉
2026.01.21 ~ 2026.03.29
링크아트센터드림 드림1관
노든 역"," 〈시지프스〉
2025.12.16 ~ 2026.03.08
예스24스테이지 2관
언노운 역"," 〈팬레터〉 10주년 기념 공연
2025.12.05 ~ 2026.02.22
예술의전당 CJ 토월극장
이윤 역","［슈가데이#1］  〈아몬드〉
2025.11.15 ~ 2025.11.16
NOL 유니플렉스 1관
심박사(심재영) 역"," 〈아몬드〉
2025.09.19 ~ 2025.12.14
NOL 유니플렉스 1관
심박사(심재영) 역"
6,김지욱,1989.01.27,,http://www.instagram.com/rlawldnrl | http://cafe.daum.net/nalbangsongjiwook,actor_images\36037.gif," 〈팬레터〉 10주년 기념 공연
2025.12.05 ~ 2026.02.22
예술의전당 CJ 토월극장
이태준 역","［놀라운 특가］ 연극 〈아마데우스〉 비지정석
2025.09.24 ~ 2025.11.23
홍익대 대학로 아트센터 대극장
요제프 황제 역","연극 〈아마데우스〉
2025.09.16 ~ 2025.11.23
홍익대 대학로 아트센터 대극장
요제프 황제 역"," 〈마리 퀴리〉
2025.07.25 ~ 2025.10.19
광림아트센터 BBCH홀
마르친/샤갈 역","레베카
2021.11.16 ~ 2022.02.28
충무아트센터 대극장
벤 역"
7,김종구,1980.11.29,,http://www.hunusent.com/artist_15.asp | http://twitter.com/jonggoooo,actor_images\17507.gif," 〈팬레터〉 10주년 기념 공연
2025.12.05 ~ 2026.02.22
예술의전당 CJ 토월극장
김해진 역"," 〈로빈〉
2025.12.01 ~ 2026.03.01
대학로 TOM(티오엠) 1관
로빈 역","니진스키
2025.03.25 ~ 2025.06.15
예스24아트원 1관
디아길레프 역","라흐 헤스트
2025.03.25 ~ 2025.06.15
예스24스테이지 1관
환기 역","라파치니의 정원
2025.02.26 ~ 2025.02.28
플러스씨어터
라파치니 역"
8,윤은채,1986.12.14,,http://www.instagram.com/ecactor | http://www.facebook.com/eunchae.yoon,actor_images\39735.gif,"은밀하게 위대하게
2017.07.14 ~ 2017.10.05
대학로 드림아트센터 1관
원류환 역","챠이카
2016.01.08 ~ 2016.06.26
안똔체홉극장
메드베젠꼬 역","레베카
2016.01.05 ~ 2016.03.06
예술의전당 오페라극장
앙상블
전문가","맨 오브 라만차
2015.07.30 ~ 2015.11.01
디큐브 링크아트센터
후안 역
관객 전문가","드림걸즈
2015.02.26 ~ 2015.05.25
샤롯데씨어터
앙상블
전문가"
9,에녹 ,1980.02.10,EMK엔터테인먼트,http://www.instagram.com/official__enoch | http://cafe.naver.com/actorenoch,actor_images\6961.gif," 〈팬레터〉 10주년 기념 공연
2025.12.05 ~ 2026.02.22
예술의전당 CJ 토월극장
김해진 역","마타하리
2024.12.05 ~ 2025.03.02
LG아트센터 서울 LG SIGNATURE 홀
아르망 역","손태진 ＆ 에녹 콘서트 - 대구
2024.07.13 ~ 2024.07.13
대구 엑스코(EXCO)","레베카
2023.08.19 ~ 2023.11.19
블루스퀘어 신한카드홀
막심 드 윈터 역","이프덴
2022.12.08 ~ 2023.02.26
홍익대 대학로 아트센터 대극장
루카스 역"
10,강혜인,,,,actor_images\43688.gif," 〈팬레터〉 10주년 기념 공연
2025.12.05 ~ 2026.02.22
예술의전당 CJ 토월극장
히카루 역"," 〈마리 퀴리〉
2025.07.25 ~ 2025.10.19
광림아트센터 BBCH홀
안느 코발스카 역","너의 결혼식
2025.03.20 ~ 2025.06.08
NOL 유니플렉스 1관
환승희 역","천 개의 파랑
2025.02.22 ~ 2025.03.07
국립극장 해오름극장
은혜 역","유진과 유진
2024.07.06 ~ 2024.09.22
링크아트센터드림 드림4관
작은유진 역"
11,윤소호,1991.11.20,,http://cafe.naver.com/19911120,actor_images\27064.gif," 〈팬레터〉 10주년 기념 공연
2025.12.05 ~ 2026.02.22
예술의전당 CJ 토월극장
정세훈 역","［슈가데이#1］  〈아몬드〉
2025.11.15 ~ 2025.11.16
NOL 유니플렉스 1관
윤재(선윤재) 역"," 〈아몬드〉
2025.09.19 ~ 2025.12.14
NOL 유니플렉스 1관
윤재(선윤재) 역","오늘 밤, 세계에서 이 사랑이 사라진다 해도
2025.06.13 ~ 2025.08.24
코엑스아티움
가미야 도루 역","도리안 그레이
2025.03.30 ~ 2025.06.08
홍익대 대학로 아트센터 대극장
도리안 그레이 역"
12,김경수,1982.09.06,,https://www.instagram.com/k.kyoungsu,actor_images\6299.gif," 〈팬레터〉 10주년 기념 공연
2025.12.05 ~ 2026.02.22
예술의전당 CJ 토월극장
김해진 역","도리안 그레이
2025.03.30 ~ 2025.06.08
홍익대 대학로 아트센터 대극장
헨리 워튼 역","스타크로스드
2024.12.10 ~ 2025.03.02
예스24스테이지 3관
머큐쇼 역","랭보
2024.09.17 ~ 2024.12.08
예스24스테이지 1관
베를렌느 역","빈센트 반 고흐
2024.09.07 ~ 2024.12.01
NOL 서경스퀘어 스콘 1관
빈센트 반 고흐 역"
13,정민,,,,actor_images\6959.gif," 〈팬레터〉 10주년 기념 공연
2025.12.05 ~ 2026.02.22
예술의전당 CJ 토월극장
이윤 역"," 〈라흐마니노프〉
2025.09.20 ~ 2025.12.14
예스24스테이지 1관
니콜라이 달 역","［피크닉#15］ 〈붉은 정원〉
2025.06.17 ~ 2025.06.19
링크아트센터드림 드림2관
빅토르 역","붉은 정원
2025.04.22 ~ 2025.07.20
링크아트센터드림 드림2관
빅토르 역","배니싱
2025.02.04 ~ 2025.05.25
링크아트센터 페이코홀
의신 역"
14,이승현,1977.10.11,,http://www.instagram.com/lownotegogo | http://cafe.daum.net/actor777 | https://www.youtube.com/@SHankyouCONCERT,actor_images\3714.gif," 〈팬레터〉 10주년 기념 공연
2025.12.05 ~ 2026.02.22
예술의전당 CJ 토월극장
김수남 역"," 배우 이승현 콘서트
2024.11.11 ~ 2024.11.11
서강대학교 메리홀 대극장","미오 프라텔로
2024.05.21 ~ 2024.10.27
링크아트센터 벅스홀
치치 역","6시 퇴근
2024.05.17 ~ 2024.08.11
대학로 SH 아트홀
장보고 역","비더슈탄트
2023.09.12 ~ 2023.11.26
대학로 드림아트센터 1관
라인하르트 클레어 역"
15,윤석화,1956.01.16,,,actor_images\5843.gif,"햄릿
2022.07.13 ~ 2022.08.13
국립극장 해오름극장
배우3 역","자화상
2021.10.20 ~ 2021.11.21
산울림 소극장","해롤드와 모드
2021.05.01 ~ 2021.05.23
KT&G 상상마당 대치아트홀
연출","딸에게 보내는 편지
2019.06.11 ~ 2019.06.22
대학로 설치극장 정미소","윤석화의 사랑은 계속됩니다
2017.06.13 ~ 2017.06.18
대학로 설치극장 정미소"
16,장민수,1988.11.04,,,actor_images\37147.gif," 〈팬레터〉 10주년 기념 공연
2025.12.05 ~ 2026.02.22
예술의전당 CJ 토월극장
김수남 역","어른이  〈난쟁이들〉
2025.11.05 ~ 2026.03.01
플러스씨어터
빅 역"," 〈쇼맨_어느 독재자의 네 번째 대역배우〉
2025.07.11 ~ 2025.08.31
국립정동극장
첫번째 배우 역"," 〈다시, 동물원〉
2025.06.26 ~ 2025.09.14
동덕여대 공연예술센터 코튼홀
유준열 역","미아 파밀리아
2024.12.19 ~ 2025.03.23
링크아트센터드림 드림1관
오스카 역"
17,소정화,,,,actor_images\12219.gif," 〈팬레터〉 10주년 기념 공연
2025.12.05 ~ 2026.02.22
예술의전당 CJ 토월극장
히카루 역","문스토리
2023.09.26 ~ 2023.12.10
대학로 드림아트센터 4관
린 역","쁠라테로
2023.05.18 ~ 2023.06.02
국립정동극장 세실","팬레터
2022.07.04 ~ 2022.07.04
온라인
히카루 역","난세
2022.05.31 ~ 2022.08.21
NOL 서경스퀘어 스콘 2관
꾼 역"
18,박정표,1980.05.08,,,actor_images\8529.gif," 〈팬레터〉 10주년 기념 공연
2025.12.05 ~ 2026.02.22
예술의전당 CJ 토월극장
이윤 역","그날들 - 안성
2023.10.06 ~ 2023.10.07
안성맞춤아트홀 대공연장
상구 역","그날들
2023.07.12 ~ 2023.09.03
예술의전당 오페라극장
상구 역","팬레터
2021.12.10 ~ 2022.03.20
코엑스아티움
이 윤 역","팬레터 - 성남
2021.03.26 ~ 2021.03.28
성남아트센터 오페라하우스
이윤 역"
19,김태인,1991.06.30,,,actor_images\42971.gif," 〈팬레터〉 10주년 기념 공연
2025.12.05 ~ 2026.02.22
예술의전당 CJ 토월극장
김수남 역","아몬드
2022.04.02 ~ 2022.05.01
코엑스아티움
멀티(철사) 역","팬레터
2021.12.10 ~ 2022.03.20
코엑스아티움
김수남 역","그녀를 믿지마세요
2018.06.01 ~ 2021.03.31
대학로 스타시티 카지노 전용관(구, 타이니앨리스)
차명석 역","프리즌
2017.09.19 ~ 2019.01.06
대학로 이수아트홀
토미 역"
20,김지철,1988.02.06,,http://cafe.naver.com/kycteatime,actor_images\29458.gif," 〈팬레터〉 10주년 기념 공연
2025.12.05 ~ 2026.02.22
예술의전당 CJ 토월극장
이윤 역"," 〈윌리엄과 윌리엄의 윌리엄들〉 2025
2025.09.16 ~ 2025.11.30
NOL 서경스퀘어 스콘 2관
H 역","［피크닉#19］  〈웨이스티드〉
2025.08.27 ~ 2025.08.29
플러스씨어터
브랜웰 역"," 〈웨이스티드〉 : 연극열전10_일곱 번째 작품
2025.08.06 ~ 2025.10.26
플러스씨어터
브랜웰 역","［피크닉#18］ 연극 〈2시 22분 - A GHOST STORY〉
2025.07.30 ~ 2025.07.31
세종문화회관 M씨어터
샘 역"
21,김리현,1993.04.12,,,actor_images\46090.gif," 〈팬레터〉 10주년 기념 공연
2025.12.05 ~ 2026.02.22
예술의전당 CJ 토월극장
정세훈 역","［슈가데이#1］  〈아몬드〉
2025.11.15 ~ 2025.11.16
NOL 유니플렉스 1관
윤재(선윤재) 역","연극 〈포쉬〉
2025.10.17 ~ 2026.01.11
링크아트센터드림 드림4관
알리스터 역"," 〈아몬드〉
2025.09.19 ~ 2025.12.14
NOL 유니플렉스 1관
윤재(선윤재) 역","음악극 〈태일〉
2025.05.14 ~ 2025.07.20
대학로 TOM(티오엠) 2관
태일 목소리 역"
22,손유동,1988.01.14,,,actor_images\37034.gif," 〈팬레터〉 10주년 기념 공연
2025.12.05 ~ 2026.02.22
예술의전당 CJ 토월극장
김수남 역"," 〈데카브리〉
2025.09.10 ~ 2025.11.30
NOL 서경스퀘어 스콘 1관
미하일 역","도리안 그레이
2025.03.30 ~ 2025.06.08
홍익대 대학로 아트센터 대극장
배질 홀워드 역","［피크닉#10］  〈카포네 밀크〉
2025.01.21 ~ 2025.01.23
예스24아트원 1관
알 카포네 역","카포네 밀크
2024.12.18 ~ 2025.03.09
예스24아트원 1관
알 카포네 역"
23,김형준,,,,actor_images\50797.gif,"〈라이프 오브 파이〉 한국 초연（Life of Pi）
2025.12.02 ~ 2026.03.02
GS아트센터
요리사/리차드 파커 목소리 역","싯다르타 - 익산
2022.12.30 ~ 2022.12.31
익산예술의전당 대공연장
앙상블","적벽
2022.08.20 ~ 2022.09.29
세종문화회관 M씨어터
구먹쇠 역","그날들
2020.11.13 ~ 2021.03.07
충무아트센터 대극장
앙상블",
24,송인성,,,,actor_images\3306.jpg,"〈라이프 오브 파이〉 한국 초연（Life of Pi）
2025.12.02 ~ 2026.03.02
GS아트센터
엄마/간호사/오렌지주스 역","헤다 가블러
2025.05.08 ~ 2025.06.01
국립극단 명동예술극장
엘브스테 부인 역","열녀를 위한 장례식
2023.10.27 ~ 2023.11.05
대학로예술극장 대극장","아침극장
2023.06.26 ~ 2023.06.26
씨어터 송","보존과학자
2023.05.25 ~ 2023.06.18
백성희장민호 극장
철 전문가 역"
25,임민영,,,,actor_images\30494.gif,"〈라이프 오브 파이〉 한국 초연（Life of Pi）
2025.12.02 ~ 2026.03.02
GS아트센터
루루 첸 역","디어 에반 핸슨
2024.03.28 ~ 2024.06.23
충무아트센터 대극장
신시아 머피 역 스윙","비밥
2012.03.20 ~ 2017.03.31
비밥 전용관
섹시셰프 역
관객 전문가",,
26,주아,1974.07.18,,,actor_images\353.jpg,"〈라이프 오브 파이〉 한국 초연（Life of Pi）
2025.12.02 ~ 2026.03.02
GS아트센터
엄마/간호사/오렌지주스 역","그레이트 코멧
2024.03.26 ~ 2024.06.16
유니버설아트센터
마리야 D 역","겨울나그네
2023.12.15 ~ 2024.02.25
한전아트센터
로라킴 역","모차르트!
2023.06.15 ~ 2023.08.22
세종문화회관 대극장
체칠리아 베버 역","종의 기원
2022.12.18 ~ 2023.03.05
대학로 드림아트센터 1관
김지원/김혜원 역"
27,진상현,1982.10.19,,,actor_images\9335.gif,"〈라이프 오브 파이〉 한국 초연（Life of Pi）
2025.12.02 ~ 2026.03.02
GS아트센터
오카모토/선장 역","영웅 - 15주년
2024.05.29 ~ 2024.08.11
세종문화회관 대극장
와다 역","겨울나그네
2023.12.15 ~ 2024.02.25
한전아트센터
허버트 역","영웅
2023.03.17 ~ 2023.05.21
블루스퀘어 신한카드홀
와다 역","워치
2019.09.10 ~ 2019.09.15
국립중앙박물관 극장 용
다나카 소좌 역"
28,전걸,,,,actor_images\41120.gif,"〈라이프 오브 파이〉 한국 초연（Life of Pi）
2025.12.02 ~ 2026.03.02
GS아트센터
그랜트 존스 중령/마틴 신부/러시아 선원 역","탐정 케이
2023.12.01 ~ 2024.01.14
예그린씨어터
제이 역","지킬 앤 하이드 - 진주
2022.07.22 ~ 2022.07.24
경남문화예술회관 대공연장
새비지/풀 역","지킬 앤 하이드
2021.10.19 ~ 2022.05.08
샤롯데씨어터
새비지/풀 역","킹키부츠
2020.08.21 ~ 2020.11.01
블루스퀘어 신한카드홀
머트 역"
29,서현철,(음력) 1965.04.19,,http://twitter.com/eunjorang,actor_images\4183.gif,"〈라이프 오브 파이〉 한국 초연（Life of Pi）
2025.12.02 ~ 2026.03.02
GS아트센터
아버지 역","인천동구문화체육센터 연극 〈톡톡〉
2025.04.11 ~ 2025.04.12
동구문화체육센터 공연장","연극 '톡톡'
2024.12.06 ~ 2025.02.23
대학로 TOM(티오엠) 2관
프레드 역","2024 연극만원4 〈웃음의 대학〉
2024.07.05 ~ 2024.07.07
성남아트센터 앙상블시어터","웃음의 대학
2024.05.11 ~ 2024.06.09
세종문화회관 S씨어터
검열관 역"
30,김지혜,1990.01.01,,http://www.instagram.com/artistduck | http://facebook.com/jihye.kim.564,actor_images\36540.gif,"〈라이프 오브 파이〉 한국 초연（Life of Pi）
2025.12.02 ~ 2026.03.02
GS아트센터
루루 첸 역","2025년 중구민과 함께하는 연극 〈킬 미 나우〉
2025.07.01 ~ 2025.07.01
충무아트센터 중극장 블랙
트와일라 역","킬미나우 : 연극열전10_여섯 번째 작품
2025.06.06 ~ 2025.08.17
충무아트센터 중극장 블랙
트와일라 역","비밀의 화원
2024.08.01 ~ 2024.09.22
국립정동극장
데보라＆마사 소어비 역","섬 : 1933~2019
2024.05.22 ~ 2024.07.07
국립정동극장
목소리3 역"
31,정호준,,,http://www.instagram.com/melarvoz,actor_images\46239.gif,"〈라이프 오브 파이〉 한국 초연（Life of Pi）
2025.12.02 ~ 2026.03.02
GS아트센터
오카모토/선장 역","22년 2개월
2023.08.31 ~ 2023.11.05
링크아트센터 벅스홀
다테마스 가이세이 역","야구왕 마린스 - 부산
2023.07.05 ~ 2023.07.16
부산시민회관 대극장
고우철 역","보이체크 인 더 다크
2023.02.07 ~ 2023.04.30
링크아트센터 벅스홀
대위 역","2022 궁중문화축전 : 열상진원
2022.05.11 ~ 2022.05.14
경복궁 흥례문광장
태조 역"
32,박찬양,,,,actor_images\40915.gif,"〈라이프 오브 파이〉 한국 초연（Life of Pi）
2025.12.02 ~ 2026.03.02
GS아트센터
라니 역","디어 에반 핸슨
2024.03.28 ~ 2024.06.23
충무아트센터 대극장
알라나 벡 역 스윙","루쓰
2023.03.05 ~ 2023.04.02
광림아트센터 BBCH홀
브닌나 역","말리의 어제보다 특별한 오늘
2022.07.09 ~ 2022.08.14
한성아트홀 1관
멀티 (여) 역","빨래
2021.11.05 ~ 2022.05.29
NOL 유니플렉스 2관
제일서점직원 역"
33,황만익,1973.11.01,,,actor_images\3729.jpg,"〈라이프 오브 파이〉 한국 초연（Life of Pi）
2025.12.02 ~ 2026.03.02
GS아트센터
아버지 역","［NOL 스페셜 스테이지］  〈알라딘〉 한국 초연 - 부산 (ALADDIN The Musical)
2025.08.15 ~ 2025.08.17
드림씨어터
술탄 역"," 〈알라딘〉 한국 초연 (ALADDIN The Musical) - 부산
2025.07.11 ~ 2025.09.28
드림씨어터
술탄 역","［인터파크 스테이지］알라딘 한국 초연
2025.04.12 ~ 2025.04.16
샤롯데씨어터
술탄 역"," 〈알라딘〉 한국 초연 (ALADDIN The Musical)
2024.11.22 ~ 2025.06.22
샤롯데씨어터
술탄 역"
34,신진경,,,,actor_images\22572.gif,"〈라이프 오브 파이〉 한국 초연（Life of Pi）
2025.12.02 ~ 2026.03.02
GS아트센터
쿠마르/자이다 칸 역","음악극 〈들꽃 찾아〉
2025.04.25 ~ 2025.04.27
창동극장","라파치니의 정원
2025.02.26 ~ 2025.02.28
플러스씨어터
리자베타 역","라파치니의 정원
2025.01.30 ~ 2025.04.20
플러스씨어터
리자베타 역","섬 : 1933~2019
2024.05.22 ~ 2024.07.07
국립정동극장
목소리6 역"
35,이상아,1993.11.30,,,actor_images\44227.gif,"〈라이프 오브 파이〉 한국 초연（Life of Pi）
2025.12.02 ~ 2026.03.02
GS아트센터
라니 역","아이참 Eye Charm
2024.11.28 ~ 2024.11.28
국립정동극장
심주희 역","이블데드
2024.06.20 ~ 2024.09.01
NOL 유니플렉스
린다 역","레미제라블 - 대구
2024.03.21 ~ 2024.04.07
계명아트센터
코제트 역","레미제라블
2023.11.30 ~ 2024.03.10
블루스퀘어 신한카드홀
코제트 역"
36,권상석,,,http://www.instagram.com/sang_seok_kwon,actor_images\8950.gif,"〈라이프 오브 파이〉 한국 초연（Life of Pi）
2025.12.02 ~ 2026.03.02
GS아트센터
마마지/그랜트 존스 중령 커버 역","블랙코메디 연극 〈꼰대 랩소디〉
2025.05.27 ~ 2025.06.01
대학로 공간아울
멀티4 역","하데스타운 한국 공연 - 부산
2024.10.18 ~ 2024.11.03
드림씨어터
일꾼 역","하데스타운
2024.07.12 ~ 2024.10.06
샤롯데씨어터
일꾼 역","뉴 사랑을 이루어 드립니다
2022.04.15 ~ 2022.07.31
룸어씨어터
안무"
37,이승헌,,,,actor_images\32047.gif,"〈라이프 오브 파이〉 한국 초연（Life of Pi）
2025.12.02 ~ 2026.03.02
GS아트센터
요리사/리차드 파커 목소리 역","연극 〈굿피플〉
2025.07.11 ~ 2025.07.27
씨어터조이
스티비 역","수성다방
2025.05.10 ~ 2025.05.18
대학로예술극장 대극장","아들에게(부제: 미옥 앨리스 현)
2025.03.22 ~ 2025.03.30
아르코예술극장 대극장
전경환 역","어느 물리학자의 낮잠
2024.10.31 ~ 2024.11.03
씨어터 쿰
노숙자 역"
38,박정민,1987.02.25,,,actor_images\25551.gif,"〈라이프 오브 파이〉 한국 초연（Life of Pi）
2025.12.02 ~ 2026.03.02
GS아트센터
파이 역","다빈치모텔
2022.10.14 ~ 2022.10.16
현대카드 이태원 스페이스","청춘페스티벌 2018
2018.05.12 ~ 2018.05.13
난지한강공원","로미오와 줄리엣
2016.12.09 ~ 2017.01.15
국립극장 달오름극장
로미오 역
전문가","G코드의 탈출
2014.02.18 ~ 2014.02.23
연극실험실 혜화동 1번지"
39,박강현,1990.02.27,,,actor_images\38358.gif,"〈라이프 오브 파이〉 한국 초연（Life of Pi）
2025.12.02 ~ 2026.03.02
GS아트센터
파이 역","［NOL 스페셜 스테이지］  〈알라딘〉 한국 초연 - 부산 (ALADDIN The Musical)
2025.08.15 ~ 2025.08.17
드림씨어터
알라딘 역"," 〈알라딘〉 한국 초연 (ALADDIN The Musical) - 부산
2025.07.11 ~ 2025.09.28
드림씨어터
알라딘 역"," 〈멤피스〉
2025.06.17 ~ 2025.09.21
충무아트센터 대극장
휴이 역","［인터파크 스테이지］알라딘 한국 초연
2025.04.12 ~ 2025.04.16
샤롯데씨어터
알라딘 역"
40,한규정,1985,,,actor_images\4318.jpg,"〈라이프 오브 파이〉 한국 초연（Life of Pi）
2025.12.02 ~ 2026.03.02
GS아트센터
마마지/판딧지 역","음악극 〈들꽃 찾아〉
2025.04.25 ~ 2025.04.27
창동극장","젠틀맨스 가이드 : 사랑과 살인편
2024.07.06 ~ 2024.10.20
광림아트센터 BBCH홀
치안판사 외 역","룰렛
2022.11.25 ~ 2022.11.26
CKL 스테이지
프라이드 역","동네
2022.10.26 ~ 2022.10.30
우란문화재단 우란2경"
41,차윤해,1994.02.03,,http://www.instagram.com/aquazz0203,actor_images\45102.gif," 〈물랑루즈!〉 (Moulin Rouge! The Musical)
2025.11.27 ~ 2026.02.22
블루스퀘어 신한카드홀
크리스티안 역"," 〈마리 퀴리〉
2025.07.25 ~ 2025.10.19
광림아트센터 BBCH홀
피에르 퀴리 역","시라노
2024.12.06 ~ 2025.02.23
예술의전당 CJ 토월극장
크리스티앙 역","4월은 너의 거짓말
2024.06.28 ~ 2024.08.25
예술의전당 CJ 토월극장
와타리 료타 역","레미제라블 - 대구
2024.03.21 ~ 2024.04.07
계명아트센터
앙졸라 역"
42,전성혜,,,,actor_images\49123.gif," 〈물랑루즈!〉 (Moulin Rouge! The Musical)
2025.11.27 ~ 2026.02.22
블루스퀘어 신한카드홀
니니 역","13 후르츠케이크
2023.12.17 ~ 2023.12.29
국립정동극장 세실
13 후르츠케이크 역","물랑루즈
2022.12.16 ~ 2023.03.05
블루스퀘어 신한카드홀
니니 역","아이다
2022.05.10 ~ 2022.08.07
블루스퀘어 신한카드홀
앙상블","광화문 연가
2021.07.16 ~ 2021.09.05
예술의전당 오페라극장
앙상블"
43,이석훈,1984.02.21,,http://www.instagram.com/lee.seokhoon,actor_images\29854.gif," 〈물랑루즈!〉 (Moulin Rouge! The Musical)
2025.11.27 ~ 2026.02.22
블루스퀘어 신한카드홀
크리스티안 역","뷰티풀 민트 라이프 2025
2025.06.13 ~ 2025.06.15
올림픽공원","웃는 남자
2025.01.09 ~ 2025.03.09
예술의전당 오페라극장
그윈플렌 역","2024 Someday Christmas in 여수
2024.12.21 ~ 2024.12.22
진남체육관
12/22(SUN) 역","킹키부츠
2024.09.07 ~ 2024.11.10
블루스퀘어 신한카드홀
찰리 역"
44,정선아,,,,actor_images\3738.gif,,,,,
45,하유진,1988.10.07,,,actor_images\37928.gif," 〈물랑루즈!〉 (Moulin Rouge! The Musical)
2025.11.27 ~ 2026.02.22
블루스퀘어 신한카드홀
니니 역","시스터즈
2023.09.03 ~ 2023.11.12
홍익대 대학로 아트센터 대극장
시스터 2 역","물랑루즈
2022.12.16 ~ 2023.03.05
블루스퀘어 신한카드홀
앙상블","아이다
2022.05.10 ~ 2022.08.07
블루스퀘어 신한카드홀
앙상블","듀엣
2020.10.23 ~ 2021.01.31
KT&G 상상마당 대치아트홀
GIRLS 역"
46,심건우,1985.01.19,,,actor_images\21847.gif," 〈물랑루즈!〉 (Moulin Rouge! The Musical)
2025.11.27 ~ 2026.02.22
블루스퀘어 신한카드홀
산티아고 역","더 쇼! 신라
2025.02.24 ~ 2025.03.07
경주엑스포대공원 문화센터 문무홀
한빈/춘추 역","조로: 액터뮤지션
2024.09.11 ~ 2024.11.17
NOL 유니플렉스
스토리텔러/돈 알레한드로 역","그레이트 코멧
2024.03.26 ~ 2024.06.16
유니버설아트센터
돌로코프 역","더 쇼! 신라하다 - 경주
2023.10.21 ~ 2023.12.07
경주엑스포대공원 문화센터 문무홀
한빈/춘추 역"
47,이정하,1991.08.28,,http://www.instagram.com/wakkaa__,actor_images\50986.gif," 〈물랑루즈!〉 (Moulin Rouge! The Musical)
2025.11.27 ~ 2026.02.22
블루스퀘어 신한카드홀
아라비아 역"," 〈멤피스〉
2025.06.17 ~ 2025.09.21
충무아트센터 대극장
앙상블","마타하리
2024.12.05 ~ 2025.03.02
LG아트센터 서울 LG SIGNATURE 홀
앙상블","그레이트 코멧
2024.03.26 ~ 2024.06.16
유니버설아트센터
앙상블","드래곤 하이
2023.09.02 ~ 2023.10.15
국립중앙박물관 극장 용
엄마/긴꼬리용 역"
48,김단주,,,,actor_images\48185.gif," 〈물랑루즈!〉 (Moulin Rouge! The Musical)
2025.11.27 ~ 2026.02.22
블루스퀘어 신한카드홀
베이비돌 역","드래곤하이 스페셜
2024.09.28 ~ 2024.11.24
국립중앙박물관 극장 용
큰날개용 역","비클래스
2024.02.20 ~ 2024.05.06
링크아트센터드림 드림2관
치아키 역","드래곤 하이
2023.09.02 ~ 2023.10.15
국립중앙박물관 극장 용
뉴스/붉은날개선장 역","단
2023.06.23 ~ 2023.06.25
KT&G 상상마당 대치아트홀
풍백 역"
49,김지우,1983.11.22,,http://twitter.com/jiwoo_gooreum,actor_images\3347.gif," 〈물랑루즈!〉 (Moulin Rouge! The Musical)
2025.11.27 ~ 2026.02.22
블루스퀘어 신한카드홀
사틴 역"," 〈프리다〉
2025.06.17 ~ 2025.09.07
NOL 유니플렉스 1관
프리다 역","옥주현 with Friends  콘서트 - 춘천
2025.05.17 ~ 2025.05.17
춘천 강원대학교 백령아트센터 (구 백령문화관)","킹키부츠 - 대구
2025.01.11 ~ 2025.01.26
계명아트센터
로렌 역","킹키부츠 - 세종
2025.01.04 ~ 2025.01.05
세종예술의전당(세종특별자치시)
로렌 역"
50,권오경,1992.09.07,,http://www.instagram.com/Ohkyungee,actor_images\51759.gif," 〈물랑루즈!〉 (Moulin Rouge! The Musical)
2025.11.27 ~ 2026.02.22
블루스퀘어 신한카드홀
아라비아 역","킹스 테이블
2023.05.26 ~ 2023.05.26
대학로 드림아트센터 3관","웨스트 사이드 스토리
2022.11.17 ~ 2023.02.26
충무아트센터 대극장
앙상블","맨 오브 라만차
2021.03.24 ~ 2021.05.16
충무아트센터 대극장
페르미나 역","드라큘라
2020.02.11 ~ 2020.06.07
샤롯데씨어터
뱀파이어 슬레이브 역"
51,이창용,1984.11.11,PL엔터테인먼트,http://plent.co.kr/ | http://cafe.daum.net/LeeChangYong,actor_images\4202.gif," 〈물랑루즈!〉 (Moulin Rouge! The Musical)
2025.11.27 ~ 2026.02.22
블루스퀘어 신한카드홀
몬로스 공작 역"," 〈르 마스크〉
2025.08.06 ~ 2025.11.09
et theatre 1 (이티 씨어터 원)
프레데릭 역","더 퍼스트 그레잇 쇼
2025.05.29 ~ 2025.06.15
세종문화회관 M씨어터
실장 역","신영숙, 이창용과 함께하는 5월 야민락콘서트 - 세종
2025.05.21 ~ 2025.05.21
세종예술의전당(세종특별자치시)","［야놀자 특가］  〈스윙 데이즈_암호명 A〉
2025.01.21 ~ 2025.01.31
충무아트센터 대극장
야스오 역"
52,지현준,,,http://cafe.daum.net/wlguswns | http://twitter.com/dnjfrls,actor_images\1967.gif," 〈레드북〉 - 수원
2026.02.06 ~ 2026.02.08
경기아트센터 대극장
로렐라이 역"," 〈레드북〉 - 세종시
2026.01.23 ~ 2026.01.25
세종예술의전당(세종특별자치시)
로렐라이 역"," 〈레드북〉 - 용인
2026.01.09 ~ 2026.01.11
용인포은아트홀
로렐라이 역"," 〈물랑루즈!〉 (Moulin Rouge! The Musical)
2025.11.27 ~ 2026.02.22
블루스퀘어 신한카드홀
로트렉 역"," 〈레드북〉
2025.09.23 ~ 2025.12.07
유니버설아트센터
로렐라이 역"
53,최호중,,,,actor_images\7476.gif," 〈미세스 다웃파이어〉 - 진주
2026.01.31 ~ 2026.02.01
경상남도문화예술회관 대공연장
프랭크 역"," 〈미세스 다웃파이어〉 - 수원
2026.01.17 ~ 2026.01.18
경기아트센터 대극장
프랭크 역"," 〈미세스 다웃파이어〉 - 인천
2026.01.10 ~ 2026.01.11
인천문화예술회관 대공연장
프랭크 역"," 〈미세스 다웃파이어〉 - 대구
2026.01.03 ~ 2026.01.04
대구오페라하우스
프랭크 역","2025  〈미세스 다웃파이어〉 - 천안
2025.12.27 ~ 2025.12.28
천안예술의전당 대공연장
프랭크 역"
54,김송이,1992.03.10,,,actor_images\45801.gif," 〈물랑루즈!〉 (Moulin Rouge! The Musical)
2025.11.27 ~ 2026.02.22
블루스퀘어 신한카드홀
라쇼콜라 역","베어 더 
2024.05.22 ~ 2024.08.25
두산아트센터 연강홀
샨텔수녀/클레어 역","만복이네 떡집
2023.04.15 ~ 2023.05.21
올림픽공원 우리금융아트홀
화가떡 역","물랑루즈
2022.12.16 ~ 2023.03.05
블루스퀘어 신한카드홀
라 쇼콜라 역","베어 더 
2022.06.22 ~ 2022.09.18
두산아트센터 연강홀
샨텔수녀/클레어 역"
55,이상준,,,,actor_images\3805.jpg," 〈물랑루즈!〉 (Moulin Rouge! The Musical)
2025.11.27 ~ 2026.02.22
블루스퀘어 신한카드홀
지들러 역","［NOL 스페셜 스테이지］  〈알라딘〉 한국 초연 - 부산 (ALADDIN The Musical)
2025.08.15 ~ 2025.08.17
드림씨어터
술탄 역"," 〈알라딘〉 한국 초연 (ALADDIN The Musical) - 부산
2025.07.11 ~ 2025.09.28
드림씨어터
술탄 역","［인터파크 스테이지］알라딘 한국 초연
2025.04.12 ~ 2025.04.16
샤롯데씨어터
술탄 역"," 〈알라딘〉 한국 초연 (ALADDIN The Musical)
2024.11.22 ~ 2025.06.22
샤롯데씨어터
술탄 역"
56,홍광호,1982.04.06,PL엔터테인먼트,http://cafe.daum.net/pureactor,actor_images\3871.gif," 〈물랑루즈!〉 (Moulin Rouge! The Musical)
2025.11.27 ~ 2026.02.22
블루스퀘어 신한카드홀
크리스티안 역","지킬앤하이드 - 20주년
2024.11.29 ~ 2025.05.18
블루스퀘어 신한카드홀
지킬 / 하이드 역","일 테노레
2024.03.29 ~ 2024.05.19
블루스퀘어 신한카드홀
윤이선 역","일 테노레
2023.12.19 ~ 2024.02.25
예술의전당 CJ 토월극장
윤이선 역","데스노트 - 부산
2023.07.26 ~ 2023.08.06
부산시민회관 대극장
야가미 라이토 역"
57,박민성,1982.08.07,,,actor_images\3547.gif," 〈물랑루즈!〉 (Moulin Rouge! The Musical)
2025.11.27 ~ 2026.02.22
블루스퀘어 신한카드홀
몬로스 공작 역"," 〈쉐도우〉
2025.09.05 ~ 2025.11.02
백암아트홀
영조 역","명성황후 30주년 기념 공연 - 당진
2025.07.25 ~ 2025.07.27
당진 문예의전당 대공연장
홍계훈 역","명성황후 30주년 기념 공연 - 부산
2025.07.18 ~ 2025.07.20
동서대학교 소향씨어터 신한카드홀
홍계훈 역","명성황후 30주년 기념 공연 - 성남
2025.07.11 ~ 2025.07.13
성남아트센터 오페라하우스
홍계훈 역"
58,서만석,,,,actor_images\56.gif," 〈물랑루즈!〉 (Moulin Rouge! The Musical)
2025.11.27 ~ 2026.02.22
블루스퀘어 신한카드홀
산티아고 역","마틸다
2022.10.05 ~ 2023.02.26
디큐브 링크아트센터
미스터 웜우드 역","데스노트
2022.07.01 ~ 2022.08.14
예술의전당 오페라극장
이데 역","데스노트
2022.04.01 ~ 2022.06.19
충무아트센터 대극장
이데 역","빌리 엘리어트
2021.08.31 ~ 2022.02.13
디큐브 링크아트센터
앙상블"
59,유승엽,1987.12.01,블루스테이지,,actor_images\31209.gif," 〈물랑루즈!〉 (Moulin Rouge! The Musical)
2025.11.27 ~ 2026.02.22
블루스퀘어 신한카드홀
베이비돌 역","물랑루즈
2022.12.16 ~ 2023.03.05
블루스퀘어 신한카드홀
베이비돌 역","아이다
2022.05.10 ~ 2022.08.07
블루스퀘어 신한카드홀
메렙 역","지저스 크라이스트 수퍼스타
2020.02.28 ~ 2020.03.01
LG아트센터 서울
헤롯 역","아이다
2019.11.16 ~ 2020.02.23
블루스퀘어 신한카드홀
메렙 역"
60,이도헌,2013.09.27,,http://www.instagram.com/hyun_honey_luv,actor_images\51352.gif," 〈킹키부츠〉
2025.12.17 ~ 2026.03.29
샤롯데씨어터
어린롤라 역"," 〈킹키부츠〉 - 용인
2025.12.06 ~ 2025.12.07
용인포은아트홀
어린롤라 역"," 〈킹키부츠〉 - 전주
2025.11.29 ~ 2025.11.30
한국소리문화의전당 모악당
어린롤라 역"," 〈킹키부츠〉 - 성남
2025.11.15 ~ 2025.11.16
성남아트센터 오페라하우스
어린롤라 역","반달의 꿈 - 의정부
2025.11.07 ~ 2025.11.07
의정부예술의전당 대극장"
61,김동현,1993.08.23,,http://www.instagram.com/93.08.23,actor_images\52107.gif," 〈킹키부츠〉
2025.12.17 ~ 2026.03.29
샤롯데씨어터
돈 역"," 〈킹키부츠〉 - 용인
2025.12.06 ~ 2025.12.07
용인포은아트홀
돈 역"," 〈킹키부츠〉 - 전주
2025.11.29 ~ 2025.11.30
한국소리문화의전당 모악당
돈 역"," 〈킹키부츠〉 - 성남
2025.11.15 ~ 2025.11.16
성남아트센터 오페라하우스
돈 역"," 〈킹키부츠〉 - 고양
2025.11.01 ~ 2025.11.09
고양아람누리 아람극장
돈 역"
62,이재환,1992.04.06,,http://www.realvixx.com/ | http://www.instagram.com/keken_0406 | http://cafe.daum.net/RealVIXX | http://twitter.com/jaehwany0406,actor_images\37172.gif,"WONDERLAND FESTIVAL 2025
2025.12.27 ~ 2026.01.11
경희대학교 평화의전당
1악장 역"," 〈킹키부츠〉
2025.12.17 ~ 2026.03.29
샤롯데씨어터
찰리 역"," 〈킹키부츠〉 - 용인
2025.12.06 ~ 2025.12.07
용인포은아트홀
찰리 역"," 〈킹키부츠〉 - 전주
2025.11.29 ~ 2025.11.30
한국소리문화의전당 모악당
찰리 역"," 〈킹키부츠〉 - 성남
2025.11.15 ~ 2025.11.16
성남아트센터 오페라하우스
찰리 역"
63,강홍석,,,https://jament.co.kr/artist/profile?artist_id=9 | https://www.instagram.com/bollsar0211/,actor_images\26127.gif," 〈킹키부츠〉
2025.12.17 ~ 2026.03.29
샤롯데씨어터
롤라 역"," 〈킹키부츠〉 - 용인
2025.12.06 ~ 2025.12.07
용인포은아트홀
롤라 역"," 〈킹키부츠〉 - 전주
2025.11.29 ~ 2025.11.30
한국소리문화의전당 모악당
롤라 역"," 〈킹키부츠〉 - 성남
2025.11.15 ~ 2025.11.16
성남아트센터 오페라하우스
롤라 역"," 〈킹키부츠〉 - 고양
2025.11.01 ~ 2025.11.09
고양아람누리 아람극장
롤라 역"
64,한재아,1992.12.28,,,actor_images\44218.gif," 〈킹키부츠〉
2025.12.17 ~ 2026.03.29
샤롯데씨어터
로렌 역"," 〈킹키부츠〉 - 용인
2025.12.06 ~ 2025.12.07
용인포은아트홀
로렌 역"," 〈킹키부츠〉 - 전주
2025.11.29 ~ 2025.11.30
한국소리문화의전당 모악당
로렌 역"," 〈킹키부츠〉 - 성남
2025.11.15 ~ 2025.11.16
성남아트센터 오페라하우스
로렌 역"," 〈킹키부츠〉 - 고양
2025.11.01 ~ 2025.11.09
고양아람누리 아람극장
로렌 역"
65,신승환,,,,actor_images\25163.gif," 〈킹키부츠〉
2025.12.17 ~ 2026.03.29
샤롯데씨어터
돈 역"," 〈킹키부츠〉 - 용인
2025.12.06 ~ 2025.12.07
용인포은아트홀
돈 역"," 〈킹키부츠〉 - 전주
2025.11.29 ~ 2025.11.30
한국소리문화의전당 모악당
돈 역"," 〈킹키부츠〉 - 성남
2025.11.15 ~ 2025.11.16
성남아트센터 오페라하우스
돈 역"," 〈킹키부츠〉 - 고양
2025.11.01 ~ 2025.11.09
고양아람누리 아람극장
돈 역"
66,허윤슬,1993.03.31,,,actor_images\39892.gif," 〈킹키부츠〉
2025.12.17 ~ 2026.03.29
샤롯데씨어터
로렌 역"," 〈킹키부츠〉 - 용인
2025.12.06 ~ 2025.12.07
용인포은아트홀
로렌 역"," 〈킹키부츠〉 - 전주
2025.11.29 ~ 2025.11.30
한국소리문화의전당 모악당
로렌 역"," 〈킹키부츠〉 - 성남
2025.11.15 ~ 2025.11.16
성남아트센터 오페라하우스
로렌 역"," 〈킹키부츠〉 - 고양
2025.11.01 ~ 2025.11.09
고양아람누리 아람극장
로렌 역"
67,서경수,1989.01.01,팜트리아일랜드,http://palmtree.is/artists/seo-kyung-su,actor_images\10358.gif," 〈킹키부츠〉
2025.12.17 ~ 2026.03.29
샤롯데씨어터
롤라 역"," 〈킹키부츠〉 - 용인
2025.12.06 ~ 2025.12.07
용인포은아트홀
롤라 역"," 〈킹키부츠〉 - 전주
2025.11.29 ~ 2025.11.30
한국소리문화의전당 모악당
롤라 역"," 〈킹키부츠〉 - 성남
2025.11.15 ~ 2025.11.16
성남아트센터 오페라하우스
롤라 역"," 〈킹키부츠〉 - 고양
2025.11.01 ~ 2025.11.09
고양아람누리 아람극장
롤라 역"
68,김호영,1983.02.19,,http://cafe.daum.net/moonlightkiss | http://twitter.com/hoyhoyoung,actor_images\4522.gif," 〈킹키부츠〉
2025.12.17 ~ 2026.03.29
샤롯데씨어터
찰리 역"," 〈킹키부츠〉 - 용인
2025.12.06 ~ 2025.12.07
용인포은아트홀
찰리 역"," 〈킹키부츠〉 - 전주
2025.11.29 ~ 2025.11.30
한국소리문화의전당 모악당
찰리 역"," 〈킹키부츠〉 - 성남
2025.11.15 ~ 2025.11.16
성남아트센터 오페라하우스
찰리 역"," 〈킹키부츠〉 - 고양
2025.11.01 ~ 2025.11.09
고양아람누리 아람극장
찰리 역"
69,백형훈,1987.03.02,블루스테이지,http://cafe.daum.net/kunhaeng,actor_images\20750.gif,"크리스마스 지브리 ＆ 디즈니 OST 콘서트
2025.12.31 ~ 2025.12.31
세종문화회관 대극장","WONDERLAND FESTIVAL 2025
2025.12.27 ~ 2026.01.11
경희대학교 평화의전당
1악장 역","크리스마스 지브리 ＆ 디즈니 OST 콘서트 - 부산
2025.12.24 ~ 2025.12.25
부산문화회관 대극장"," 〈킹키부츠〉
2025.12.17 ~ 2026.03.29
샤롯데씨어터
롤라 역"," 〈킹키부츠〉 - 용인
2025.12.06 ~ 2025.12.07
용인포은아트홀
롤라 역"
70,신재범,,,,actor_images\30078.gif," 〈킹키부츠〉
2025.12.17 ~ 2026.03.29
샤롯데씨어터
찰리 역"," 〈킹키부츠〉 - 용인
2025.12.06 ~ 2025.12.07
용인포은아트홀
찰리 역"," 〈킹키부츠〉 - 전주
2025.11.29 ~ 2025.11.30
한국소리문화의전당 모악당
찰리 역"," 〈킹키부츠〉 - 성남
2025.11.15 ~ 2025.11.16
성남아트센터 오페라하우스
찰리 역"," 〈킹키부츠〉 - 고양
2025.11.01 ~ 2025.11.09
고양아람누리 아람극장
찰리 역"
71,심재현,,,,actor_images\3350.jpg," 〈킹키부츠〉
2025.12.17 ~ 2026.03.29
샤롯데씨어터
돈 역"," 〈킹키부츠〉 - 용인
2025.12.06 ~ 2025.12.07
용인포은아트홀
돈 역"," 〈킹키부츠〉 - 전주
2025.11.29 ~ 2025.11.30
한국소리문화의전당 모악당
돈 역"," 〈킹키부츠〉 - 성남
2025.11.15 ~ 2025.11.16
성남아트센터 오페라하우스
돈 역"," 〈킹키부츠〉 - 고양
2025.11.01 ~ 2025.11.09
고양아람누리 아람극장
돈 역"
72,김성철,1991.12.31,,http://www.instagram.com/sungcheol2/ | http://cafe.naver.com/kimsungcheol,actor_images\35304.gif," 데스노트(The Musical Death Note)
2025.10.14 ~ 2026.05.10
디큐브 링크아트센터
엘(L) 역"," 지킬앤하이드 (Jekyll ＆ Hyde) 20주년 - 부산
2025.06.08 ~ 2025.06.15
드림씨어터
지킬/하이드 역","지킬앤하이드 - 20주년
2024.11.29 ~ 2025.05.18
블루스퀘어 신한카드홀
지킬 / 하이드 역","몬테크리스토
2023.11.21 ~ 2024.02.25
충무아트센터 대극장
에드몬드 단테스/몬테크리스토 백작 역","데스노트 - 부산
2023.07.26 ~ 2023.08.06
부산시민회관 대극장
엘 역"
73,탕준상,,,,actor_images\30010.gif," 데스노트(The Musical Death Note)
2025.10.14 ~ 2026.05.10
디큐브 링크아트센터
엘(L) 역","연극열전6 - 햄릿 더 플레이
2016.08.02 ~ 2016.10.16
충무아트센터 중극장 블랙
어린 햄릿 역
전문가","더  콘서트
2015.07.13 ~ 2015.07.13
광림아트센터 BBCH홀
특별출연","킹키부츠
2014.12.02 ~ 2015.02.22
충무아트센터 대극장
어린 롤라 역
전문가"," 이야기쇼 이석준과 함께 10주년
2014.05.26 ~ 2014.05.26
LG아트센터 서울
특별출연"
74,규현,1988.02.03,,http://superjunior.smtown.com/,actor_images\23592.gif,"WONDERLAND FESTIVAL 2025
2025.12.27 ~ 2026.01.11
경희대학교 평화의전당
2악장 역"," 데스노트(The Musical Death Note)
2025.10.14 ~ 2026.05.10
디큐브 링크아트센터
라이토 역","웃는남자 - 성남
2025.04.09 ~ 2025.04.12
성남아트센터 오페라하우스
그윈플렌 역","웃는 남자
2025.01.09 ~ 2025.03.09
예술의전당 오페라극장
그윈플렌 역","규현 콘서트
2024.12.20 ~ 2024.12.22
올림픽공원 올림픽홀"
75,임정모,1992.11.21,블루스테이지,,actor_images\42618.gif," 데스노트(The Musical Death Note)
2025.10.14 ~ 2026.05.10
디큐브 링크아트센터
류크 역"," 〈르 마스크〉
2025.08.06 ~ 2025.11.09
et theatre 1 (이티 씨어터 원)
프레데릭 역","〈팬텀〉 10주년 기념 공연
2025.05.31 ~ 2025.08.11
세종문화회관 대극장
필립 드 샹동 백작 역"," 베르테르 25주년 공연 - 대구
2025.04.05 ~ 2025.04.06
계명아트센터
알베르트 역"," 베르테르 25주년 공연 - 부산
2025.03.29 ~ 2025.03.30
드림씨어터
알베르트 역"
76,이영미,1974.11.15,,http://cafe.daum.net/leeahmi,actor_images\316.jpg," 데스노트(The Musical Death Note)
2025.10.14 ~ 2026.05.10
디큐브 링크아트센터
렘 역","도리안 그레이
2025.03.30 ~ 2025.06.08
홍익대 대학로 아트센터 대극장
브랜든 부인 역"," 〈베르테르〉 25주년 공연
2025.01.17 ~ 2025.03.16
디큐브 링크아트센터
오르카 역","리지
2024.09.14 ~ 2024.10.06
두산아트센터 연강홀
브리짓 설리번 역","리지
2024.09.14 ~ 2024.12.01
두산아트센터 연강홀
브리짓 설리번 역"
77,김성규,1989.04.28,,http://www.dhtne.com/ | http://www.instagram.com/gyu357 | http://twitter.com/ksk_official | http://www.facebook.com/kimsungkyu.official,actor_images\27536.gif,"2026 FIRST MUSIC STATION - 고양
2026.01.31 ~ 2026.02.01
일산 킨텍스(KINTEX)
1일(일) 역"," 데스노트(The Musical Death Note)
2025.10.14 ~ 2026.05.10
디큐브 링크아트센터
엘(L) 역","Someday Festival 2025 - week 1
2025.09.06 ~ 2025.09.07
올림픽공원 88 잔디마당
9월 7일 역","SOUNDBERRY FESTA’ 25
2025.07.19 ~ 2025.07.20
일산 킨텍스(KINTEX) 제2전시장 9홀
[07.19/토] 역","뷰티풀 민트 라이프 2025
2025.06.13 ~ 2025.06.15
올림픽공원"
78,양승리,1985.01.14,,http://www.instagram.com/vic_tory0114 | http://cafe.naver.com/yvictory,actor_images\22378.gif," 데스노트(The Musical Death Note)
2025.10.14 ~ 2026.05.10
디큐브 링크아트센터
류크 역","［피크닉#18］ 연극 〈2시 22분 - A GHOST STORY〉
2025.07.30 ~ 2025.07.31
세종문화회관 M씨어터
벤 역","연극 〈2시 22분 - A GHOST STORY〉
2025.07.05 ~ 2025.08.16
세종문화회관 M씨어터
벤 역","개청 30주년 기념 특별공연 '환어'
2025.01.24 ~ 2025.01.25
금나래아트홀
정조 역","부치하난
2024.09.17 ~ 2024.11.17
홍익대 대학로 아트센터 대극장
만다란투&하문 역"
79,산들,1992.03.20,,http://twitter.com/sandeul920320,actor_images\28655.gif," 데스노트(The Musical Death Note)
2025.10.14 ~ 2026.05.10
디큐브 링크아트센터
엘(L) 역","쿠로이 저택엔 누가 살고 있을까？
2024.10.29 ~ 2025.01.19
플러스씨어터
해웅 역","봄이 오는 소리
2024.02.23 ~ 2024.02.23
광운대학교 동해문화예술관 대극장","1976 할란카운티
2021.05.28 ~ 2021.07.04
충무아트센터 대극장
다니엘 역","셜록홈즈
2020.02.15 ~ 2020.03.08
광림아트센터 BBCH홀
클라이브 역"
80,장은아,1983.01.12,,http://twitter.com/artistJAS,actor_images\31519.gif,"WONDERLAND FESTIVAL 2025
2025.12.27 ~ 2026.01.11
경희대학교 평화의전당
4악장 역"," 데스노트(The Musical Death Note)
2025.10.14 ~ 2026.05.10
디큐브 링크아트센터
렘 역"," 〈프리다〉
2025.06.17 ~ 2025.09.07
NOL 유니플렉스 1관
레플레하 역","지저스 크라이스트 수퍼스타 - 부산
2025.01.17 ~ 2025.01.19
드림씨어터
마리아 역","지저스 크라이스트 수퍼스타
2024.11.07 ~ 2025.01.12
광림아트센터 BBCH홀
마리아 역"
81,최서연,,,,actor_images\31844.gif," 데스노트(The Musical Death Note)
2025.10.14 ~ 2026.05.10
디큐브 링크아트센터
미사 역","제19회 DIMF 창작지원작 〈히든러브〉 - 대구
2025.07.04 ~ 2025.07.06
대구북구 어울아트센터 대공연장 (함지홀)
조안나 역","2024 제9회 단단페스티벌 : 분장실청소
2024.11.06 ~ 2024.11.10
대학로 소극장 혜화당
여배우 역","드라큘라
2023.12.06 ~ 2024.03.03
샤롯데씨어터
루시 역","그날들 - 안성
2023.10.06 ~ 2023.10.07
안성맞춤아트홀 대공연장
그녀 역"
82,임규형,1993.01.11,팜트리아일랜드,http://www.instagram.com/limkh_ | http://cafe.naver.com/kyureat,actor_images\46002.gif," 데스노트(The Musical Death Note)
2025.10.14 ~ 2026.05.10
디큐브 링크아트센터
라이토 역"," 〈스웨그에이지 외쳐,조선!〉
2025.06.20 ~ 2025.08.31
홍익대 대학로 아트센터 대극장
단 역","소란스러운 나의 서림에서
2025.04.08 ~ 2025.06.21
et theatre 1 (이티 씨어터 원)
해준 역","디어 에반 핸슨
2024.03.28 ~ 2024.06.23
충무아트센터 대극장
에반 핸슨 역","윌리엄과 윌리엄의 윌리엄들
2023.03.08 ~ 2023.05.28
예스24아트원 2관
윌리엄 헨리 아일랜드 역"
83,조형균,1984.10.25,㈜알앤디웍스,http://gyuni-jungmiso.com/ | http://twitter.com/jodeanggyuni,actor_images\22946.gif,"WONDERLAND FESTIVAL 2025
2025.12.27 ~ 2026.01.11
경희대학교 평화의전당
4악장 역","헐리우드 인 크리스마스_부천
2025.12.25 ~ 2025.12.25
부천아트센터 콘서트홀","헐리우드 인 크리스마스
2025.12.21 ~ 2025.12.21
롯데콘서트홀"," 〈보니 앤 클라이드〉
2025.12.11 ~ 2026.03.02
홍익대 대학로 아트센터 대극장
클라이드 역"," 데스노트(The Musical Death Note)
2025.10.14 ~ 2026.05.10
디큐브 링크아트센터
라이토 역"
84,김민석,1991.08.26,,http://www.instagram.com/m_l_i_j_201 | http://www.instagram.com/melomance_official | http://www.facebook.com/melomance,actor_images\45000.gif," 데스노트(The Musical Death Note)
2025.10.14 ~ 2026.05.10
디큐브 링크아트센터
라이토 역"," 베르테르 25주년 공연 - 대구
2025.04.05 ~ 2025.04.06
계명아트센터
베르테르 역"," 베르테르 25주년 공연 - 부산
2025.03.29 ~ 2025.03.30
드림씨어터
베르테르 역"," 〈베르테르〉 25주년 공연
2025.01.17 ~ 2025.03.16
디큐브 링크아트센터
베르테르 역","하데스타운 한국 공연 - 부산
2024.10.18 ~ 2024.11.03
드림씨어터
오르페우스 역"
85,케이,1995.03.20,팜트리아일랜드,http://palmtree.is/artists/kei | http://www.instagram.com/_flower_kei,actor_images\41696.gif," 데스노트(The Musical Death Note)
2025.10.14 ~ 2026.05.10
디큐브 링크아트센터
미사 역","4월은 너의 거짓말
2024.06.28 ~ 2024.08.25
예술의전당 CJ 토월극장
미야조노 카오리 역","노트르담 드 파리 - 대구
2024.04.12 ~ 2024.04.21
계명아트센터
플뢰르 드 리스 역","팜트리아일랜드 갈라 콘서트
2022.09.23 ~ 2022.09.25
잠실실내체육관","데스노트
2022.07.01 ~ 2022.08.14
예술의전당 오페라극장
아마네 미사 역"
86,김수연,1993.07.23,,,actor_images\43175.gif," 〈렌트〉
2025.11.09 ~ 2026.02.22
코엑스아티움
모린 역","［피크닉#19］  〈웨이스티드〉
2025.08.27 ~ 2025.08.29
플러스씨어터
에밀리 역"," 〈웨이스티드〉 : 연극열전10_일곱 번째 작품
2025.08.06 ~ 2025.10.26
플러스씨어터
에밀리 역","프라이드 : 연극열전10_다섯 번째 작품
2025.03.29 ~ 2025.06.22
예스24아트원 2관
실비아 역","시라노
2024.12.06 ~ 2025.02.23
예술의전당 CJ 토월극장
록산 역"
87,은영호,,,,actor_images\56533.gif," 〈렌트〉
2025.11.09 ~ 2026.02.22
코엑스아티움
베니 역",,,,
88,이다솜,1990.02.23,,,actor_images\27002.gif," 〈렌트〉
2025.11.09 ~ 2026.02.22
코엑스아티움
Mrs. 제퍼슨 역","도그파이트
2018.06.01 ~ 2018.08.12
광림아트센터 BBCH홀
멀시 역","베어 더 
2017.11.28 ~ 2018.02.25
백암아트홀
타냐 역","꽃보다 남자
2017.02.24 ~ 2017.05.07
홍익대 대학로 아트센터
아사이 역
관객","마타하리
2016.03.25 ~ 2016.06.12
블루스퀘어 신한카드홀
앙상블
전문가"
89,정다희,,,,actor_images\30266.gif," 〈렌트〉
2025.11.09 ~ 2026.02.22
코엑스아티움
조앤 역","시지프스
2024.12.10 ~ 2025.03.02
예스24스테이지 2관
포엣 역","연남장 캬바레 - 오늘 처음 만드는 
2024.07.05 ~ 2024.08.31
연남장
배우2 역","바스커빌 : 셜록홈즈 미스터리
2024.03.28 ~ 2024.06.09
예스24아트원
홈즈 역","렌트
2023.11.11 ~ 2024.02.25
코엑스아티움
조앤 역"
90,김수하,1994.02.23,,http://instagram.com/soohakim23,actor_images\44617.gif," 〈렌트〉
2025.11.09 ~ 2026.02.22
코엑스아티움
미미 역"," 〈스웨그에이지 외쳐,조선!〉
2025.06.20 ~ 2025.08.31
홍익대 대학로 아트센터 대극장
진 역","WONDERLAND FESTIVAL 2024
2024.12.15 ~ 2024.12.16
경희대학교 평화의전당
12/16 MON 역","틱틱붐(tick, tick… BOOM!)
2024.11.16 ~ 2025.02.02
코엑스아티움
수잔 역","틱틱붐 - 쇼케이스
2024.10.29 ~ 2024.10.29
신한카드 SOL 페이 스퀘어 라이브홀
수잔 역"
91,조권,,,http://me2day.net/adamadams | http://twitter.com/2AMkwon,actor_images\22925.gif," 〈렌트〉
2025.11.09 ~ 2026.02.22
코엑스아티움
엔젤 역","조권 팬 콘서트 '조권의 팬은 어디 있나요? 좋은 조권에 모시겠습니다.'
2024.09.21 ~ 2024.09.22
백암아트홀","이블데드
2024.06.20 ~ 2024.09.01
NOL 유니플렉스
스캇 역","렌트
2023.11.11 ~ 2024.02.25
코엑스아티움
엔젤 역","정선아, 김호영, 조권 콘서트
2023.04.16 ~ 2023.04.16
롯데콘서트홀"
92,황순종,,,,actor_images\44400.gif," 〈렌트〉
2025.11.09 ~ 2026.02.22
코엑스아티움
엔젤 역","［피크닉#19］  〈웨이스티드〉
2025.08.27 ~ 2025.08.29
플러스씨어터
브랜웰 역"," 〈웨이스티드〉 : 연극열전10_일곱 번째 작품
2025.08.06 ~ 2025.10.26
플러스씨어터
브랜웰 역"," 〈차미〉
2025.05.29 ~ 2025.08.24
대학로 TOM(티오엠) 1관
김고대 역","라파치니의 정원
2025.02.26 ~ 2025.02.28
플러스씨어터
지오바니 역"
93,이해준,1988.12.04,,http://www.instagram.com/2haejuni/,actor_images\35302.gif," 〈렌트〉
2025.11.09 ~ 2026.02.22
코엑스아티움
로저 역","WONDERLAND FESTIVAL 2024
2024.12.15 ~ 2024.12.16
경희대학교 평화의전당
12/16 MON 역","틱틱붐(tick, tick… BOOM!)
2024.11.16 ~ 2025.02.02
코엑스아티움
존 역","틱틱붐 - 쇼케이스
2024.10.29 ~ 2024.10.29
신한카드 SOL 페이 스퀘어 라이브홀
존 역","브랜든 리  심포니 콘서트
2024.09.28 ~ 2024.09.28
롯데콘서트홀"
94,양희준,,,,actor_images\41874.gif," 〈렌트〉
2025.11.09 ~ 2026.02.22
코엑스아티움
마크 역"," 〈스웨그에이지 외쳐,조선!〉
2025.06.20 ~ 2025.08.31
홍익대 대학로 아트센터 대극장
단 역","틱틱붐(tick, tick… BOOM!)
2024.11.16 ~ 2025.02.02
코엑스아티움
마이클 역","틱틱붐 - 쇼케이스
2024.10.29 ~ 2024.10.29
신한카드 SOL 페이 스퀘어 라이브홀
마이클 역","타오르는 어둠 속에서
2023.08.26 ~ 2023.11.26
링크아트센터 페이코홀
까를로스 역"
95,장지후,1988.06.28,,,actor_images\40830.gif," 〈렌트〉
2025.11.09 ~ 2026.02.22
코엑스아티움
콜린 역","브로드웨이 42번가 - 부산
2025.10.17 ~ 2025.10.19
드림씨어터
빌리 로러 역"," 브로드웨이 42번가 -울산
2025.09.26 ~ 2025.09.28
HD아트센터 대공연장
빌리 로러 역"," 〈브로드웨이 42번가〉
2025.07.10 ~ 2025.09.14
샤롯데씨어터
빌리 로러 역","구텐버그
2025.04.30 ~ 2025.07.20
플러스씨어터
더그 사이먼 역"
96,진태화,1988.01.01,팜트리아일랜드,http://palmtree.is/artists/jin-tae-hwa | http://www.instagram.com/j__t.h | http://www.facebook.com/cjestaehwa,actor_images\38583.gif," 〈렌트〉
2025.11.09 ~ 2026.02.22
코엑스아티움
마크 역"," 〈스웨그에이지 외쳐,조선!〉
2025.06.20 ~ 2025.08.31
홍익대 대학로 아트센터 대극장
십주 역","라이카
2025.03.14 ~ 2025.05.18
두산아트센터 연강홀
장미 역"," '이프덴'
2024.12.03 ~ 2025.03.02
홍익대 대학로 아트센터 대극장
조쉬 역","보이즈 인 더 밴드
2024.10.08 ~ 2024.12.29
링크아트센터드림 드림3관
해롤드 역"
97,솔지,,,,actor_images\12449.gif," 〈렌트〉
2025.11.09 ~ 2026.02.22
코엑스아티움
미미 역","영웅 - 15주년
2024.05.29 ~ 2024.08.11
세종문화회관 대극장
설희 역","여섯 여왕과 함께하는 여민락콘서트 - 세종
2023.05.31 ~ 2023.05.31
세종예술의전당(세종특별자치시)","식스 더 
2023.03.31 ~ 2023.06.25
코엑스아티움
하워드 역","보이스메이트
2008.12.30 ~ 2008.12.30
KT&G 상상마당 라이브홀"
98,김려원,,,http://www.gleamartist.com/kim-ryeo-won,actor_images\36044.gif,"WONDERLAND FESTIVAL 2025
2025.12.27 ~ 2026.01.11
경희대학교 평화의전당
4악장 역"," 〈렌트〉
2025.11.09 ~ 2026.02.22
코엑스아티움
모린 역"," 〈마리 퀴리〉
2025.07.25 ~ 2025.10.19
광림아트센터 BBCH홀
마리 퀴리 역","보이스 오브 햄릿
2025.05.16 ~ 2025.06.28
국립극장 하늘극장
햄릿 역","라흐 헤스트
2025.03.25 ~ 2025.06.15
예스24스테이지 1관
향안 역"
99,구준모,1991.02.25,,,actor_images\36154.gif," 〈렌트〉
2025.11.09 ~ 2026.02.22
코엑스아티움
베니 역","세일즈맨의 죽음
2025.04.19 ~ 2025.04.19
노원문화예술회관 대공연장
버나드 역","세일즈맨의 죽음 - 대구
2025.03.21 ~ 2025.03.22
아양아트센터 아양홀
버나드 역","세일즈맨의 죽음
2025.01.07 ~ 2025.03.03
세종문화회관 M씨어터
버나드 역","에밀
2024.06.11 ~ 2024.09.01
예스24스테이지 3관
클로드 역"
100,황건하,1997.08.07,,http://plent.co.kr/artists/hwang-gun-ha,actor_images\47640.gif," 〈렌트〉
2025.11.09 ~ 2026.02.22
코엑스아티움
콜린 역","제9회 월드비전과 함께하는 The Gift
2024.11.12 ~ 2024.11.12
예술의전당 콘서트홀","오페라의 유령
2023.07.21 ~ 2023.11.19
샤롯데씨어터
라울 역","어차피 혼자
2022.09.06 ~ 2022.11.20
홍익대 대학로 아트센터 대극장
서산 역","크리스마스 콘서트 - 대전
2021.12.25 ~ 2021.12.26
대전예술의전당 아트홀"
101,이홍기,,,http://twitter.com/skullhong,actor_images\15363.gif," 슈가 〈SUGAR〉
2025.12.12 ~ 2026.02.22
한전아트센터
조/죠세핀 역","4월은 너의 거짓말
2024.06.28 ~ 2024.08.25
예술의전당 CJ 토월극장
아리마 코세이 역","할란카운티
2023.05.16 ~ 2023.07.16
한전아트센터
다니엘 역","마타하리
2022.05.28 ~ 2022.08.15
샤롯데씨어터
아르망 역","잭 더 리퍼
2021.12.03 ~ 2022.02.05
한전아트센터
다니엘 역"
102,김봉환,,,,actor_images\3873.jpg," 슈가 〈SUGAR〉
2025.12.12 ~ 2026.02.22
한전아트센터
오스굿 역","［NOL 스페셜 스테이지］ 지킬앤하이드 (Jekyll ＆ Hyde) - 20주년
2025.05.01 ~ 2025.05.11
블루스퀘어 신한카드홀
댄버스 경 역","지킬앤하이드 - 20주년
2024.11.29 ~ 2025.05.18
블루스퀘어 신한카드홀
댄버스 경 역","영웅
2023.03.17 ~ 2023.05.21
블루스퀘어 신한카드홀
김내관 역","지킬 앤 하이드 - 진주
2022.07.22 ~ 2022.07.24
경남문화예술회관 대공연장
댄버스 역"
103,솔라,1991.02.21,,,actor_images\42695.gif," 슈가 〈SUGAR〉
2025.12.12 ~ 2026.02.22
한전아트센터
슈가 역","마타하리
2024.12.05 ~ 2025.03.02
LG아트센터 서울 LG SIGNATURE 홀
마타하리 역","노트르담 드 파리 한국어버전 - 대전
2024.06.07 ~ 2024.06.09
대전예술의전당 아트홀
에스메랄다 역","솔라(Solar) 콘서트
2024.06.01 ~ 2024.06.02
블루스퀘어 SOL트래블홀","노트르담 드 파리 - 대구
2024.04.12 ~ 2024.04.21
계명아트센터
에스메랄다 역"
104,양서윤,1991.10.07,팜트리아일랜드,http://palmtree.is/artists/yang-seo-yoon | http://www.instagram.com/yangshine_,actor_images\38501.gif,,,,,
105,엄기준,(음력) 1976.03.23,,http://ent.ihq.co.kr/starhome/?oidStarHome=52 | http://instagram.com/werther777,actor_images\4225.gif," 슈가 〈SUGAR〉
2025.12.12 ~ 2026.02.22
한전아트센터
조/죠세핀 역","시련
2025.04.09 ~ 2025.04.27
예술의전당 CJ 토월극장
존 프락터 역"," 베르테르 25주년 공연 - 대구
2025.04.05 ~ 2025.04.06
계명아트센터
베르테르 역"," 베르테르 25주년 공연 - 부산
2025.03.29 ~ 2025.03.30
드림씨어터
베르테르 역","광화문연가 - 대구
2025.03.08 ~ 2025.03.09
계명아트센터
명우 역"
106,남우현,1991.02.08,,http://www.ifnt7.com/ | http://twitter.com/wowwh,actor_images\27537.gif," 슈가 〈SUGAR〉
2025.12.12 ~ 2026.02.22
한전아트센터
조/죠세핀 역","SOMEDAY PLEROMA 2025
2025.06.28 ~ 2025.06.28
킨텍스 제2전시장 10홀","블러디 러브 - 성남
2025.04.18 ~ 2025.04.20
성남아트센터 오페라하우스
디미트루 역","블러디 러브
2024.12.07 ~ 2025.02.16
한전아트센터
디미트루 역","메가필드뮤직페스티벌 2024
2024.06.15 ~ 2024.06.16
난지한강공원 젊음의 광장"
107,조남희,,,,actor_images\4220.jpg," 슈가 〈SUGAR〉
2025.12.12 ~ 2026.02.22
한전아트센터
오스굿 역","5! 해피맨
2024.05.17 ~ 2024.07.27
더굿씨어터
베네딕트 역","셜록홈즈
2023.09.14 ~ 2023.11.12
두산아트센터 연강홀
포비 앤더슨 역","여명의 눈동자 - 구리
2021.12.04 ~ 2021.12.04
구리아트홀 코스모스 대극장
윤홍철 역","여명의 눈동자 - 익산
2021.10.16 ~ 2021.10.16
익산예술의전당 대공연장
윤홍철 역"
108,유연정,,,http://www.instagram.com/uyj__0803,actor_images\48995.gif," 슈가 〈SUGAR〉
2025.12.12 ~ 2026.02.22
한전아트센터
슈가 역"," 〈프리다〉
2025.06.17 ~ 2025.09.07
NOL 유니플렉스 1관
메모리아 역","리지
2024.09.14 ~ 2024.10.06
두산아트센터 연강홀
앨리스 러셀 역","리지
2024.09.14 ~ 2024.12.01
두산아트센터 연강홀
앨리스 러셀 역","그레이트 코멧
2024.03.26 ~ 2024.06.16
유니버설아트센터
나타샤 역"
109,김법래,1970.07.24,,http://cafe.naver.com/musicalbos | http://twitter.com/portos724 | http://www.youtube.com/@publae,actor_images\3998.gif," 슈가 〈SUGAR〉
2025.12.12 ~ 2026.02.22
한전아트센터
제리/다프네 역","블러디 러브 - 성남
2025.04.18 ~ 2025.04.20
성남아트센터 오페라하우스
드라큘라 역","블러디러브 - 부산
2025.04.12 ~ 2025.04.13
부산시민회관 대극장
드라큘라 역","블러디 러브
2024.12.07 ~ 2025.02.16
한전아트센터
드라큘라 역","엄유민법 콘서트
2024.09.29 ~ 2024.09.29
롯데콘서트홀"
110,송원근,1982.12.17,,http://www.managementrun.co.kr/ | http://www.instagram.com/swg_1126 | http://cafe.daum.net/R-UN,actor_images\22136.gif," 〈레드북〉 - 수원
2026.02.06 ~ 2026.02.08
경기아트센터 대극장
브라운 역"," 〈레드북〉 - 부산
2026.01.30 ~ 2026.02.01
드림씨어터
브라운 역"," 〈레드북〉 - 세종시
2026.01.23 ~ 2026.01.25
세종예술의전당(세종특별자치시)
브라운 역"," 〈레드북〉 - 대구
2026.01.16 ~ 2026.01.18
대구오페라하우스
브라운 역"," 〈레드북〉 - 용인
2026.01.09 ~ 2026.01.11
용인포은아트홀
브라운 역"
111,정택운,1990.11.10,젤리피쉬엔터테인먼트㈜,http://www.realvixx.com/ | http://twitter.com/J_TAEKWOON,actor_images\34313.gif,"WONDERLAND FESTIVAL 2025
2025.12.27 ~ 2026.01.11
경희대학교 평화의전당
1악장 역"," 슈가 〈SUGAR〉
2025.12.12 ~ 2026.02.22
한전아트센터
조/죠세핀 역"," 〈멤피스〉 - 성남
2025.10.18 ~ 2025.10.19
성남아트센터 오페라하우스
휴이 역"," 〈멤피스〉
2025.06.17 ~ 2025.09.21
충무아트센터 대극장
휴이 역","테베랜드
2024.11.20 ~ 2025.02.09
충무아트센터 중극장 블랙
마르틴＆페데리코 역"
112,이지수,,,,actor_images\29583.gif," 〈한복 입은 남자〉
2025.12.02 ~ 2026.03.08
충무아트센터 대극장
정의공주&엘레나 역"," 〈르 마스크〉
2025.08.06 ~ 2025.11.09
et theatre 1 (이티 씨어터 원)
레오니 역","소란스러운 나의 서림에서
2025.04.08 ~ 2025.06.21
et theatre 1 (이티 씨어터 원)
양희 역","젠틀맨스 가이드 : 사랑과 살인편 - 대구
2024.12.20 ~ 2024.12.25
계명아트센터
피비 다이스퀴스 역","시라노
2024.12.06 ~ 2025.02.23
예술의전당 CJ 토월극장
록산 역"
113,박형규,,,,actor_images\19895.gif," 〈한복 입은 남자〉
2025.12.02 ~ 2026.03.08
충무아트센터 대극장
만복&토스카넬리 역"," 〈원스〉
2025.02.19 ~ 2025.05.31
코엑스아티움
Eamon 역","왕의 나라 3 나는 독립군이다
2024.08.15 ~ 2024.08.17
안동 탈춤공원 야외특설무대
김동삼 역","바람이 불어오는 곳 - 김해
2019.10.04 ~ 2019.10.05
김해문화의전당 마루홀
이풍세 역","바람이 불어오는 곳
2018.11.16 ~ 2019.01.27
NOL 유니플렉스 2관
이풍세 역"
114,손의완,,,,actor_images\8013.gif," 〈한복 입은 남자〉
2025.12.02 ~ 2026.03.08
충무아트센터 대극장
미령&파올라 역","마리 앙투아네트
2024.02.27 ~ 2024.05.26
디큐브 링크아트센터
마담 랑발 역","아마데우스
2023.02.12 ~ 2023.04.11
세종문화회관 M씨어터
카테리나 카발리에리 역","엘리자벳
2022.08.30 ~ 2022.11.13
블루스퀘어 신한카드홀
앙상블","레베카
2021.11.16 ~ 2022.02.28
충무아트센터 대극장
앙상블"
115,고은성,,,http://www.instagram.com/musical.ko,actor_images\26675.gif," 〈한복 입은 남자〉
2025.12.02 ~ 2026.03.08
충무아트센터 대극장
영실&강배 역"," 〈멤피스〉 - 성남
2025.10.18 ~ 2025.10.19
성남아트센터 오페라하우스
휴이 역"," 〈멤피스〉
2025.06.17 ~ 2025.09.21
충무아트센터 대극장
휴이 역","시라노
2024.12.06 ~ 2025.02.23
예술의전당 CJ 토월극장
시라노 역","베르사유의 장미
2024.07.16 ~ 2024.10.13
충무아트센터 대극장
앙드레 그랑디에 역"
116,최지혜,,더블케이필름앤씨어터,,actor_images\46728.gif," 〈한복 입은 남자〉
2025.12.02 ~ 2026.03.08
충무아트센터 대극장
정의공주&엘레나 역","［NOL 스페셜 스테이지］  〈알라딘〉 한국 초연 - 부산 (ALADDIN The Musical)
2025.08.15 ~ 2025.08.17
드림씨어터
자스민 역"," 〈알라딘〉 한국 초연 (ALADDIN The Musical) - 부산
2025.07.11 ~ 2025.09.28
드림씨어터
자스민 역","［인터파크 스테이지］알라딘 한국 초연
2025.04.12 ~ 2025.04.16
샤롯데씨어터
자스민 역"," 〈알라딘〉 한국 초연 (ALADDIN The Musical)
2024.11.22 ~ 2025.06.22
샤롯데씨어터
자스민 역"
117,카이,1981.12.05,EMK엔터테인먼트,http://www.yourkai.com/ | http://www.instagram.com/official_yourkai,actor_images\18104.gif," 〈한복 입은 남자〉
2025.12.02 ~ 2026.03.08
충무아트센터 대극장
세종&진석 역","〈팬텀〉 10주년 기념 공연
2025.05.31 ~ 2025.08.11
세종문화회관 대극장
팬텀 역","헐리우드 영화음악 콘서트 Op.1(카이,정선아)
2025.03.16 ~ 2025.03.16
롯데콘서트홀","헐리우드 영화음악 시리즈 Op.1(카이,이지혜)
2025.03.15 ~ 2025.03.15
롯데콘서트홀"," 갈라 콘서트: Winter’s Melody
2024.12.24 ~ 2024.12.24
영등포아트홀"
118,최민철,1976.11.09,PL엔터테인먼트,http://cafe.daum.net/czolgosz | http://twitter.com/jekyll8749,actor_images\259.gif," 〈한복 입은 남자〉
2025.12.02 ~ 2026.03.08
충무아트센터 대극장
정화대장&마 교수 역"," 〈멤피스〉 - 성남
2025.10.18 ~ 2025.10.19
성남아트센터 오페라하우스
델레이 역"," 〈멤피스〉
2025.06.17 ~ 2025.09.21
충무아트센터 대극장
델레이 역","마타하리
2024.12.05 ~ 2025.03.02
LG아트센터 서울 LG SIGNATURE 홀
라두 역","노트르담 드 파리 한국어버전 - 대전
2024.06.07 ~ 2024.06.09
대전예술의전당 아트홀
프롤로 역"
119,김대호,1988.03.22,,http://www.instagram.com/kim.dae_ho,actor_images\39780.gif," 〈한복 입은 남자〉
2025.12.02 ~ 2026.03.08
충무아트센터 대극장
이암&교황 역","바스커빌 : 셜록홈즈 미스터리 Chapter2
2024.06.22 ~ 2025.03.09
예스24아트원 3관
멀티1 역","몬테크리스토
2023.11.21 ~ 2024.02.25
충무아트센터 대극장
당글라스 역","번지점프를 하다
2022.06.22 ~ 2022.08.21
홍익대 대학로 아트센터 대극장
기석 역","그레이트 코멧
2021.03.20 ~ 2021.05.30
유니버설아트센터
발라가 역"
120,김주호,,,,actor_images\22003.gif,"은밀하게 위대하게:THE LAST-10주년 기념
2026.01.30 ~ 2026.04.26
NOL 씨어터 대학로 우리카드홀
김태원 역"," 〈한복 입은 남자〉
2025.12.02 ~ 2026.03.08
충무아트센터 대극장
이암&교황 역","베어 더  (bare the musical)
2025.06.03 ~ 2025.09.14
두산아트센터 연강홀
신부 역","마타하리
2024.12.05 ~ 2025.03.02
LG아트센터 서울 LG SIGNATURE 홀
팽르베 역","엔젤스 인 아메리카 - 파트원:밀레니엄이 다가온다
2024.08.06 ~ 2024.09.28
LG아트센터 서울 LG SIGNATURE 홀
로이콘 역"
121,전동석,1988.02.06,,http://club.cyworld.com/gring,actor_images\16138.gif," 〈한복 입은 남자〉
2025.12.02 ~ 2026.03.08
충무아트센터 대극장
영실&강배 역","〈팬텀〉 10주년 기념 공연
2025.05.31 ~ 2025.08.11
세종문화회관 대극장
팬텀 역","지킬앤하이드 - 20주년
2024.11.29 ~ 2025.05.18
블루스퀘어 신한카드홀
지킬 / 하이드 역","프랑켄슈타인 - 10주년
2024.06.05 ~ 2024.08.25
블루스퀘어 신한카드홀
빅터 프랑켄슈타인&자크 역","헤드윅
2024.03.22 ~ 2024.06.23
샤롯데씨어터
헤드윅 역"
122,김연준,1994.09.21,,,actor_images\42751.gif," 〈한복 입은 남자〉
2025.12.02 ~ 2026.03.08
충무아트센터 대극장
미령&파올라 역","마타하리
2024.12.05 ~ 2025.03.02
LG아트센터 서울 LG SIGNATURE 홀
키레예브스키 역","몬테크리스토
2023.11.21 ~ 2024.02.25
충무아트센터 대극장
앙상블","베토벤 2
2023.04.14 ~ 2023.05.15
세종문화회관 대극장
앙상블","베토벤
2023.01.12 ~ 2023.03.26
예술의전당 오페라극장
앙상블"
123,신성록,1982.11.23,,http://shinsungrok.sidushq.com/ | http://cafe.daum.net/shinsungrok/ | http://cafe.daum.net/shinsungrok/ | http://twitter.com/mnnrock9999,actor_images\3676.jpg,"WONDERLAND FESTIVAL 2025
2025.12.27 ~ 2026.01.11
경희대학교 평화의전당
4악장 역"," 〈한복 입은 남자〉
2025.12.02 ~ 2026.03.08
충무아트센터 대극장
세종&진석 역","2025 신성록 콘서트 HIGHLIGHT
2025.09.20 ~ 2025.09.21
코엑스아티움"," 지킬앤하이드 (Jekyll ＆ Hyde) 20주년 - 부산
2025.06.08 ~ 2025.06.15
드림씨어터
지킬/하이드 역","보이스 오브 햄릿
2025.05.16 ~ 2025.06.28
국립극장 하늘극장
햄릿 역"
124,윤선용,,,,actor_images\12072.gif," 〈한복 입은 남자〉
2025.12.02 ~ 2026.03.08
충무아트센터 대극장
만복&토스카넬리 역","［NOL 스페셜 스테이지］  〈알라딘〉 한국 초연 - 부산 (ALADDIN The Musical)
2025.08.15 ~ 2025.08.17
드림씨어터
김옹/이몽룡 역"," 〈알라딘〉 한국 초연 (ALADDIN The Musical) - 부산
2025.07.11 ~ 2025.09.28
드림씨어터
자파 역","［인터파크 스테이지］알라딘 한국 초연
2025.04.12 ~ 2025.04.16
샤롯데씨어터
자파 역"," 〈알라딘〉 한국 초연 (ALADDIN The Musical)
2024.11.22 ~ 2025.06.22
샤롯데씨어터
자파 역"
125,민영기,1973.12.18,EMK엔터테인먼트,http://www.minyoungki.com/ | http://twitter.com/poimin73,actor_images\3732.jpg," 〈맘마미아!〉 - 용인
2026.01.23 ~ 2026.01.25
용인포은아트홀
해리 역"," 〈맘마미아!〉 - 대전
2026.01.16 ~ 2026.01.18
대전예술의전당 아트홀
해리 역"," 〈맘마미아!〉 - 안산
2025.12.26 ~ 2025.12.28
안산문화예술의전당 해돋이극장
해리 역"," 〈맘마미아〉 - 고양
2025.12.19 ~ 2025.12.21
고양아람누리 아람극장
해리 역"," 〈맘마미아!〉 - 부산
2025.12.12 ~ 2025.12.14
부산시민회관 대극장
해리 역"
126,박은태,1981.06.14,,http://cafe.naver.com/silverbell1029,actor_images\4004.gif," 〈한복 입은 남자〉
2025.12.02 ~ 2026.03.08
충무아트센터 대극장
영실&강배 역","매디슨 카운티의 다리
2025.05.01 ~ 2025.07.13
광림아트센터 BBCH홀
로버트 킨케이드 역","웃는남자 - 성남
2025.04.09 ~ 2025.04.12
성남아트센터 오페라하우스
그윈플렌 역","지저스 크라이스트 수퍼스타 - 부산
2025.01.17 ~ 2025.01.19
드림씨어터
지저스 역","웃는 남자
2025.01.09 ~ 2025.03.09
예술의전당 오페라극장
그윈플렌 역"
127,최민우,1992.05.01,,http://www.instagram.com/carter_minnu | http://m.cafe.daum.net/carter-minnu./_rec,actor_images\42625.gif," 〈제임스 바이런 딘〉
2026.01.09 ~ 2026.03.01
극장 온
바이런 역","어른이  〈난쟁이들〉
2025.11.05 ~ 2026.03.01
플러스씨어터
찰리 역","구텐버그
2025.04.30 ~ 2025.07.20
플러스씨어터
더그 사이먼 역","여신님이 보고 계셔
2024.11.26 ~ 2025.03.03
NOL 유니플렉스 1관
변주화 역","조로: 액터뮤지션
2024.09.11 ~ 2024.11.17
NOL 유니플렉스
조로/디에고 역"
128,박슬기,,,,actor_images\46696.gif,"어른이  〈난쟁이들〉
2025.11.05 ~ 2026.03.01
플러스씨어터
인어공주 역","스탠드 업  - 방구석 
2024.09.29 ~ 2024.12.08
링크아트센터드림 드림4관
지금이 역","시데레우스
2024.07.24 ~ 2024.10.13
플러스씨어터
마리아 역","섬 : 1933~2019
2024.05.22 ~ 2024.07.07
국립정동극장
목소리1 역","이상한 나라의 아빠
2024.01.28 ~ 2024.03.03
예술의전당 자유소극장
주영 역"
129,선한국,1991.03.14,,http://www.instagram.com/sunkorea91,actor_images\36710.gif,"어른이  〈난쟁이들〉
2025.11.05 ~ 2026.03.01
플러스씨어터
왕자1 역"," 〈번 더 위치〉
2025.07.08 ~ 2025.10.12
홍익대 대학로 아트센터 소극장
블랭크&딜런 역","구텐버그
2025.04.30 ~ 2025.07.20
플러스씨어터
버드 대븐포트 역","배니싱
2025.02.04 ~ 2025.05.25
링크아트센터 페이코홀
의신 역","미아 파밀리아
2024.12.19 ~ 2025.03.23
링크아트센터드림 드림1관
오스카 역"
130,이건희,1990.07.17,,,actor_images\39229.gif,"어른이  〈난쟁이들〉
2025.11.05 ~ 2026.03.01
플러스씨어터
왕자3 역","이블데드
2024.06.20 ~ 2024.09.01
NOL 유니플렉스
에드 역","난쟁이들
2023.11.01 ~ 2024.01.21
플러스씨어터
왕자3 역","머더러
2019.09.20 ~ 2019.11.17
대학로 TOM(티오엠) 2관
새끼여우 역","찰리브라운 - 정선
2018.10.11 ~ 2018.12.09
하이원리조트 카사시네마
라이너스 역"
131,이경욱,,,,actor_images\3563.jpg," 〈미세스 다웃파이어〉 - 진주
2026.01.31 ~ 2026.02.01
경상남도문화예술회관 대공연장
안드레 역"," 〈미세스 다웃파이어〉 - 수원
2026.01.17 ~ 2026.01.18
경기아트센터 대극장
안드레 역"," 〈미세스 다웃파이어〉 - 인천
2026.01.10 ~ 2026.01.11
인천문화예술회관 대공연장
안드레 역","2025  〈미세스 다웃파이어〉 - 천안
2025.12.27 ~ 2025.12.28
천안예술의전당 대공연장
안드레 역","어른이  〈난쟁이들〉
2025.11.05 ~ 2026.03.01
플러스씨어터
왕자1 역"
132,서동진,,,http://cafe.naver.com/dongjinseo,actor_images\27001.gif," 〈미세스 다웃파이어〉 - 진주
2026.01.31 ~ 2026.02.01
경상남도문화예술회관 대공연장
안드레 역","은밀하게 위대하게:THE LAST-10주년 기념
2026.01.30 ~ 2026.04.26
NOL 씨어터 대학로 우리카드홀
리해랑 역"," 〈미세스 다웃파이어〉 - 수원
2026.01.17 ~ 2026.01.18
경기아트센터 대극장
안드레 역"," 〈미세스 다웃파이어〉 - 인천
2026.01.10 ~ 2026.01.11
인천문화예술회관 대공연장
안드레 역"," 〈미세스 다웃파이어〉 - 대구
2026.01.03 ~ 2026.01.04
대구오페라하우스
안드레 역"
133,신주협,1993.12.01,,,actor_images\41873.gif,"어른이  〈난쟁이들〉
2025.11.05 ~ 2026.03.01
플러스씨어터
찰리 역"," 〈데카브리〉
2025.09.10 ~ 2025.11.30
NOL 서경스퀘어 스콘 1관
아카키 역","니진스키
2025.03.25 ~ 2025.06.15
예스24아트원 1관
니진스키 역","스타크로스드
2024.12.10 ~ 2025.03.02
예스24스테이지 3관
머큐쇼 역","2024 연극만원4 〈웃음의 대학〉
2024.07.05 ~ 2024.07.07
성남아트센터 앙상블시어터"
134,조풍래,,,,actor_images\33256.gif," 〈레드북〉 - 부산
2026.01.30 ~ 2026.02.01
드림씨어터
로렐라이 역"," 〈레드북〉 - 대구
2026.01.16 ~ 2026.01.18
대구오페라하우스
로렐라이 역","어른이  〈난쟁이들〉
2025.11.05 ~ 2026.03.01
플러스씨어터
빅 역"," 〈레드북〉
2025.09.23 ~ 2025.12.07
유니버설아트센터
로렐라이 역"," 〈플레임즈〉
2025.06.26 ~ 2025.09.14
대학로 SH 아트홀
에드몬드 역"
135,김도하,1993.09.12,,,actor_images\44854.gif,"어른이  〈난쟁이들〉
2025.11.05 ~ 2026.03.01
플러스씨어터
왕자2/신데렐라 역","니진스키
2025.03.25 ~ 2025.06.15
예스24아트원 1관
스트라빈스키 역","여신님이 보고 계셔
2024.11.26 ~ 2025.03.03
NOL 유니플렉스 1관
변주화 역","이머시브  ＇흔해빠진일＇
2024.07.27 ~ 2024.08.18
LG아트센터 서울 U+ 스테이지
햄릿 역","드라큘라
2023.12.06 ~ 2024.03.03
샤롯데씨어터
렌필드 역"
136,신창주,,,,actor_images\25157.gif,"어른이  〈난쟁이들〉
2025.11.05 ~ 2026.03.01
플러스씨어터
왕자3 역","［피크닉#10］  〈카포네 밀크〉
2025.01.21 ~ 2025.01.23
예스24아트원 1관
찰리 역","카포네 밀크
2024.12.18 ~ 2025.03.09
예스24아트원 1관
찰리 역"," '미남당' 트라이아웃
2024.10.17 ~ 2024.11.09
더굿씨어터
장회장 역","홍련
2024.07.30 ~ 2024.10.20
대학로 자유극장
강림 역"
137,남민우,1994.04.18,,http://www.instagram.com/mimunam,actor_images\48250.gif,"어른이  〈난쟁이들〉
2025.11.05 ~ 2026.03.01
플러스씨어터
왕자2/신데렐라 역","너의 결혼식
2025.03.20 ~ 2025.06.08
NOL 유니플렉스 1관
구공자 역","쿠로이 저택엔 누가 살고 있을까？
2024.10.29 ~ 2025.01.19
플러스씨어터
노다/장군귀신 역","난쟁이들
2023.11.01 ~ 2024.01.21
플러스씨어터
왕자2 역","미드나잇
2022.12.15 ~ 2022.12.31
이화여고 100주년 기념관 화암홀
비지터 역"
138,박시인,1992.08.18,,http://www.facebook.com/siin.park,actor_images\38821.gif,"어른이  〈난쟁이들〉
2025.11.05 ~ 2026.03.01
플러스씨어터
백설공주 역"," 〈설공찬〉
2025.09.09 ~ 2025.10.26
KT&G 상상마당 대치아트홀
설초희 역"," 〈프리다〉
2025.06.17 ~ 2025.09.07
NOL 유니플렉스 1관
메모리아 역","쿠로이 저택엔 누가 살고 있을까？
2024.10.29 ~ 2025.01.19
플러스씨어터
가네코/아기귀신 역","4월은 너의 거짓말
2024.06.28 ~ 2024.08.25
예술의전당 CJ 토월극장
사와베 츠바키 역"
139,안상은,1990.07.02,,,actor_images\27632.gif,"어른이  〈난쟁이들〉
2025.11.05 ~ 2026.03.01
플러스씨어터
백설공주 역","이블데드
2024.06.20 ~ 2024.09.01
NOL 유니플렉스
애니/셀리 역","난쟁이들
2023.11.01 ~ 2024.01.21
플러스씨어터
백설공주 역","앤
2019.11.30 ~ 2020.01.05
브릭스씨어터
앤3/루비 역","젊음의 행진
2018.03.13 ~ 2018.05.27
충무아트센터 대극장
왕영은 역
관객"
140,박새힘,,,,actor_images\47350.gif,"어른이  〈난쟁이들〉
2025.11.05 ~ 2026.03.01
플러스씨어터
인어공주 역"," 〈차미〉
2025.05.29 ~ 2025.08.24
대학로 TOM(티오엠) 1관
차미 역","소란스러운 나의 서림에서
2025.04.08 ~ 2025.06.21
et theatre 1 (이티 씨어터 원)
양희 역","광화문연가 - 대구
2025.03.08 ~ 2025.03.09
계명아트센터
과거 수아 역","광화문연가 - 대전
2025.03.01 ~ 2025.03.02
대전예술의전당 아트홀
과거 수아 역"
141,김세진,1996.07.27,,http://www.instagram.com/7im._.sj,actor_images\56314.gif,"어른이  〈난쟁이들〉
2025.11.05 ~ 2026.03.01
플러스씨어터
왕자1 역","시라노
2024.12.06 ~ 2025.02.23
예술의전당 CJ 토월극장
앙상블","프랑켄슈타인 - 10주년
2024.06.05 ~ 2024.08.25
블루스퀘어 신한카드홀
앙상블","벤허
2023.09.02 ~ 2023.11.19
LG아트센터 서울 LG SIGNATURE 홀
앙상블","친정엄마
2023.03.28 ~ 2023.06.04
디큐브 링크아트센터
앙상블"
142,류제윤,,,,actor_images\7615.gif,"어른이  〈난쟁이들〉
2025.11.05 ~ 2026.03.01
플러스씨어터
빅 역"," 〈다시, 동물원〉
2025.06.26 ~ 2025.09.14
동덕여대 공연예술센터 코튼홀
김창기 역","Behind the Moon 쇼케이스
2024.07.20 ~ 2024.07.22
충무아트센터 중극장 블랙
마이클 콜린스 역","섬 : 1933~2019
2024.05.22 ~ 2024.07.07
국립정동극장
목소리8 역","난쟁이들
2023.11.01 ~ 2024.01.21
플러스씨어터
빅 역"
143,기세중,1990.10.17,,http://cafe.naver.com/kisejung,actor_images\34789.gif,"어른이  〈난쟁이들〉
2025.11.05 ~ 2026.03.01
플러스씨어터
찰리 역","브로드웨이 42번가 - 부산
2025.10.17 ~ 2025.10.19
드림씨어터
빌리 로러 역"," 브로드웨이 42번가 -울산
2025.09.26 ~ 2025.09.28
HD아트센터 대공연장
빌리 로러 역"," 〈브로드웨이 42번가〉
2025.07.10 ~ 2025.09.14
샤롯데씨어터
빌리 로러 역","구텐버그
2025.04.30 ~ 2025.07.20
플러스씨어터
버드 대븐포트 역"
144,박혜미,,,,actor_images\8457.gif," 〈비틀쥬스〉
2025.12.16 ~ 2026.03.22
LG아트센터 서울 LG SIGNATURE 홀
바바라 역","베르사유의 장미
2024.07.16 ~ 2024.10.13
충무아트센터 대극장
마담 드 폴리냑 역","베르사유의 장미
2023.12.02 ~ 2023.12.03
LG아트센터 서울 LG SIGNATURE 홀
폴리냑 역","마틸다
2022.10.05 ~ 2023.02.26
디큐브 링크아트센터
미스 허니 역","마리 앙투아네트
2021.07.13 ~ 2021.10.03
샤롯데씨어터
마담 랑발 역"
145,정성화,1975.01.02,,http://cafe.daum.net/sunghwaworld/ | http://twitter.com/denniking,actor_images\3719.jpg," 〈미세스 다웃파이어〉 - 진주
2026.01.31 ~ 2026.02.01
경상남도문화예술회관 대공연장
다니엘&다웃파이어 역"," 〈미세스 다웃파이어〉 - 수원
2026.01.17 ~ 2026.01.18
경기아트센터 대극장
다니엘&다웃파이어 역"," 〈미세스 다웃파이어〉 - 인천
2026.01.10 ~ 2026.01.11
인천문화예술회관 대공연장
다니엘&다웃파이어 역"," 〈미세스 다웃파이어〉 - 대구
2026.01.03 ~ 2026.01.04
대구오페라하우스
다니엘&다웃파이어 역","2025  〈미세스 다웃파이어〉 - 천안
2025.12.27 ~ 2025.12.28
천안예술의전당 대공연장
다니엘&다웃파이어 역"
146,김준수,1987.01.01,팜트리아일랜드,http://palmtree.is/ | http://www.instagram.com/xiaxiaxia1215 | http://twitter.com/1215thexiahtic | http://www.facebook.com/%ED%8C%9C%ED%8A%B8%EB%A6%AC%EC%95%84%EC%9D%BC%EB%9E%9C%EB%93%9C-101241865701058,actor_images\18920.gif," 〈비틀쥬스〉
2025.12.16 ~ 2026.03.22
LG아트센터 서울 LG SIGNATURE 홀
비틀쥬스 역","2025 Asia Top Artist Festival
2025.09.27 ~ 2025.09.28
난지한강공원","［NOL 스페셜 스테이지］  〈알라딘〉 한국 초연 - 부산 (ALADDIN The Musical)
2025.08.15 ~ 2025.08.17
드림씨어터
알라딘 역"," 〈알라딘〉 한국 초연 (ALADDIN The Musical) - 부산
2025.07.11 ~ 2025.09.28
드림씨어터
알라딘 역","［인터파크 스테이지］알라딘 한국 초연
2025.04.12 ~ 2025.04.16
샤롯데씨어터
알라딘 역"
147,장민제,1998.05.27,,,actor_images\47065.gif," 〈비틀쥬스〉
2025.12.16 ~ 2026.03.22
LG아트센터 서울 LG SIGNATURE 홀
리디아 역","오늘 밤, 세계에서 이 사랑이 사라진다 해도
2025.06.13 ~ 2025.08.24
코엑스아티움
히노 마오리 역","이솝이야기
2025.03.19 ~ 2025.06.08
예스24스테이지 3관
다나에/시타스 역","어쩌면 해피엔딩
2024.08.07 ~ 2024.08.09
예스24스테이지 1관
클레어 역","어쩌면 해피엔딩
2024.06.18 ~ 2024.09.08
예스24스테이지 1관
클레어 역"
148,나하나,1992.06.30,,,actor_images\40048.gif,"WONDERLAND FESTIVAL 2025
2025.12.27 ~ 2026.01.11
경희대학교 평화의전당
4악장 역"," 〈비틀쥬스〉
2025.12.16 ~ 2026.03.22
LG아트센터 서울 LG SIGNATURE 홀
바바라 역"," 〈르 마스크〉
2025.08.06 ~ 2025.11.09
et theatre 1 (이티 씨어터 원)
레오니 역","라이카
2025.03.14 ~ 2025.05.18
두산아트센터 연강홀
라이카 역","킹키부츠 - 대구
2025.01.11 ~ 2025.01.26
계명아트센터
로렌 역"
149,이율,1984.02.17,,,actor_images\362.jpg," 〈비틀쥬스〉
2025.12.16 ~ 2026.03.22
LG아트센터 서울 LG SIGNATURE 홀
아담 역"," 〈마하고니〉
2025.06.17 ~ 2025.08.31
링크아트센터 페이코홀
호스트 역","시라노
2024.12.06 ~ 2025.02.23
예술의전당 CJ 토월극장
드 기슈 역","거미여인의 키스
2024.01.21 ~ 2024.03.31
예그린씨어터
몰리나 역","트레이스 유
2023.05.11 ~ 2023.08.20
링크아트센터 벅스홀
우빈 역"
150,김용수,,,,actor_images\17706.gif," 〈비틀쥬스〉
2025.12.16 ~ 2026.03.22
LG아트센터 서울 LG SIGNATURE 홀
찰스 역","［NOL 스페셜 스테이지］ 지킬앤하이드 (Jekyll ＆ Hyde) - 20주년
2025.05.01 ~ 2025.05.11
블루스퀘어 신한카드홀
댄버스 경 역","킹키부츠 - 대구
2025.01.11 ~ 2025.01.26
계명아트센터
조지 역","킹키부츠 - 고양
2024.12.28 ~ 2024.12.29
고양아람누리 아람극장
조지 역","킹키부츠 - 성남
2024.12.21 ~ 2024.12.22
성남아트센터 오페라하우스
조지 역"
151,정원영,1985.01.25,팜트리아일랜드,http://www.instagram.com/jung_w_y | https://cafe.daum.net/JWY-,actor_images\8695.gif," 〈비틀쥬스〉
2025.12.16 ~ 2026.03.22
LG아트센터 서울 LG SIGNATURE 홀
비틀쥬스 역","［NOL 스페셜 스테이지］  〈알라딘〉 한국 초연 - 부산 (ALADDIN The Musical)
2025.08.15 ~ 2025.08.17
드림씨어터
지니 역"," 〈알라딘〉 한국 초연 (ALADDIN The Musical) - 부산
2025.07.11 ~ 2025.09.28
드림씨어터
지니 역","［인터파크 스테이지］알라딘 한국 초연
2025.04.12 ~ 2025.04.16
샤롯데씨어터
지니 역"," 〈알라딘〉 한국 초연 (ALADDIN The Musical)
2024.11.22 ~ 2025.06.22
샤롯데씨어터
지니 역"
152,윤공주,1981.05.20,PL엔터테인먼트,http://club.cyworld.com/club/main/club_main.asp?club_id=50647614,actor_images\3695.gif," 〈비틀쥬스〉
2025.12.16 ~ 2026.03.22
LG아트센터 서울 LG SIGNATURE 홀
델리아 역","브로드웨이 42번가 - 부산
2025.10.17 ~ 2025.10.19
드림씨어터
도로시 브록 역"," 〈브로드웨이 42번가〉
2025.07.10 ~ 2025.09.14
샤롯데씨어터
도로시 브록 역","［NOL 스페셜 스테이지］ 지킬앤하이드 (Jekyll ＆ Hyde) - 20주년
2025.05.01 ~ 2025.05.11
블루스퀘어 신한카드홀
루시 역","지킬앤하이드 - 20주년
2024.11.29 ~ 2025.05.18
블루스퀘어 신한카드홀
루시 역"
153,홍나현,1996.04.29,,,actor_images\45278.gif,"WONDERLAND FESTIVAL 2025
2025.12.27 ~ 2026.01.11
경희대학교 평화의전당
2악장 역"," 〈비틀쥬스〉
2025.12.16 ~ 2026.03.22
LG아트센터 서울 LG SIGNATURE 홀
리디아 역","［피크닉#19］  〈웨이스티드〉
2025.08.27 ~ 2025.08.29
플러스씨어터
앤 역"," 〈웨이스티드〉 : 연극열전10_일곱 번째 작품
2025.08.06 ~ 2025.10.26
플러스씨어터
앤 역"," 〈마하고니〉
2025.06.17 ~ 2025.08.31
링크아트센터 페이코홀
호스트 역"
154,전수미,1980.04.22,,http://www.cyworld.com/sumiyo,actor_images\3665.jpg," 〈비틀쥬스〉
2025.12.16 ~ 2026.03.22
LG아트센터 서울 LG SIGNATURE 홀
델리아 역"," 〈프리다〉
2025.06.17 ~ 2025.09.07
NOL 유니플렉스 1관
레플레하 역","〈팬텀〉 10주년 기념 공연
2025.05.31 ~ 2025.08.11
세종문화회관 대극장
마담 카를로타 역","프랑켄슈타인 - 10주년
2024.06.05 ~ 2024.08.25
블루스퀘어 신한카드홀
엘렌&에바 역","그레이트 코멧
2024.03.26 ~ 2024.06.16
유니버설아트센터
엘렌 역"
155,배수정,,,,actor_images\42801.gif," 〈보니 앤 클라이드〉
2025.12.11 ~ 2026.03.02
홍익대 대학로 아트센터 대극장
블랜치 역","베어 더  (bare the musical)
2025.06.03 ~ 2025.09.14
두산아트센터 연강홀
샨텔&클레어 역","조로: 액터뮤지션
2024.09.11 ~ 2024.11.17
NOL 유니플렉스
이네즈 역","렌트
2023.11.11 ~ 2024.02.25
코엑스아티움
조앤 역","여섯 여왕과 함께하는 여민락콘서트 - 세종
2023.05.31 ~ 2023.05.31
세종예술의전당(세종특별자치시)"
156,홍금비,1995.01.07,씨제스 엔터테인먼트,http://cjesculture.com/artist/artist_view.asp?Uid=15 | http://www.facebook.com/cjesseoyoung/,actor_images\39951.gif," 〈보니 앤 클라이드〉
2025.12.11 ~ 2026.03.02
홍익대 대학로 아트센터 대극장
보니 역","［피크닉#19］  〈웨이스티드〉
2025.08.27 ~ 2025.08.29
플러스씨어터
에밀리 역"," 〈웨이스티드〉 : 연극열전10_일곱 번째 작품
2025.08.06 ~ 2025.10.26
플러스씨어터
에밀리 역","프라이드 : 연극열전10_다섯 번째 작품
2025.03.29 ~ 2025.06.22
예스24아트원 2관
실비아 역","디어 에반 핸슨
2024.03.28 ~ 2024.06.23
충무아트센터 대극장
조이 머피 역"
157,이은호,1992.12.25,,,actor_images\47433.gif," 〈보니 앤 클라이드〉
2025.12.11 ~ 2026.03.02
홍익대 대학로 아트센터 대극장
테드 역","바스커빌 : 셜록홈즈 미스터리 Chapter2
2024.06.22 ~ 2025.03.09
예스24아트원 3관
셜록홈즈 역","옆집사람
2023.11.17 ~ 2024.01.14
대학로 자유극장
김찬우 역","오일
2021.05.01 ~ 2021.05.09
더 줌 아트센터
윌리엄 휘트콤 역",
158,옥주현,1980.03.20,포트럭주식회사,http://www.pot-luck.co.kr/,actor_images\3727.jpg," 〈레드북〉 - 수원
2026.02.06 ~ 2026.02.08
경기아트센터 대극장
안나 역"," 〈레드북〉 - 부산
2026.01.30 ~ 2026.02.01
드림씨어터
안나 역"," 〈레드북〉 - 세종시
2026.01.23 ~ 2026.01.25
세종예술의전당(세종특별자치시)
안나 역"," 〈레드북〉 - 대구
2026.01.16 ~ 2026.01.18
대구오페라하우스
안나 역"," 〈레드북〉 - 용인
2026.01.09 ~ 2026.01.11
용인포은아트홀
안나 역"
159,이제우,1994.08.31,,http://www.instagram.com/Junyong2__,actor_images\50313.gif," 〈보니 앤 클라이드〉
2025.12.11 ~ 2026.03.02
홍익대 대학로 아트센터 대극장
목사 역","멤피스
2023.07.20 ~ 2023.10.22
충무아트센터 대극장
앙상블","제17회 대구국제페스티벌 - 메리 애닝
2023.05.20 ~ 2023.05.21
대구 대덕문화전당
헨리 드 라 베쉬 역","이프덴
2022.12.08 ~ 2023.02.26
홍익대 대학로 아트센터 대극장
앙상블","번지점프를 하다
2022.06.22 ~ 2022.08.21
홍익대 대학로 아트센터 대극장
동건 역"
160,윤지인,1987.04.27,,http://twitter.com/ReginaBbv,actor_images\7161.gif," 〈보니 앤 클라이드〉
2025.12.11 ~ 2026.03.02
홍익대 대학로 아트센터 대극장
블랜치 역","그레이트 코멧
2024.03.26 ~ 2024.06.16
유니버설아트센터
마리 역","모차르트!
2023.06.15 ~ 2023.08.22
세종문화회관 대극장
발트슈타텐 남작부인 역","역사 톡! 그날
2021.04.17 ~ 2021.04.18
국립중앙박물관 극장 용","백범
2020.09.29 ~ 2020.10.11
국립중앙박물관 극장 용
백범 역"
161,윤현민,,,,actor_images\22088.gif," 〈보니 앤 클라이드〉
2025.12.11 ~ 2026.03.02
홍익대 대학로 아트센터 대극장
클라이드 역","비기닝
2025.03.07 ~ 2025.03.23
세종문화회관 S씨어터
대니 역","트라이앵글
2013.09.06 ~ 2014.01.26
상명아트홀 1관
도연 역
전문가","총각네 야채가게
2012.12.18 ~ 2012.12.31
대학로  센터 공간 피꼴로
이태성 역","김종욱 찾기 - 청주
2011.12.20 ~ 2011.12.30
충북대학교 개신문화관
김종욱 & 첫사랑 역"
162,김찬호,1983.05.04,,,actor_images\10389.gif,"은밀하게 위대하게:THE LAST-10주년 기념
2026.01.30 ~ 2026.04.26
NOL 씨어터 대학로 우리카드홀
원류환 역"," 〈보니 앤 클라이드〉
2025.12.11 ~ 2026.03.02
홍익대 대학로 아트센터 대극장
벅 역"," 〈쉐도우〉
2025.09.05 ~ 2025.11.02
백암아트홀
영조 역","화이트래빗 레드래빗(WHITE RABBIT RED RABBIT)
2025.04.30 ~ 2025.05.25
세종문화회관 S씨어터
배우 역","스타크로스드
2024.12.10 ~ 2025.03.02
예스24스테이지 3관
머큐쇼 역"
163,배나라,1991.01.04,,https://www.instagram.com/narajangvvv,actor_images\36709.gif," 〈보니 앤 클라이드〉
2025.12.11 ~ 2026.03.02
홍익대 대학로 아트센터 대극장
클라이드 역","이블데드
2024.06.20 ~ 2024.09.01
NOL 유니플렉스
애쉬 역","일라이
2023.02.10 ~ 2023.04.30
링크아트센터 페이코홀
일라이 역","웨스트 사이드 스토리
2022.11.17 ~ 2023.02.26
충무아트센터 대극장
리프 역","시데레우스
2022.07.26 ~ 2022.10.16
플러스씨어터
케플러 역"
164,조성윤,1985.02.27,,http://www.chokanghyun.com/ | http://twitter.com/choproduce,actor_images\13096.gif," 〈보니 앤 클라이드〉
2025.12.11 ~ 2026.03.02
홍익대 대학로 아트센터 대극장
벅 역"," 〈MAD HATTER〉
2025.10.22 ~ 2026.01.18
링크아트센터드림 드림2관
조슬린 역","［피크닉#15］ 〈붉은 정원〉
2025.06.17 ~ 2025.06.19
링크아트센터드림 드림2관
빅토르 역","붉은 정원
2025.04.22 ~ 2025.07.20
링크아트센터드림 드림2관
빅토르 역","니진스키
2025.03.25 ~ 2025.06.15
예스24아트원 1관
디아길레프 역"
165,고상호,1985.10.05,,,actor_images\28626.gif," 〈비하인드 더 문 (Behind the Moon)〉
2025.11.11 ~ 2026.02.08
충무아트센터 중극장 블랙
마이클 콜린스 역"," 〈등등곡〉
2025.06.24 ~ 2025.09.14
예스24스테이지 1관
김영운 역","세일즈맨의 죽음
2025.04.19 ~ 2025.04.19
노원문화예술회관 대공연장
해피 로먼 역","세일즈맨의 죽음 - 대구
2025.03.21 ~ 2025.03.22
아양아트센터 아양홀
해피 로먼 역","세일즈맨의 죽음
2025.01.07 ~ 2025.03.03
세종문화회관 M씨어터
해피 로먼 역"
166,유준상,1969.11.28,나무엑터스,http://www.namooactors.com/star/yujunsang | http://instagram.com/junes1128 | http://cafe.daum.net/manager | http://www.facebook.com/jnjoy20,actor_images\5819.gif," 〈비하인드 더 문 (Behind the Moon)〉
2025.11.11 ~ 2026.02.08
충무아트센터 중극장 블랙
마이클 콜린스 역","［야놀자 특가］  〈스윙 데이즈_암호명 A〉
2025.01.21 ~ 2025.01.31
충무아트센터 대극장
유일형 역","스윙 데이즈_암호명 A
2024.11.19 ~ 2025.02.09
충무아트센터 대극장
유일형 역","엄유민법 콘서트
2024.09.29 ~ 2024.09.29
롯데콘서트홀","프랑켄슈타인 - 10주년
2024.06.05 ~ 2024.08.25
블루스퀘어 신한카드홀
빅터 프랑켄슈타인&자크 역"
167,정문성,1981.01.13,,http://club.cyworld.com/jungmoonsung,actor_images\3896.jpg," 〈비하인드 더 문 (Behind the Moon)〉
2025.11.11 ~ 2026.02.08
충무아트센터 중극장 블랙
마이클 콜린스 역","젠틀맨스 가이드 : 사랑과 살인편 - 대구
2024.12.20 ~ 2024.12.25
계명아트센터
다이스퀴스 역","젠틀맨스 가이드 : 사랑과 살인편 - 부산
2024.12.06 ~ 2024.12.08
드림씨어터
다이스퀴스 역","젠틀맨스 가이드 : 사랑과 살인편 - 구미
2024.11.15 ~ 2024.11.16
구미문화예술회관 대공연장
다이스퀴스 역","글루미 선데이
2024.11.05 ~ 2025.01.26
링크아트센터 페이코홀
자보 역"
168,고훈정,,,,actor_images\15870.gif," 〈비하인드 더 문 (Behind the Moon)〉
2025.11.11 ~ 2026.02.08
충무아트센터 중극장 블랙
마이클 콜린스 역","연극 〈지킬 앤 하이드〉 (Jekyll and Hyde)
2025.03.04 ~ 2025.05.06
대학로 TOM(티오엠) 2관
퍼포머(Performer) 역","［야놀자 특가］  〈스윙 데이즈_암호명 A〉
2025.01.21 ~ 2025.01.31
충무아트센터 대극장
야스오 역","WONDERLAND FESTIVAL 2024
2024.12.15 ~ 2024.12.16
경희대학교 평화의전당
12/16 MON 역","스윙 데이즈_암호명 A
2024.11.19 ~ 2025.02.09
충무아트센터 대극장
야스오 역"
169,이지혁,1997.02.07,,http://www.instagram.com/mujh__27,actor_images\41269.gif," 〈존 도우〉
2025.12.10 ~ 2026.03.01
NOL 서경스퀘어 스콘 1관
앙상블","시라노
2024.12.06 ~ 2025.02.23
예술의전당 CJ 토월극장
스윙","파가니니
2024.04.06 ~ 2024.06.02
국립중앙박물관 극장 용
앙상블","장화 신은 고양이 비긴즈
2023.12.16 ~ 2024.02.25
KT&G 상상마당 대치아트홀
미라쥬 역","파리넬리 - 오산
2023.10.13 ~ 2023.10.14
오산문화예술회관 대공연장
앙상블"
170,정동화,1984.01.09,,http://cafe.naver.com/pureguy,actor_images\4195.jpg," 〈존 도우〉
2025.12.10 ~ 2026.03.01
NOL 서경스퀘어 스콘 1관
윌러비 역"," 〈캐빈〉
2025.11.27 ~ 2026.03.01
et theatre 1 (이티 씨어터 원)
데이 역"," 〈라흐마니노프〉
2025.09.20 ~ 2025.12.14
예스24스테이지 1관
니콜라이 달 역","화이트래빗 레드래빗(WHITE RABBIT RED RABBIT)
2025.04.30 ~ 2025.05.25
세종문화회관 S씨어터
배우 역","퍼스트 맨: 카뮈가 남긴 마지막 이야기
2025.01.10 ~ 2025.03.30
링크아트센터드림 드림4관
이방인/ 자크 역"
171,황민수,1991.01.17,,http://www.facebook.com/stars4507,actor_images\38360.gif," 〈존 도우〉
2025.12.10 ~ 2026.03.01
NOL 서경스퀘어 스콘 1관
윌러비 역","〈#0528〉
2025.10.22 ~ 2026.01.11
링크아트센터드림 드림1관
도리스 역"," 〈스트라빈스키〉
2025.07.28 ~ 2025.10.12
대학로 TOM(티오엠) 2관
슘 역","리틀잭
2025.06.28 ~ 2025.09.21
예스24아트원 2관
잭 피셔 역","미아 파밀리아
2024.12.19 ~ 2025.03.23
링크아트센터드림 드림1관
리차드 역"
172,원근영,,,,actor_images\44931.gif," 〈존 도우〉
2025.12.10 ~ 2026.03.01
NOL 서경스퀘어 스콘 1관
앙상블","제 11회 무죽페스티벌 〈사라진 자리에서〉
2025.04.02 ~ 2025.04.13
대학로 극장 동국
인턴 역","정글라이프 - 인천
2025.03.22 ~ 2025.03.22
인천학생교육문화회관
김미화 역","정글라이프 - 부안
2024.10.11 ~ 2024.10.11
부안예술회관
김미화 역","정글라이프 - 제주
2023.05.23 ~ 2023.05.26
서귀포학생문화원
김미화 역"
173,이지우,1996.06.10,,https://www.instagram.com/jiwoooez,actor_images\53591.gif," 〈존 도우〉
2025.12.10 ~ 2026.03.01
NOL 서경스퀘어 스콘 1관
앙상블","파가니니
2024.04.06 ~ 2024.06.02
국립중앙박물관 극장 용
앙상블","광화문 연가
2021.07.16 ~ 2021.09.05
예술의전당 오페라극장
앙상블","아마데우스
2020.11.17 ~ 2021.02.28
광림아트센터 BBCH홀
스윙",
174,이재웅,,,,actor_images\50327.gif," 〈존 도우〉
2025.12.10 ~ 2026.03.01
NOL 서경스퀘어 스콘 1관
앙상블","2025 창작음악극 PHOENICE
2025.02.12 ~ 2025.02.15
호원아트홀
현 역","맥베스
2024.07.13 ~ 2024.08.18
국립극장 해오름극장
앙상블 역","위윌락유
2023.09.22 ~ 2023.12.31
더굿씨어터
볼케이노 역","알로하, 나의 엄마들
2022.11.22 ~ 2022.12.11
세종문화회관 M씨어터
캠프대장 외 역"
175,정우연,1992.03.20,,,actor_images\42346.gif," 〈A여고 사서의 영광과 비극〉
2026.01.27 ~ 2026.04.26
링크아트센터드림 드림2관
명경 역"," 〈존 도우〉
2025.12.10 ~ 2026.03.01
NOL 서경스퀘어 스콘 1관
앤 역"," 〈차미〉
2025.05.29 ~ 2025.08.24
대학로 TOM(티오엠) 1관
차미 역","카포네 트릴로지
2025.03.11 ~ 2025.06.01
홍익대 대학로 아트센터 소극장
LADY 역","해적 : THE LAST VOYAGE
2024.11.05 ~ 2025.02.02
링크아트센터 벅스홀
잭&메리 역"
176,도해,1997.08.27,,https://www.instagram.com/do_hae__/,actor_images\53557.gif," 〈존 도우〉
2025.12.10 ~ 2026.03.01
NOL 서경스퀘어 스콘 1관
앙상블","인간탐구생활
2025.02.14 ~ 2025.05.11
더굿씨어터
FI 역","드라큘라
2023.12.06 ~ 2024.03.03
샤롯데씨어터
앙상블","영웅
2022.12.21 ~ 2023.02.28
LG아트센터 서울 LG SIGNATURE 홀
앙상블",
177,최수진,,,,actor_images\17340.gif," 〈존 도우〉
2025.12.10 ~ 2026.03.01
NOL 서경스퀘어 스콘 1관
앤 역"," 지킬앤하이드 (Jekyll ＆ Hyde) 20주년 - 부산
2025.06.08 ~ 2025.06.15
드림씨어터
엠마 역","라흐 헤스트
2025.03.25 ~ 2025.06.15
예스24스테이지 1관
향안 역","지킬앤하이드 - 20주년
2024.11.29 ~ 2025.05.18
블루스퀘어 신한카드홀
엠마 역","웨스턴 스토리
2024.03.13 ~ 2024.06.09
NOL 유니플렉스
조세핀 마커스 역"
178,최연우,1986.10.29,,,actor_images\12553.gif," 〈존 도우〉
2025.12.10 ~ 2026.03.01
NOL 서경스퀘어 스콘 1관
앤 역","［피크닉#15］ 〈붉은 정원〉
2025.06.17 ~ 2025.06.19
링크아트센터드림 드림2관
지나 역","화이트래빗 레드래빗(WHITE RABBIT RED RABBIT)
2025.04.30 ~ 2025.05.25
세종문화회관 S씨어터
배우 역","붉은 정원
2025.04.22 ~ 2025.07.20
링크아트센터드림 드림2관
지나 역","애나엑스(ANNA X) Special Day
2025.02.18 ~ 2025.02.20
LG아트센터 서울 U+ 스테이지
애나 역"
179,최호승,,,,actor_images\23999.gif," 〈존 도우〉
2025.12.10 ~ 2026.03.01
NOL 서경스퀘어 스콘 1관
윌러비 역"," 〈두 낫 디스터브〉
2025.06.10 ~ 2025.08.31
NOL 서경스퀘어 스콘 1관
카이만 역","카포네 트릴로지
2025.03.11 ~ 2025.06.01
홍익대 대학로 아트센터 소극장
YOUNG MAN 역","더 픽션
2024.12.14 ~ 2025.03.09
예스24스테이지 1관
와이트 히스만 역","해적 : THE LAST VOYAGE
2024.11.05 ~ 2025.02.02
링크아트센터 벅스홀
루이스&앤 역"
180,김기영,,,,actor_images\48888.gif," 〈존 도우〉
2025.12.10 ~ 2026.03.01
NOL 서경스퀘어 스콘 1관
앙상블"," '미남당' 트라이아웃
2024.10.17 ~ 2024.11.09
더굿씨어터
멀티2 역","달을 품은 슈퍼맨 - 대전
2023.06.01 ~ 2023.07.30
대전 상상아트홀
우현 역","림보
2023.03.16 ~ 2023.03.26
아르코예술극장 소극장
앙상블","림보 - 고양
2023.01.27 ~ 2023.01.28
고양아람누리 새라새극장
앙상블"
181,김대곤,,,,actor_images\24927.gif," 〈판〉
2025.12.23 ~ 2026.03.08
동덕여대 공연예술센터 코튼홀
호태 역"," 〈시지프스〉
2025.12.16 ~ 2026.03.08
예스24스테이지 2관
클라운 역","인천동구문화체육센터 연극 〈세상친구〉
2025.12.05 ~ 2025.12.06
동구문화체육센터 공연장
만석 역","관저의 100시간- 제 46회 서울연극제 공식선정작
2025.06.20 ~ 2025.06.29
대학로극장 쿼드
경제산업성대신 역","괴벨스 극장
2025.05.01 ~ 2025.05.11
대학로 예술공간 혜화
괴벨스 역"
182,강하경,,,,actor_images\56506.gif,,,,,
183,박선영,,,,actor_images\54809.gif," 〈시지프스〉
2025.12.16 ~ 2026.03.08
예스24스테이지 2관
포엣 역"," 〈설공찬〉
2025.09.09 ~ 2025.10.26
KT&G 상상마당 대치아트홀
설초희 역"," 〈프리다〉
2025.06.17 ~ 2025.09.07
NOL 유니플렉스 1관
데스티노 역","［야놀자 특가］  〈컨택트〉 비지정석
2025.04.01 ~ 2025.04.20
극장 온
영덕 역","컨택트
2025.03.28 ~ 2025.06.29
극장 온
영덕 역"
184,박유덕,1983.03.17,,,actor_images\31140.gif," 〈이터니티〉
2025.12.27 ~ 2026.03.15
NOL 유니플렉스 1관
머머 역"," 〈시지프스〉
2025.12.16 ~ 2026.03.08
예스24스테이지 2관
클라운 역"," 〈윌리엄과 윌리엄의 윌리엄들〉 2025
2025.09.16 ~ 2025.11.30
NOL 서경스퀘어 스콘 2관
사무엘 역","라파치니의 정원
2025.02.26 ~ 2025.02.28
플러스씨어터
라파치니 역","무명호걸:無名豪傑
2025.02.04 ~ 2025.02.19
CKL 스테이지
지부 역"
185,임강성,,,http://cafe.daum.net/ksaloha | http://www.instagram.com/iksjjj/ | http://twitter.com/imkangsung,actor_images\7473.gif,"은밀하게 위대하게:THE LAST-10주년 기념
2026.01.30 ~ 2026.04.26
NOL 씨어터 대학로 우리카드홀
서수혁 역"," 〈시지프스〉
2025.12.16 ~ 2026.03.08
예스24스테이지 2관
클라운 역"," 〈이름 없는 약속들로부터〉
2025.10.10 ~ 2025.12.28
극장 온
이윤섭 역"," 〈윌리엄과 윌리엄의 윌리엄들〉 2025
2025.09.16 ~ 2025.11.30
NOL 서경스퀘어 스콘 2관
H 역","화이트래빗 레드래빗(WHITE RABBIT RED RABBIT)
2025.04.30 ~ 2025.05.25
세종문화회관 S씨어터
배우 역"
186,김태오,1992.08.05,,,actor_images\40436.gif," 〈시지프스〉
2025.12.16 ~ 2026.03.08
예스24스테이지 2관
아스트로 역","맘마미아!
2025.07.26 ~ 2025.10.25
LG아트센터 서울 LG SIGNATURE 홀
스카이 역","［야놀자 특가］  〈컨택트〉 비지정석
2025.04.01 ~ 2025.04.20
극장 온
청 역","컨택트
2025.03.28 ~ 2025.06.29
극장 온
청 역","시지프스
2024.12.10 ~ 2025.03.02
예스24스테이지 2관
아스트로 역"
187,송유택,,,,actor_images\23183.gif," 〈시지프스〉
2025.12.16 ~ 2026.03.08
예스24스테이지 2관
언노운 역"," 〈MAD HATTER〉
2025.10.22 ~ 2026.01.18
링크아트센터드림 드림2관
조슬린 역"," 〈설공찬〉
2025.09.09 ~ 2025.10.26
KT&G 상상마당 대치아트홀
설공찬 역","제19회 DIMF 공식초청작 〈설공찬〉 - 대구
2025.07.04 ~ 2025.07.12
대구문화예술회관 팔공홀 (대극장)
설공찬 역","화이트래빗 레드래빗(WHITE RABBIT RED RABBIT)
2025.04.30 ~ 2025.05.25
세종문화회관 S씨어터
배우 역"
188,이선우,,,https://www.instagram.com/l__seonwoo2,actor_images\54808.gif," 〈시지프스〉
2025.12.16 ~ 2026.03.08
예스24스테이지 2관
아스트로 역"," 〈이름 없는 약속들로부터〉
2025.10.10 ~ 2025.12.28
극장 온
이우현 역","［야놀자 특가］  〈컨택트〉 비지정석
2025.04.01 ~ 2025.04.20
극장 온
청 역","컨택트
2025.03.28 ~ 2025.06.29
극장 온
청 역","시지프스
2024.12.10 ~ 2025.03.02
예스24스테이지 2관
아스트로 역"
189,조환지,1995.09.30,,http://www.instagram.com/jo_hwan_ji/ | http://cafe.naver.com/bbofficial | http://twitter.com/BjhjB_official,actor_images\43317.gif," 〈제임스 바이런 딘〉
2026.01.09 ~ 2026.03.01
극장 온
제임스 역"," 〈시지프스〉
2025.12.16 ~ 2026.03.08
예스24스테이지 2관
언노운 역","［슈가데이#1］  〈아몬드〉
2025.11.15 ~ 2025.11.16
NOL 유니플렉스 1관
곤이(윤이수) 역"," 〈아몬드〉
2025.09.19 ~ 2025.12.14
NOL 유니플렉스 1관
곤이(윤이수) 역","더 크리처
2025.06.16 ~ 2025.08.31
대학로 자유극장
괴물 역"
190,정철호,,,,actor_images\3279.gif," 헝키쇼 (HUNKY SHOW)
2025.04.25 ~ 2026.02.28
스타스테이지
보스-막걸리 역","헝키 - 부산
2023.10.27 ~ 2023.12.31
가온아트홀 1관","헝키
2022.12.23 ~ 2023.03.26
스튜디오블루
보스 역","헝키
2022.09.01 ~ 2022.09.18
열린극장
보스 역","사랑했어요
2021.08.14 ~ 2021.10.30
광림아트센터 BBCH홀
나영남 역"
191,김무호,1986.12.05,,http://www.instagram.com/_mooholic,actor_images\37384.gif," 헝키쇼 (HUNKY SHOW)
2025.04.25 ~ 2026.02.28
스타스테이지
바텐더 역","프러포즈 못하는 남자
2018.04.20 ~ 2018.07.01
대학로 드림아트센터 1관
상준 역","프러포즈 못하는 남자
2018.02.23 ~ 2018.03.23
한성아트홀 1관
앙상블","헤어디자이너
2017.12.07 ~ 2017.12.31
놀터예술공방
강준 역","월요 쇼케이스 - 헤어디자이너
2017.11.13 ~ 2017.11.13
플랫폼창동61
강준 역"
192,최종관,,,,actor_images\30811.gif,"행복총량의 법칙 - 대전
2025.06.13 ~ 2025.07.13
작은극장 다함
봉구 역"," 헝키쇼 (HUNKY SHOW)
2025.04.25 ~ 2026.02.28
스타스테이지
바텐더 역","행복총량의 법칙 - 대구
2025.03.21 ~ 2025.05.11
문화예술전용극장 CT
뭉치 역","동백꽃 피어나는 어느 봄날에
2024.10.29 ~ 2024.11.01
아르코꿈밭극장
유정/나 역","국민 코믹 연극 〈오백에삼십〉 - 대학로 JTN 아트홀 3관
2024.03.01 ~ 오픈런
JTN 아트홀 3관
허덕 역"
193,선인호,1989.10.04,,,actor_images\42007.gif," 헝키쇼 (HUNKY SHOW)
2025.04.25 ~ 2026.02.28
스타스테이지
바텐더 역","미스터쇼
2018.09.14 ~ 2019.01.27
신한카드 SOL 페이 스퀘어 라이브홀
MR 역","미스터쇼
2017.09.23 ~ 2018.02.13
신한카드 SOL 페이 스퀘어 라이브홀
MR 역","그날들
2016.08.25 ~ 2016.11.03
충무아트센터 대극장
앙상블
관객 전문가",
194,한제우,1999.03.30,,http://www.instagram.com/jeu_sday,actor_images\55974.gif," 헝키쇼 (HUNKY SHOW)
2025.04.25 ~ 2026.02.28
스타스테이지
바텐더 역","프레스콜
2023.08.31 ~ 2023.08.31
열린극장","행오버
2023.05.01 ~ 2025.12.31
정극장
철수 역",,
195,임성목,1994.04.23,,http://www.instagram.com/l.sm1994/,actor_images\47235.gif," 헝키쇼 (HUNKY SHOW)
2025.04.25 ~ 2026.02.28
스타스테이지
바텐더 역","라인업 시즌2 : DREAMS UP
2024.04.29 ~ 2024.06.13
성균관대학교 새천년홀
윤현민 역","라인업
2023.09.12 ~ 2023.12.28
성균관대학교 새천년홀
윤현민 역","라인업
2023.03.02 ~ 2023.06.30
해당공연 공연장
윤현민 역","써니텐
2022.05.05 ~ 2022.06.04
대학로 하마씨어터
정준호 역"
196,박휘범,1989.01.31,,http://www.instagram.com/hbeomy,actor_images\52006.gif," 헝키쇼 (HUNKY SHOW)
2025.04.25 ~ 2026.02.28
스타스테이지
바텐더 역","쇼 '핫티스(HOTTIES)'
2024.09.12 ~ 2024.09.15
스터리나잇빌딩","더 맨 얼라이브
2023.10.27 ~ 2024.01.14
서울숲 씨어터 2관
N 역",,
197,김상엽,1995.02.20,,,actor_images\53012.gif," 헝키쇼 (HUNKY SHOW)
2025.04.25 ~ 2026.02.28
스타스테이지
바텐더 역","헝키 - 부산
2023.10.27 ~ 2023.12.31
가온아트홀 1관",,,
198,김영돈,1994.09.26,,http://www.instagram.com/0.dony,actor_images\52973.gif,"〈HOTTIES〉 POOL PARTY - 양양
2025.07.25 ~ 2025.08.22
템플 온 더 비치"," 헝키쇼 (HUNKY SHOW)
2025.04.25 ~ 2026.02.28
스타스테이지
바텐더 역","HOTTIES(핫티스) X 서울 드래곤시티 King’s Vacation
2024.11.02 ~ 2024.12.31
킹스베케이션","쇼 '핫티스(HOTTIES)'
2024.09.12 ~ 2024.09.15
스터리나잇빌딩","헝키 - 부산
2023.10.27 ~ 2023.12.31
가온아트홀 1관"
199,이태현,1999.10.06,,http://www.instagram.com/taehyun1006,actor_images\56527.gif," 헝키쇼 (HUNKY SHOW)
2025.04.25 ~ 2026.02.28
스타스테이지
바텐더 역",,,,
200,한훈,1987.07.21,,http://www.instagram.com/hanooooon_2,actor_images\35409.gif,"［ 행복리 : 그해 여름 ］
2025.11.19 ~ 2025.11.30
대학로 공간아울
김성현 역"," 헝키쇼 (HUNKY SHOW)
2025.04.25 ~ 2026.02.28
스타스테이지
바텐더 역","헤어지는 기쁨
2024.09.09 ~ 2025.02.02
지즐소극장
이별 역","헤어지는 기쁨
2024.06.28 ~ 2024.07.07
피카소 소극장
이별 역할 역","사랑향기
2022.12.03 ~ 2022.12.31
세우아트센터 2관
해설자 역"
201,강태우,1991.02.21,,,actor_images\47614.gif," 헝키쇼 (HUNKY SHOW)
2025.04.25 ~ 2026.02.28
스타스테이지
바텐더 역","헝키 - 부산
2023.10.27 ~ 2023.12.31
가온아트홀 1관","그날의 타이밍
2023.06.20 ~ 2023.06.26
R＆J 씨어터
도영&봉근 역","그날의 타이밍 2
2022.03.09 ~ 2022.03.13
한성아트홀 2관
성준&휘우 역","그날의 타이밍
2022.01.07 ~ 2022.01.13
한성아트홀 2관
도영/동현 역"
202,장건우,,,,actor_images\27368.gif," 헝키쇼 (HUNKY SHOW)
2025.04.25 ~ 2026.02.28
스타스테이지
바텐더 역","레미제라블
2016.04.04 ~ 2016.05.31
용산아트홀 대극장 미르
마리우스 역","레미제라블
2015.04.01 ~ 2015.04.30
나루아트센터 대공연장
마리우스 역","언틸 더 데이
2011.09.16 ~ 2012.01.01
문화일보홀
남철 역",
203,김대현,,,http://www.instagram.com/_d_hyun_,actor_images\56529.gif," 헝키쇼 (HUNKY SHOW)
2025.04.25 ~ 2026.02.28
스타스테이지
바텐더 역",,,,
204,육현석,1988.02.21,,,actor_images\50022.gif," 헝키쇼 (HUNKY SHOW)
2025.04.25 ~ 2026.02.28
스타스테이지
바텐더 역","죽어야 사는 남자
2024.03.08 ~ 2025.06.15
업스테이지(UP STAGE)
혜종 역","헝키 - 부산
2023.10.27 ~ 2023.12.31
가온아트홀 1관","뉴 사랑을 이루어 드립니다
2022.10.25 ~ 2023.01.01
대학로 제나아트홀
성민 역","더 룸어
2022.08.09 ~ 2022.10.09
룸어씨어터
최자웅 역"
205,차준호,,,,actor_images\56384.gif," 〈앤ANNE〉 10th Anniversary
2025.11.15 ~ 2026.02.15
대학로 자유극장
매슈 역","앤
2023.02.03 ~ 2023.04.09
예그린씨어터
매슈 역","앤
2021.11.27 ~ 2022.01.23
브릭스씨어터
매슈 역",,
206,박초록,,,,actor_images\56381.gif," 〈앤ANNE〉 10th Anniversary
2025.11.15 ~ 2026.02.15
대학로 자유극장
앤2 역",,,,
207,김정은,,,,actor_images\49140.gif," 〈앤ANNE〉 10th Anniversary
2025.11.15 ~ 2026.02.15
대학로 자유극장
마릴라 역"," 〈어서 오세요, 휴남동 서점입니다〉 - 서울
2025.04.01 ~ 2026.01.31
루미나아트홀
희주 역","어서 오세요, 휴남동 서점입니다
2025.03.01 ~ 2025.03.31
루미나아트홀
희주 역","장수탕 선녀님
2021.09.16 ~ 2025.03.03
서울숲 씨어터 2관
앙상블2 역",
208,김유진,,,,actor_images\42136.gif," 〈앤ANNE〉 10th Anniversary
2025.11.15 ~ 2026.02.15
대학로 자유극장
다이애나 역","앤
2021.11.27 ~ 2022.01.23
브릭스씨어터
다이애나 역","달그림자 - 인천
2017.12.09 ~ 2017.12.09
인천계양문화회관
수빈 역","제11회 대구국제페스티벌 - 기억을 걷다
2017.06.30 ~ 2017.07.02
대구봉산문화회관 가온홀
백리빈 역","김종욱 찾기
2016.06.17 ~ 2020.12.06
플러스씨어터
그여자 역
관객 전문가"
209,최태이,,,http://www.instagram.com/tae.2._,actor_images\49558.gif," 〈맘마미아!〉 - 용인
2026.01.23 ~ 2026.01.25
용인포은아트홀
소피 역"," 〈맘마미아!〉 - 대전
2026.01.16 ~ 2026.01.18
대전예술의전당 아트홀
소피 역"," 〈맘마미아!〉 - 안산
2025.12.26 ~ 2025.12.28
안산문화예술의전당 해돋이극장
소피 역"," 〈맘마미아〉 - 고양
2025.12.19 ~ 2025.12.21
고양아람누리 아람극장
소피 역"," 〈맘마미아!〉 - 부산
2025.12.12 ~ 2025.12.14
부산시민회관 대극장
소피 역"
210,송영미,1993.10.13,,,actor_images\40909.gif,"［슈가데이#1］  〈아몬드〉
2025.11.15 ~ 2025.11.16
NOL 유니플렉스 1관
도라(이도라) 역"," 〈앤ANNE〉 10th Anniversary
2025.11.15 ~ 2026.02.15
대학로 자유극장
앤1 역"," 〈아몬드〉
2025.09.19 ~ 2025.12.14
NOL 유니플렉스 1관
도라(이도라) 역","관저의 100시간- 제 46회 서울연극제 공식선정작
2025.06.20 ~ 2025.06.29
대학로극장 쿼드
서무직원 역","스탠드 업  - 방구석 
2024.09.29 ~ 2024.12.08
링크아트센터드림 드림4관
한솔 역"
211,송나영,,,,actor_images\31256.gif," 〈앤ANNE〉 10th Anniversary
2025.11.15 ~ 2026.02.15
대학로 자유극장
앤2 역","이솝이야기
2025.03.19 ~ 2025.06.08
예스24스테이지 3관
Whisper(대지) 역","쿠로이 저택엔 누가 살고 있을까？
2024.10.29 ~ 2025.01.19
플러스씨어터
옥희 역"," 정글라이프 - 무안
2024.10.17 ~ 2024.10.17
무안승달문화예술회관
김미화 역","이블데드
2024.06.20 ~ 2024.09.01
NOL 유니플렉스
셰럴 역"
212,조혜령,,,,actor_images\38710.gif," 〈앤ANNE〉 10th Anniversary
2025.11.15 ~ 2026.02.15
대학로 자유극장
다이애나 역","어중씨 이야기 - 인천
2024.11.08 ~ 2024.11.09
동구문화체육센터 공연장
해/처자 외 역","올모스트 메인
2024.03.13 ~ 2024.03.24
한성아트홀 1관","앤
2023.02.03 ~ 2023.04.09
예그린씨어터
다이애나 역","드롭스
2023.01.13 ~ 2023.01.29
예그린씨어터
디아 역"
213,하미미,1983.09.28,,,actor_images\28787.gif," 〈앤ANNE〉 10th Anniversary
2025.11.15 ~ 2026.02.15
대학로 자유극장
린드 역","정글라이프 - 인천
2025.03.22 ~ 2025.03.22
인천학생교육문화회관
홍호란 역","이상한 나라의 춘자씨
2025.02.06 ~ 2025.03.30
더 줌 아트센터
다정 역","정글라이프 - 부안
2024.10.11 ~ 2024.10.11
부안예술회관
홍호란 역","부치하난
2024.09.17 ~ 2024.11.17
홍익대 대학로 아트센터 대극장
곽사장 역"
214,이예슬,1992.11.19,,,actor_images\40759.gif," 〈앤ANNE〉 10th Anniversary
2025.11.15 ~ 2026.02.15
대학로 자유극장
린드 역","어중씨 이야기 - 인천
2024.11.08 ~ 2024.11.09
동구문화체육센터 공연장
꽃/어머니 외 역","너의 역사
2024.05.22 ~ 2024.05.23
3·15아트홀 대극장(구.3·15아트센터)
장윤임 역","단
2023.06.23 ~ 2023.06.25
KT&G 상상마당 대치아트홀
범 역","앤
2023.02.03 ~ 2023.04.09
예그린씨어터
린드 역"
215,정문길,1991.11.05,,,actor_images\40433.gif," 〈앤ANNE〉 10th Anniversary
2025.11.15 ~ 2026.02.15
대학로 자유극장
매슈 역","어중씨 이야기 - 인천
2024.11.08 ~ 2024.11.09
동구문화체육센터 공연장
풀/아들 외 역","로미오와 줄리엣
2023.04.21 ~ 2023.06.25
스타스테이지
티볼트 역","베어 더 
2022.06.22 ~ 2022.09.18
두산아트센터 연강홀
루카스 역","베어 더 
2020.05.29 ~ 2020.08.23
두산아트센터 연강홀
잭 역"
216,임찬민,,,http://www.instagram.com/charm__insta | http://www.youtube.com/c/luckywithcharm,actor_images\30495.gif," 〈앤ANNE〉 10th Anniversary
2025.11.15 ~ 2026.02.15
대학로 자유극장
앤3 역","연극 〈보도지침〉
2025.07.05 ~ 2025.08.17
서울숲씨어터 1관
김주혁 역","관저의 100시간- 제 46회 서울연극제 공식선정작
2025.06.20 ~ 2025.06.29
대학로극장 쿼드
야마다 미사키 역","해적 : THE LAST VOYAGE
2024.11.05 ~ 2025.02.02
링크아트센터 벅스홀
루이스&앤 역","접변
2024.07.20 ~ 2024.09.22
대학로 TOM(티오엠) 2관
CAST 1 역"
217,정세윤,1998.05.23,,,actor_images\52501.gif," 〈앤ANNE〉 10th Anniversary
2025.11.15 ~ 2026.02.15
대학로 자유극장
길버트 역","여신님이 보고 계셔
2024.11.26 ~ 2025.03.03
NOL 유니플렉스 1관
조동현 역","원스 어게인 - 대구
2023.10.14 ~ 2023.10.15
대구봉산문화회관 가온홀
승우 역","아이 캔 플라이
2023.09.07 ~ 2023.10.01
예그린씨어터
정은우 역",
218,정아인,,,,actor_images\47863.gif," 〈앤ANNE〉 10th Anniversary
2025.11.15 ~ 2026.02.15
대학로 자유극장
앤2 역","무명호걸:無名豪傑
2025.02.04 ~ 2025.02.19
CKL 스테이지
화영 역","무명호걸:無名豪傑
2025.01.03 ~ 2025.01.12
NOL 서경스퀘어 스콘 2관
화영 역","탐정케이：수인마을 살인 사건
2024.11.09 ~ 2025.02.02
예그린씨어터
샤론 역","킴즈
2023.09.09 ~ 2023.10.29
KT&G 상상마당 대치아트홀
메리 역"
219,정단비,2000.10.18,,,actor_images\51787.gif,"연극 〈고요한, 미행〉
2026.01.23 ~ 2026.02.15
대학로 TOM(티오엠) 2관
새봄 역"," 〈앤ANNE〉 10th Anniversary
2025.11.15 ~ 2026.02.15
대학로 자유극장
앤1 역","연극 〈소년x소녀x백서〉
2025.10.16 ~ 2025.10.22
산울림 소극장
소녀 역","연극 〈보도지침〉
2025.07.05 ~ 2025.08.17
서울숲씨어터 1관
목소리2 역","흑백다방1991
2025.03.04 ~ 2025.03.30
미마지 아트센터 물빛극장
손님 역"
220,신이나,,,,actor_images\56383.gif," 〈앤ANNE〉 10th Anniversary
2025.11.15 ~ 2026.02.15
대학로 자유극장
마릴라 역",,,,
221,최현미,,,,actor_images\20085.gif," 〈앤ANNE〉 10th Anniversary
2025.11.15 ~ 2026.02.15
대학로 자유극장
마릴라 역 대본 연출","어중씨 이야기 - 인천
2024.11.08 ~ 2024.11.09
동구문화체육센터 공연장
연출","신의 손가락
2023.06.25 ~ 2023.08.20
대학로 드림아트센터 2관
연출","앤
2023.02.03 ~ 2023.04.09
예그린씨어터
마릴라 역","페스트
2022.05.17 ~ 2022.05.22
삼일로 창고극장
공무원 그랑 역"
222,김채윤,2017.04.10,,http://www.instagram.com/chaeninkle | https://youtube.com/@chaeninkle?si=G8M8Z_K4EyakBfUb,actor_images\56275.gif," 〈미세스 다웃파이어〉 - 진주
2026.01.31 ~ 2026.02.01
경상남도문화예술회관 대공연장
나탈리 역"," 〈미세스 다웃파이어〉 - 여수
2026.01.24 ~ 2026.01.25
GS칼텍스 예울마루 대극장
나탈리 역"," 〈미세스 다웃파이어〉 - 인천
2026.01.10 ~ 2026.01.11
인천문화예술회관 대공연장
나탈리 역"," 〈미세스 다웃파이어〉 - 대구
2026.01.03 ~ 2026.01.04
대구오페라하우스
나탈리 역"," 〈미세스 다웃파이어〉 - 세종시
2025.12.19 ~ 2025.12.21
세종예술의전당(세종특별자치시)
나탈리 역"
223,홍성원,1999.01.24,,http://www.instagram.com/sung.won.hong_,actor_images\49752.gif," 〈캐빈〉
2025.11.27 ~ 2026.03.01
et theatre 1 (이티 씨어터 원)
데이 역"," 〈데카브리〉
2025.09.10 ~ 2025.11.30
NOL 서경스퀘어 스콘 1관
아카키 역"," 〈번 더 위치〉
2025.07.08 ~ 2025.10.12
홍익대 대학로 아트센터 소극장
블랭크&딜런 역","개와 고양이의 시간
2025.05.21 ~ 2025.08.10
더굿씨어터
랩터 역","［피크닉#12］ 〈무명, 준희〉
2025.03.18 ~ 2025.03.20
링크아트센터드림 드림2관
준희 역"
224,하도권,1977.03.03,,http://www.instagram.com/hadokwon2018,actor_images\8053.gif," 〈캐빈〉
2025.11.27 ~ 2026.03.01
et theatre 1 (이티 씨어터 원)
마이클 역","시네마틱 오페라 〈메러디스〉 - 성남
2025.06.06 ~ 2025.06.08
성남아트센터 오페라하우스
라루 선장 역","화이트래빗 레드래빗(WHITE RABBIT RED RABBIT)
2025.04.30 ~ 2025.05.25
세종문화회관 S씨어터
배우 역","［야놀자 특가］  〈스윙 데이즈_암호명 A〉
2025.01.21 ~ 2025.01.31
충무아트센터 대극장
황만용 역","스윙 데이즈_암호명 A
2024.11.19 ~ 2025.02.09
충무아트센터 대극장
황만용 역"
225,박호산,1972.10.18,더프로액터스,http://cafe.daum.net/721018,actor_images\3713.jpg," 〈캐빈〉
2025.11.27 ~ 2026.03.01
et theatre 1 (이티 씨어터 원)
마이클 역","연극 〈아무 일도 없었던 듯〉
2025.10.16 ~ 2025.10.19
모두예술극장
경수 역","［놀라운 특가］ 연극 〈아마데우스〉 비지정석
2025.09.24 ~ 2025.11.23
홍익대 대학로 아트센터 대극장
안토니오 살리에리 역","연극 〈아마데우스〉
2025.09.16 ~ 2025.11.23
홍익대 대학로 아트센터 대극장
안토니오 살리에리 역","연극 〈물의 소리〉
2025.08.29 ~ 2025.09.28
예그린씨어터
이동호 역"
226,윤석원,,,http://cafe.daum.net/onetuck.ysw,actor_images\3715.gif," 〈말리〉
2025.12.20 ~ 2026.02.15
백암아트홀
우진 역"," 〈캐빈〉
2025.11.27 ~ 2026.03.01
et theatre 1 (이티 씨어터 원)
마이클 역","브로드웨이 42번가 - 부산
2025.10.17 ~ 2025.10.19
드림씨어터
팻 대닝 역"," 브로드웨이 42번가 -울산
2025.09.26 ~ 2025.09.28
HD아트센터 대공연장
팻 대닝 역"," 〈설공찬〉
2025.09.09 ~ 2025.10.26
KT&G 상상마당 대치아트홀
석산 역"
227,유승현,1985.06.19,,http://www.instagram.com/arthus_artists,actor_images\7085.gif," 〈캐빈〉
2025.11.27 ~ 2026.03.01
et theatre 1 (이티 씨어터 원)
데이 역"," 〈라흐마니노프〉
2025.09.20 ~ 2025.12.14
예스24스테이지 1관
라흐마니노프 역","리틀잭
2025.06.28 ~ 2025.09.21
예스24아트원 2관
잭 피셔 역","2025  〈종의 기원〉 콘서트
2025.04.20 ~ 2025.04.20
성신여대 운정그린캠퍼스 대강당
한유진 역","음악극 〈노베첸토〉
2025.03.19 ~ 2025.06.08
예스24스테이지 2관
나영 역"
228,김상민,1999.01.29,,http://www.instagram.com/meeeen_s/,actor_images\55721.gif,"세상에 없는 이노래가
2025.05.15 ~ 2025.06.15
대학로 아트포레스트 2관
란 역"," 〈어서 오세요, 휴남동 서점입니다〉 - 서울
2025.04.01 ~ 2026.01.31
루미나아트홀
민준 역","고스트 베이커리
2024.12.19 ~ 2025.02.23
두산아트센터 연강홀
구청직원 외 역","사형수는 울었다
2024.07.18 ~ 2024.08.04
스타스테이지
성찬 역","귀환
2019.10.22 ~ 2019.12.01
올림픽공원 우리금융아트홀
앙상블"
229,강동철,1990.02.08,,http://www.instagram.com/popera_dongchul,actor_images\56225.gif," 〈어서 오세요, 휴남동 서점입니다〉 - 서울
2025.04.01 ~ 2026.01.31
루미나아트홀
정서 역",,,,
230,공민규,1990.11.27,,http://www.instagram.com/ithingboy,actor_images\55344.gif," 〈어서 오세요, 휴남동 서점입니다〉 - 서울
2025.04.01 ~ 2026.01.31
루미나아트홀
정서 역","어서 오세요, 휴남동 서점입니다
2025.03.01 ~ 2025.03.31
루미나아트홀
승우 역",,,
231,김여진,,,,actor_images\43125.gif," 〈어서 오세요, 휴남동 서점입니다〉 - 서울
2025.04.01 ~ 2026.01.31
루미나아트홀
영주 역"," 썸데이 - 춘천
2024.12.24 ~ 2024.12.29
춘천 봄내극장
유지해 역","썸데이 - 대구
2024.10.03 ~ 2024.11.15
송죽씨어터
유지해 역","썸데이 - 춘천
2024.09.14 ~ 2024.09.18
춘천 봄내극장
유지해 역","은밀한 연애
2024.08.21 ~ 2025.08.17
시윤아트홀
여자 역"
232,임영식,,,,actor_images\1998.jpg," 〈어서 오세요, 휴남동 서점입니다〉 - 서울
2025.04.01 ~ 2026.01.31
루미나아트홀
정서 역","어서 오세요, 휴남동 서점입니다
2025.03.01 ~ 2025.03.31
루미나아트홀
정서 역","이방인
2024.08.23 ~ 2024.09.22
산울림 소극장
변호사 역","차차차원이 다다른 차원
2023.03.16 ~ 2023.03.18
금나래갤러리","산울림 편지 콘서트
2022.12.16 ~ 2022.12.31
산울림 소극장"
233,엄정욱,1986.04.02,,http://www.instagram.com/jungook042,actor_images\56224.gif,"명성황후 30주년 기념 공연 - 부산
2025.07.18 ~ 2025.07.20
동서대학교 소향씨어터 신한카드홀
앙상블","명성황후 30주년 기념 공연 - 광주
2025.05.09 ~ 2025.05.10
광주예술의전당 대극장
앙상블","명성황후 30주년 기념 공연 - 대전
2025.05.02 ~ 2025.05.04
대전예술의전당 아트홀
앙상블","명성황후 30주년 기념 공연 - 의정부
2025.04.25 ~ 2025.04.27
의정부예술의전당 대극장
앙상블","명성황후 30주년 기념 공연 - 용인
2025.04.18 ~ 2025.04.20
용인포은아트홀
앙상블"
234,류하륜,1995.01.16,,https://www.instagram.com/haryun_ryoo,actor_images\53384.gif," 〈어서 오세요, 휴남동 서점입니다〉 - 서울
2025.04.01 ~ 2026.01.31
루미나아트홀
민준 역","발레판타지아 - 수원
2023.12.19 ~ 2023.12.19
경기아트센터 대극장","나의 장례식에 와줘
2023.10.04 ~ 2023.10.15
열린극장
류복길/황소팔 역","폭풍우 치는 밤에
2023.07.28 ~ 2023.08.20
성신여대 운정그린캠퍼스 대강당","결혼전야
2022.09.07 ~ 2022.09.18
대학로 선돌극장
문혁기 역"
235,한혜란,,,,actor_images\40594.gif," 〈어서 오세요, 휴남동 서점입니다〉 - 서울
2025.04.01 ~ 2026.01.31
루미나아트홀
희주 역","장수탕 선녀님 - 서울숲
2025.03.15 ~ 2026.03.02
서울숲 씨어터 2관
엄마 역","장수탕 선녀님
2021.09.16 ~ 2025.03.03
서울숲 씨어터 2관
엄마 역","앤서니 브라운의 신비한 놀이터
2021.04.23 ~ 2021.08.29
신한카드 SOL 페이 스퀘어 드림홀
앨리스 역","아빠 사랑해요
2018.10.23 ~ 2019.03.03
신한카드 SOL 페이 스퀘어 드림홀"
236,서지아,,,,actor_images\33805.gif," 〈어서 오세요, 휴남동 서점입니다〉 - 서울
2025.04.01 ~ 2026.01.31
루미나아트홀
영주 역","어서 오세요, 휴남동 서점입니다
2025.03.01 ~ 2025.03.31
루미나아트홀
영주 역","목마른 야채
2023.07.08 ~ 2023.07.09
씨어터조이
김선우 역","상대원연가 - 성남
2019.10.03 ~ 2019.10.03
성남아트센터 앙상블시어터
명희 역","로스트 가든 - 용인
2014.01.17 ~ 2014.02.16
용인포은아트홀
엘리자 역"
237,김재은,,,,actor_images\25575.gif," 〈어서 오세요, 휴남동 서점입니다〉 - 서울
2025.04.01 ~ 2026.01.31
루미나아트홀
영주 역","어서 오세요, 휴남동 서점입니다
2025.03.01 ~ 2025.03.31
루미나아트홀
영주 역","오 당신이 잠든 사이 - 인천
2022.11.25 ~ 2022.11.26
동구문화체육센터 공연장
김정연 역","극적인 하룻밤
2021.09.30 ~ 2023.06.11
JS 아트홀
정시후 역","오 당신이 잠든 사이 - 군포
2019.12.24 ~ 2019.12.28
군포문화예술회관 철쭉홀(소공연장)
김정연 역"
238,최윤재,1999.06.26,,http://www.instagram.com/yoonjaechoi_,actor_images\55238.gif," 〈어서 오세요, 휴남동 서점입니다〉 - 서울
2025.04.01 ~ 2026.01.31
루미나아트홀
민준 역","어서 오세요, 휴남동 서점입니다
2025.03.01 ~ 2025.03.31
루미나아트홀
정서 역",,,
239,김도경,1988.04.04,,http://www.instagram.com/act_dk_88,actor_images\55234.gif," 〈어서 오세요, 휴남동 서점입니다〉 - 서울
2025.04.01 ~ 2026.01.31
루미나아트홀
승우 역","어서 오세요, 휴남동 서점입니다
2025.03.01 ~ 2025.03.31
루미나아트홀
승우 역",,,
240,지강혁,,,,actor_images\51174.gif," 〈어서 오세요, 휴남동 서점입니다〉 - 서울
2025.04.01 ~ 2026.01.31
루미나아트홀
승우 역"," 〈연남동 빙굴빙굴 빨래방〉
2024.06.01 ~ 오픈런
대학로 스타시티 7층 후암씨어터
대주 역","나의 PS 파트너 - 부산
2023.01.05 ~ 2023.03.05
BNK부산은행 조은극장 1관
승준 역",,
241,한재우,1988.04.06,,http://www.instagram.com/jaewoodang_0101,actor_images\41065.gif," 〈어서 오세요, 휴남동 서점입니다〉 - 서울
2025.04.01 ~ 2026.01.31
루미나아트홀
승우 역","어서 오세요, 휴남동 서점입니다
2025.03.01 ~ 2025.03.31
루미나아트홀
승우 역","왓 이프 - 제주
2024.12.24 ~ 2024.12.29
비인
차은유 역","왓 이프 - 전주
2024.11.08 ~ 2024.12.25
전주 한해랑아트홀
차은유 역","사형수는 울었다
2024.07.18 ~ 2024.08.04
스타스테이지
종환 역"
242,이정원,1996.02.15,,,actor_images\43020.gif,"창작  〈연가〉
2025.12.04 ~ 2025.12.31
지구인아트홀
이선영&정지혜 역"," 〈어서 오세요, 휴남동 서점입니다〉 - 서울
2025.04.01 ~ 2026.01.31
루미나아트홀
희주 역","진짜나쁜소녀
2024.05.08 ~ 2024.10.31
JTN 아트홀 1관
황지희 역","메리골드
2018.06.02 ~ 2018.12.31
열린극장
보영 역",
243,염승윤,1992.02.16,,,actor_images\46099.gif,"음악극 〈브릴리언트〉
2025.08.04 ~ 2025.08.29
무하아트센터
황지훈 역"," 〈어서 오세요, 휴남동 서점입니다〉 - 서울
2025.04.01 ~ 2026.01.31
루미나아트홀
민준 역","어느 60대 노부부 이야기
2024.12.13 ~ 2025.03.02
JTN 아트홀 1관
지훈 역"," 썸데이
2024.06.05 ~ 2026.01.31
무하아트센터
김이암 역","인사이드 미
2023.03.18 ~ 2023.08.20
(x)플레이더씨어터 (구,마로니에 소극장)
진혁 역"
244,김도희,,,,actor_images\55372.gif," 〈테이크 오프〉
2025.11.14 ~ 2026.02.01
대학로 스타시티
나여라 역","판타지 재난＇1초＇
2025.07.05 ~ 2025.08.17
한전아트센터
강예린 역","6시 퇴근
2025.04.05 ~ 2025.06.29
링크아트센터드림 드림4관
최다연 역",,
245,이든,1980.05.09,,http://www.facebook.com/jongun.lee | http://twitter.com/mooindo10,actor_images\26114.gif," 〈테이크 오프〉
2025.11.14 ~ 2026.02.01
대학로 스타시티
나지원 역","6시 퇴근
2025.04.05 ~ 2025.06.29
링크아트센터드림 드림4관
안성준 역","6시 퇴근
2024.05.17 ~ 2024.08.11
대학로 SH 아트홀
안성준 역","월하가요 - 강릉
2023.06.08 ~ 2023.06.14
강릉 선교장","6시 퇴근
2020.05.22 ~ 2020.07.26
JS 아트홀
안성준 역"
246,오승희,,,,actor_images\51225.gif," 〈테이크 오프〉
2025.11.14 ~ 2026.02.01
대학로 스타시티
나여라 역","6시 퇴근
2025.04.05 ~ 2025.06.29
링크아트센터드림 드림4관
최다연 역","6시 퇴근
2024.05.17 ~ 2024.08.11
대학로 SH 아트홀
최다연 역","임대아파트
2023.03.01 ~ 2023.04.30
대학로 공간아울
선영 역",
247,배윤,,,,actor_images\56363.gif," 〈테이크 오프〉
2025.11.14 ~ 2026.02.01
대학로 스타시티
구해진 역",,,,
248,이하연,,,,actor_images\56364.gif," 〈테이크 오프〉
2025.11.14 ~ 2026.02.01
대학로 스타시티
나여라 역",,,,
249,소연,1994.05.04,,,actor_images\42070.gif," 〈테이크 오프〉
2025.11.14 ~ 2026.02.01
대학로 스타시티
나여라 역","6시 퇴근
2025.04.05 ~ 2025.06.29
링크아트센터드림 드림4관
최다연 역","매직 어드벤처
2018.01.12 ~ 2018.02.18
소월아트홀
올리비아 역",,
250,김록현,,,,actor_images\42607.gif," 〈테이크 오프〉
2025.11.14 ~ 2026.02.01
대학로 스타시티
나지원 역","어서 오세요, 휴남동 서점입니다
2025.03.01 ~ 2025.03.31
루미나아트홀
승우 역","NEW 망원동 브라더스
2024.08.03 ~ 2025.03.02
NOL 유니플렉스
삼동이 역","1919 필라델피아
2022.07.15 ~ 2022.07.31
용산아트홀 대극장 미르
딘 신부 역","차가운 심장
2019.01.25 ~ 2019.02.03
성수아트홀"
251,이태이,1990.02.27,,,actor_images\28618.gif," 〈테이크 오프〉
2025.11.14 ~ 2026.02.01
대학로 스타시티
임선우 역","제19회 DIMF 창작지원작  〈셰익스피스〉 - 대구
2025.06.28 ~ 2025.06.29
대구문화예술회관 비슬홀(소극장)
그린 역","［피크닉#6］스파이
2024.09.26 ~ 2024.09.28
이해랑 예술극장
X 역","스파이
2024.08.06 ~ 2024.10.27
이해랑 예술극장
X 역","6시 퇴근
2024.05.17 ~ 2024.08.11
대학로 SH 아트홀
장보고 역"
252,김찰리,1992.01.31,,http://www.instagram.com/the_seokjoo,actor_images\44855.gif," 〈테이크 오프〉
2025.11.14 ~ 2026.02.01
대학로 스타시티
구해진 역","6시 퇴근
2025.04.05 ~ 2025.06.29
링크아트센터드림 드림4관
윤지석 역","탐정케이：수인마을 살인 사건
2024.11.09 ~ 2025.02.02
예그린씨어터
푸욱 역","NEW 망원동 브라더스
2024.08.03 ~ 2025.03.02
NOL 유니플렉스
오영준 역","6시 퇴근
2024.05.17 ~ 2024.08.11
대학로 SH 아트홀
윤지석 역"
253,리키,1995.02.27,,http://twitter.com/T_Ricky_T,actor_images\36220.gif," 〈테이크 오프〉
2025.11.14 ~ 2026.02.01
대학로 스타시티
구해진 역","6시 퇴근
2025.04.05 ~ 2025.06.29
링크아트센터드림 드림4관
고은호 역","총각네 야채가게
2014.11.21 ~ 2015.01.01
KT&G 상상마당 대치아트홀
박철진 역",,
254,박시환,,,http://cafe.daum.net/parksihwan | http://twitter.com/sihwanpark0730 | http://www.facebook.com/boltguyparksihwan | http://www.youtube.com/channel/UCNjoMs4FufSZToe9Ttcrbzg,actor_images\33892.gif," 〈제임스 바이런 딘〉
2026.01.09 ~ 2026.03.01
극장 온
제임스 역"," 〈테이크 오프〉
2025.11.14 ~ 2026.02.01
대학로 스타시티
임선우 역","막주금라이브 Vol.38 [울림프렌즈]
2025.02.28 ~ 2025.02.28
카페 PPnF","선천적 얼간이들
2024.09.14 ~ 2024.10.27
KT&G 상상마당 대치아트홀
가스파드 역","6시 퇴근
2024.05.17 ~ 2024.08.11
대학로 SH 아트홀
장보고 역"
255,최유민,1995.08.23,,https://www.instagram.com/u_minnnnnnnnn,actor_images\54239.gif,"송승환의 가족 〈호두까기인형〉
2025.12.06 ~ 2026.01.25
올림픽공원 우리금융아트홀","정글북
2025.07.08 ~ 2025.08.24
올림픽공원 우리금융아트홀"," 〈베르테르〉 25주년 공연
2025.01.17 ~ 2025.03.16
디큐브 링크아트센터
앙상블","정글북
2024.07.16 ~ 2024.08.25
올림픽공원 우리금융아트홀
꽃사슴 역",
256,이정민,1996.01.19,,https://www.instagram.com/beluga__lee,actor_images\49848.gif,"송승환의 가족 〈호두까기인형〉
2025.12.06 ~ 2026.01.25
올림픽공원 우리금융아트홀","베어 더  (bare the musical)
2025.06.03 ~ 2025.09.14
두산아트센터 연강홀
잭 역","시라노
2024.12.06 ~ 2025.02.23
예술의전당 CJ 토월극장
앙상블","정글북
2024.07.16 ~ 2024.08.25
올림픽공원 우리금융아트홀
늑대대장 아켈라 역","그날들 - 안성
2023.10.06 ~ 2023.10.07
안성맞춤아트홀 대공연장
앙상블"
257,구다영,1992.06.29,,https://www.instagram.com/9dayo2 | https://youtube.com/@9542world?feature=shared,actor_images\54231.gif,"송승환의 가족 〈호두까기인형〉
2025.12.06 ~ 2026.01.25
올림픽공원 우리금융아트홀","정글북
2024.07.16 ~ 2024.08.25
올림픽공원 우리금융아트홀
비담뱀 카아 역",,,
258,강희윤,1998.10.27,,http://www.instagram.com/hee__liebe/,actor_images\54673.gif,"송승환의 가족 〈호두까기인형〉
2025.12.06 ~ 2026.01.25
올림픽공원 우리금융아트홀","신데룰라 이야기 - 수원
2025.04.18 ~ 2025.04.20
수원문화원(빛누리아트홀)
신데꿀라 역","신데룰라 이야기 - 수원
2024.12.07 ~ 2024.12.08
정조테마공연장
신데꿀라 역","메밀꽃 필 무렵
2024.10.11 ~ 2024.10.20
백암아트홀
책 읽어주는 소녀 역","정글북
2024.07.16 ~ 2024.08.25
올림픽공원 우리금융아트홀
아기 원숭이 역"
259,류정훈,1985.07.20,,,actor_images\22768.gif,"송승환의 가족 〈호두까기인형〉
2025.12.06 ~ 2026.01.25
올림픽공원 우리금융아트홀","정글북
2025.07.08 ~ 2025.08.24
올림픽공원 우리금융아트홀","정글북
2024.07.16 ~ 2024.08.25
올림픽공원 우리금융아트홀
몽키몽 역","이상한 과자가게 전천당
2023.01.19 ~ 2023.03.01
성균관대학교 새천년홀
재섭의사 역","용의자 X의 헌신
2018.05.15 ~ 2018.08.12
예스24스테이지 1관
토가시 / 쿠도 역"
260,장경원,1981.06.28,,,actor_images\27139.gif,"송승환의 가족 〈호두까기인형〉
2025.12.06 ~ 2026.01.25
올림픽공원 우리금융아트홀","정글북
2025.07.08 ~ 2025.08.24
올림픽공원 우리금융아트홀","6시 퇴근
2025.04.05 ~ 2025.06.29
링크아트센터드림 드림4관
노주연 역","정글북
2024.07.16 ~ 2024.08.25
올림픽공원 우리금융아트홀
호랑이 시어칸 역","디어 에반 핸슨
2024.03.28 ~ 2024.06.23
충무아트센터 대극장
래리 머피 역 스윙"
261,도율희,,,,actor_images\28333.gif,"송승환의 가족 〈호두까기인형〉
2025.12.06 ~ 2026.01.25
올림픽공원 우리금융아트홀","고스트 베이커리
2024.12.19 ~ 2025.02.23
두산아트센터 연강홀
순영 역","하데스타운 한국 공연 - 부산
2024.10.18 ~ 2024.11.03
드림씨어터
운명의 여신2 역","하데스타운
2024.07.12 ~ 2024.10.06
샤롯데씨어터
운명의 여신2 역","미드나잇
2022.12.15 ~ 2022.12.31
이화여고 100주년 기념관 화암홀
플레이어 역"
262,박정민,2000.12.22,,http://www.instagram.com/188_makdaegi,actor_images\56424.gif,"송승환의 가족 〈호두까기인형〉
2025.12.06 ~ 2026.01.25
올림픽공원 우리금융아트홀","정글북
2025.07.08 ~ 2025.08.24
올림픽공원 우리금융아트홀",,,
263,양창규,1988.04.12,,,actor_images\33788.gif,"송승환의 가족 〈호두까기인형〉
2025.12.06 ~ 2026.01.25
올림픽공원 우리금융아트홀","정글북
2025.07.08 ~ 2025.08.24
올림픽공원 우리금융아트홀","정글북
2024.07.16 ~ 2024.08.25
올림픽공원 우리금융아트홀
타바키 역","메밀꽃 필 무렵 - 대전
2023.10.13 ~ 2023.10.14
대전시립연정국악원 큰마당
땜장이 역","메밀꽃 필 무렵 - 춘천
2023.09.09 ~ 2023.09.09
춘천 강원대학교 백령아트센터 (구 백령문화관)
땜장이 역"
264,김연서,1999.09.03,,https://www.instagram.com/y_dubu99,actor_images\54234.gif,"송승환의 가족 〈호두까기인형〉
2025.12.06 ~ 2026.01.25
올림픽공원 우리금융아트홀","정글북
2025.07.08 ~ 2025.08.24
올림픽공원 우리금융아트홀","정글북
2024.07.16 ~ 2024.08.25
올림픽공원 우리금융아트홀
아기 원숭이 역",,
265,박가람,1990.10.09,,,actor_images\46461.gif,"송승환의 가족 〈호두까기인형〉
2025.12.06 ~ 2026.01.25
올림픽공원 우리금융아트홀","IJCF 창작 〈켈로〉 - 인천
2025.09.05 ~ 2025.09.07
인천 중구문화회관","하데스타운 한국 공연 - 부산
2024.10.18 ~ 2024.11.03
드림씨어터
운명의 여신3 역","하데스타운
2024.07.12 ~ 2024.10.06
샤롯데씨어터
운명의 여신3 역","여섯 여왕과 함께하는 여민락콘서트 - 세종
2023.05.31 ~ 2023.05.31
세종예술의전당(세종특별자치시)"
266,황민,1999.10.05,,https://www.instagram.com/auspicious__min.99,actor_images\54380.gif,"송승환의 가족 〈호두까기인형〉
2025.12.06 ~ 2026.01.25
올림픽공원 우리금융아트홀","정글북
2025.07.08 ~ 2025.08.24
올림픽공원 우리금융아트홀","삼거리슈퍼스타
2024.05.01 ~ 2024.06.04
스타스테이지
왕근성 역","써니텐
2022.07.08 ~ 2025.02.28
대학로 하마씨어터
멀티 역",
267,함영석,1996.05.22,,http://www.instagram.com/oxeokh,actor_images\56427.gif,"송승환의 가족 〈호두까기인형〉
2025.12.06 ~ 2026.01.25
올림픽공원 우리금융아트홀",,,,
268,심다인,,,,actor_images\56425.gif,"송승환의 가족 〈호두까기인형〉
2025.12.06 ~ 2026.01.25
올림픽공원 우리금융아트홀","정글북
2025.07.08 ~ 2025.08.24
올림픽공원 우리금융아트홀
스윙",,,
269,김유상,,,,actor_images\52959.gif,"송승환의 가족 〈호두까기인형〉
2025.12.06 ~ 2026.01.25
올림픽공원 우리금융아트홀","정글북
2024.07.16 ~ 2024.08.25
올림픽공원 우리금융아트홀
곰 발루 역","템플
2023.12.15 ~ 2024.02.18
NOL 서경스퀘어 스콘 1관
의사 외 역","1인용 식탁
2019.12.11 ~ 2019.12.22
대학로 드림시어터",
270,최병수,1995.07.06,,,actor_images\48170.gif,"송승환의 가족 〈호두까기인형〉
2025.12.06 ~ 2026.01.25
올림픽공원 우리금융아트홀","정글북
2025.07.08 ~ 2025.08.24
올림픽공원 우리금융아트홀","정글북
2024.07.16 ~ 2024.08.25
올림픽공원 우리금융아트홀
느파오 역","산타와 빈양말
2023.11.25 ~ 2023.12.31
올림픽공원 우리금융아트홀
프랜서 역","파리넬리 - 부천
2023.06.23 ~ 2023.06.24
부천 시민회관 대공연장
스윙"
271,장진아,1995.01.02,,,actor_images\52010.gif,"송승환의 가족 〈호두까기인형〉
2025.12.06 ~ 2026.01.25
올림픽공원 우리금융아트홀","설민석의 한국사 대모험 : 안중근
2025.05.01 ~ 2025.06.08
한전아트센터
조마리아 역","제17회 대구국제페스티벌 - 타운 오브 해방
2023.05.26 ~ 2023.05.28
대구서구문화회관
진아 역","헤어드레서 - 계룡
2022.10.22 ~ 2022.10.22
계룡문화예술의전당
장미 역",
272,김창완,1994.10.25,,https://www.instagram.com/wan2_2naw/,actor_images\54235.gif,"송승환의 가족 〈호두까기인형〉
2025.12.06 ~ 2026.01.25
올림픽공원 우리금융아트홀","정글북
2025.07.08 ~ 2025.08.24
올림픽공원 우리금융아트홀","정글북
2024.07.16 ~ 2024.08.25
올림픽공원 우리금융아트홀
코바 역",,
273,이종석,1991.12.18,,,actor_images\45668.gif," 〈트레이스 유〉
2025.12.04 ~ 2026.03.01
링크아트센터 벅스홀
이우빈 역"," 〈마하고니〉
2025.06.17 ~ 2025.08.31
링크아트센터 페이코홀
호스트 역","2025 디즈니 인 콘서트
2025.05.10 ~ 2025.05.11
세종문화회관 대극장","너의 결혼식
2025.03.20 ~ 2025.06.08
NOL 유니플렉스 1관
옥근남 역","미아 파밀리아
2024.12.19 ~ 2025.03.23
링크아트센터드림 드림1관
리차드 역"
274,노윤,1995.10.24,,,actor_images\41822.gif,"WONDERLAND FESTIVAL 2025
2025.12.27 ~ 2026.01.11
경희대학교 평화의전당
3악장 역"," 〈트레이스 유〉
2025.12.04 ~ 2026.03.01
링크아트센터 벅스홀
이우빈 역","너의 결혼식
2025.03.20 ~ 2025.06.08
NOL 유니플렉스 1관
황우연 역","박진주, 민경아, 노윤의  갈라 콘서트
2025.03.08 ~ 2025.03.08
세종국악당","마타하리
2024.12.05 ~ 2025.03.02
LG아트센터 서울 LG SIGNATURE 홀
라두 역"
275,박규원,,,http://www.instagram.com/arthus_artists,actor_images\24832.gif," 〈트레이스 유〉
2025.12.04 ~ 2026.03.01
링크아트센터 벅스홀
구본하 역","리틀잭
2025.06.28 ~ 2025.09.21
예스24아트원 2관
잭 피셔 역"," 〈두 낫 디스터브〉
2025.06.10 ~ 2025.08.31
NOL 서경스퀘어 스콘 1관
카이만 역","배니싱
2025.02.04 ~ 2025.05.25
링크아트센터 페이코홀
의신 역","종의 기원
2024.12.29 ~ 2025.03.23
동덕여대 공연예술센터 코튼홀
한유진2 역"
276,박준형,,,,actor_images\47341.gif," 〈트레이스 유〉
2025.12.04 ~ 2026.03.01
링크아트센터 벅스홀
이우빈 역","너의 결혼식
2025.03.20 ~ 2025.06.08
NOL 유니플렉스 1관
옥근남 역","더 픽션
2024.12.14 ~ 2025.03.09
예스24스테이지 1관
와이트 히스만 역","드라이 플라워
2024.09.24 ~ 2024.12.08
예스24아트원 2관
정성호 역","M 연극 시리즈 2. 연극 〈보도지침〉
2024.08.17 ~ 2024.09.08
마포아트센터 플레이 맥
최돈결 역"
277,변희상,1988.02.25,,,actor_images\35005.gif," 〈이터니티〉
2025.12.27 ~ 2026.03.15
NOL 유니플렉스 1관
블루닷 역"," 〈트레이스 유〉
2025.12.04 ~ 2026.03.01
링크아트센터 벅스홀
구본하 역"," 〈데카브리〉
2025.09.10 ~ 2025.11.30
NOL 서경스퀘어 스콘 1관
알렉세이 역","라흐 헤스트
2025.03.25 ~ 2025.06.15
예스24스테이지 1관
이상 역","미아 파밀리아
2024.12.19 ~ 2025.03.23
링크아트센터드림 드림1관
스티비 역"
278,신은총,,,,actor_images\45809.gif," 〈트레이스 유〉
2025.12.04 ~ 2026.03.01
링크아트센터 벅스홀
구본하 역"," 〈쉐도우〉
2025.09.05 ~ 2025.11.02
백암아트홀
사도 역","오늘 밤, 세계에서 이 사랑이 사라진다 해도
2025.06.13 ~ 2025.08.24
코엑스아티움
사에구사 켄토 역","지저스 크라이스트 수퍼스타 - 부산
2025.01.17 ~ 2025.01.19
드림씨어터
시몬 역","고스트 베이커리
2024.12.19 ~ 2025.02.23
두산아트센터 연강홀
영수 역"
279,정재환,1991.09.22,,,actor_images\39891.gif," 〈트레이스 유〉
2025.12.04 ~ 2026.03.01
링크아트센터 벅스홀
구본하 역"," 〈스트라빈스키〉
2025.07.28 ~ 2025.10.12
대학로 TOM(티오엠) 2관
슘 역"," 〈등등곡〉
2025.06.24 ~ 2025.09.14
예스24스테이지 1관
최윤 역","모리스
2025.03.07 ~ 2025.05.25
NOL 서경스퀘어 스콘 1관
모리스 역","더 픽션
2024.12.14 ~ 2025.03.09
예스24스테이지 1관
와이트 히스만 역"
280,김하엘,2013.05.10,,http://www.instagram.com/hael0510,actor_images\56451.gif,"가족 〈산타와 빈양말〉
2025.11.22 ~ 2025.12.25
나루아트센터 대공연장
샘 역","빼밀리 - 서울(도봉구)
2025.06.07 ~ 2025.06.08
도봉구민회관 대강당 (하모니홀)
현빈 역","빼밀리 - 서울(서대문)
2025.05.17 ~ 2025.05.18
북아현아트홀
현빈 역","빼밀리 - 부천
2025.05.03 ~ 2025.05.04
복사골 문화센터 아트홀
현빈 역","마침내,독립
2024.08.13 ~ 2024.08.13
청라블루노바홀
어린 유관순 역"
281,김호,1974.04.09,,,actor_images\9333.gif,"가족 〈산타와 빈양말〉
2025.11.22 ~ 2025.12.25
나루아트센터 대공연장
산타 역","브로드웨이 42번가 - 부산
2025.10.17 ~ 2025.10.19
드림씨어터
버트 베리 역"," 브로드웨이 42번가 -울산
2025.09.26 ~ 2025.09.28
HD아트센터 대공연장
버트 베리 역"," 〈브로드웨이 42번가〉
2025.07.10 ~ 2025.09.14
샤롯데씨어터
버트 베리 역","브로드웨이 42번가
2022.11.05 ~ 2023.01.15
예술의전당 CJ 토월극장
버트 베리 역"
282,정서우,1994.07.01,,http://www.instagram.com/07pika_nos | http://www.youtube.com/@07pika_nos,actor_images\56473.gif,"가족 〈산타와 빈양말〉
2025.11.22 ~ 2025.12.25
나루아트센터 대공연장
큐피드 역"," 〈가방 들어주는 아이들〉
2025.07.19 ~ 2025.08.31
코바코홀
민준 역","드라랄라 치과 - 노원
2025.05.01 ~ 2025.06.01
노원어린이극장","드라랄라 치과 - 성남
2025.03.22 ~ 2025.03.23
성남아트센터 앙상블시어터","드라랄라 치과 - 대구
2025.03.08 ~ 2025.03.09
아양아트센터 아양홀"
283,최서희,2013.09.26,,https://www.instagram.com/bellalove0926,actor_images\54116.gif,"가족 〈산타와 빈양말〉
2025.11.22 ~ 2025.12.25
나루아트센터 대공연장
찰리 역"," 〈할머니의 여름휴가〉
2025.07.05 ~ 2025.08.31
국립중앙박물관 극장 용
석구 역","산타와 빈양말
2024.11.30 ~ 2024.12.25
강동아트센터 대극장 한강
샘 역","수박 수영장
2024.07.06 ~ 2024.08.25
국립중앙박물관 극장 용
진희 역",
284,홍예지,2013.11.17,,http://www.instagram.com/hong.yj1117 | https://www.youtube.com/@mimiya1117,actor_images\54973.gif,"가족 〈산타와 빈양말〉
2025.11.22 ~ 2025.12.25
나루아트센터 대공연장
샘 역"," 〈할머니의 여름휴가〉
2025.07.05 ~ 2025.08.31
국립중앙박물관 극장 용
소라바다친구 역","산타와 빈양말
2024.11.30 ~ 2024.12.25
강동아트센터 대극장 한강
샘 역",,
285,김시연,,,,actor_images\53124.gif,"가족 〈산타와 빈양말〉
2025.11.22 ~ 2025.12.25
나루아트센터 대공연장
엄마 역","신통방통 홈쇼핑
2024.12.07 ~ 2025.01.26
예림당아트홀
주영 역","수박 수영장
2023.07.01 ~ 2023.08.27
국립중앙박물관 극장 용
씨앗요정 역",,
286,박민혁,,,,actor_images\54118.gif,"가족 〈산타와 빈양말〉
2025.11.22 ~ 2025.12.25
나루아트센터 대공연장
프랜서 역","수박 수영장
2024.07.06 ~ 2024.08.25
국립중앙박물관 극장 용
씨앗요정 역",,,
287,추수지,,,,actor_images\46055.gif,"가족 〈산타와 빈양말〉
2025.11.22 ~ 2025.12.25
나루아트센터 대공연장
마스 역","신통방통 홈쇼핑
2024.12.07 ~ 2025.01.26
예림당아트홀
할머니 역","수박 수영장
2024.07.06 ~ 2024.08.25
국립중앙박물관 극장 용
함안댁 역","내 마음은 무지
2024.01.20 ~ 2024.02.25
올림픽공원 우리금융아트홀
제이지 역","안녕 자두야 - 부산
2023.10.28 ~ 2023.10.29
KBS부산홀
엄마(난향) 역"
288,이서윤,2014.01.23,,http://www.instagram.com/yuni__ing,actor_images\56449.gif,"가족 〈산타와 빈양말〉
2025.11.22 ~ 2025.12.25
나루아트센터 대공연장
찰리 역","이상한 어린이 연극 - 오감도
2025.04.25 ~ 2025.05.05
아이들극장
AI 로라 역","소작지 - 성남
2024.11.08 ~ 2024.11.09
성남아트센터 앙상블시어터
금동이 역","바다쓰기 - 부천
2024.06.08 ~ 2024.06.09
부천 시민회관 소공연장
서우 역","오감도
2024.04.26 ~ 2024.05.06
아이들극장
아해 역"
289,권나예,2013.10.09,,http://www.instagram.com/ming_cecilia8188 | http://www.youtube.com/@8025knight,actor_images\56448.gif,"가족 〈산타와 빈양말〉
2025.11.22 ~ 2025.12.25
나루아트센터 대공연장
찰리 역",,,,
290,권민수,,,,actor_images\23662.gif," 〈푸른 사자 와니니〉
2026.01.03 ~ 2026.01.25
노원문화예술회관 대공연장
아산테 역","가족 〈산타와 빈양말〉
2025.11.22 ~ 2025.12.25
나루아트센터 대공연장
산타 역","산타와 빈양말
2024.11.30 ~ 2024.12.25
강동아트센터 대극장 한강
산타 역","공룡이 살아있다
2024.01.09 ~ 2024.02.25
국립중앙박물관 극장 용
관장 역","산타와 빈양말
2023.11.25 ~ 2023.12.31
올림픽공원 우리금융아트홀
산타 역"
291,이진시,,,,actor_images\50734.gif,"가족 〈산타와 빈양말〉
2025.11.22 ~ 2025.12.25
나루아트센터 대공연장
루돌프 역","신통방통 홈쇼핑
2024.12.07 ~ 2025.01.26
예림당아트홀
대성 역","수박 수영장
2024.07.06 ~ 2024.08.25
국립중앙박물관 극장 용
아빠 역","수박 수영장
2023.07.01 ~ 2023.08.27
국립중앙박물관 극장 용
아빠 역","수박 수영장 - 대구
2022.11.12 ~ 2022.11.13
대구 엑스코 오디토리움
구름장수 역"
292,윤민석,1996.10.04,,,actor_images\54981.gif,"가족 〈산타와 빈양말〉
2025.11.22 ~ 2025.12.25
나루아트센터 대공연장
도너 역","산타와 빈양말
2024.11.30 ~ 2024.12.25
강동아트센터 대극장 한강
도너 역",,,
293,황희상,1997.05.15,,http://www.instagram.com/snoowhhite,actor_images\54980.gif,"가족 〈산타와 빈양말〉
2025.11.22 ~ 2025.12.25
나루아트센터 대공연장
크리스 역","수원시립공연단 창작 〈향화〉 - 수원
2025.09.05 ~ 2025.09.07
수원 SK아트리움 대공연장
한연향 외 역","산타와 빈양말
2024.11.30 ~ 2024.12.25
강동아트센터 대극장 한강
크리스 역","아빠의 청춘 - 수원
2024.05.11 ~ 2024.05.19
정조테마공연장
코러스 역","아빠의 청춘
2023.12.01 ~ 2023.12.03
정조테마공연장
코러스 역"
294,정지우,2014.02.18,,http://www.instagram.com/puppkittbunn,actor_images\56472.gif,"가족 〈산타와 빈양말〉
2025.11.22 ~ 2025.12.25
나루아트센터 대공연장
샘 역","시네마틱 오페라 〈메러디스〉 - 성남
2025.06.06 ~ 2025.06.08
성남아트센터 오페라하우스
최숙희 역"," '애니' - 세종
2024.11.15 ~ 2024.11.17
세종예술의전당(세종특별자치시)
제시 역"," '애니'
2024.10.01 ~ 2024.10.27
유니버설아트센터
제시 역",
295,강준영,,,,actor_images\56039.gif,"가족 〈산타와 빈양말〉
2025.11.22 ~ 2025.12.25
나루아트센터 대공연장
아빠 역"," 〈할머니의 여름휴가〉
2025.07.05 ~ 2025.08.31
국립중앙박물관 극장 용
소라바다친구 역",,,
296,윤현선,,,http://www.instagram.com/yun_hs94,actor_images\50620.gif," 〈집이 없어〉
2025.11.26 ~ 2025.12.28
서울숲 씨어터 2관
박주완 역"," ‘버스, 너 뭐니？!’ 시즌 4
2025.09.06 ~ 2025.09.06
구로꿈나무극장","음악극 불편한 테레비 - 하남
2024.10.24 ~ 2024.10.24
하남문화예술회관 소극장(아랑홀)
어린이하남/강한 역","버스, 너 뭐니？! 시즌 3
2024.09.07 ~ 2024.09.07
모두예술극장
진호 역","5! 해피맨
2024.05.17 ~ 2024.07.27
더굿씨어터
안토니오 역"
297,정이운,1997.01.14,,http://www.instagram.com/e_wooon/,actor_images\54858.gif," 〈집이 없어〉
2025.11.26 ~ 2025.12.28
서울숲 씨어터 2관
백은영 역"," 〈골령〉 - 서울
2025.11.13 ~ 2025.11.23
대학로 드림시어터
이기자 역"," 〈골령〉 - 대전
2025.11.06 ~ 2025.11.09
대전 이음아트홀
이기자 역"," 〈다시, 동물원〉
2025.06.26 ~ 2025.09.14
동덕여대 공연예술센터 코튼홀
유준열 역","6시 퇴근
2025.04.05 ~ 2025.06.29
링크아트센터드림 드림4관
윤지석 역"
298,홍이솔,1996.12.14,,,actor_images\49138.gif," 〈집이 없어〉
2025.11.26 ~ 2025.12.28
서울숲 씨어터 2관
김마리 역"," 〈마리 퀴리〉
2025.07.25 ~ 2025.10.19
광림아트센터 BBCH홀
아멜리아/루이스 역","어중씨 이야기 - 인천
2024.11.08 ~ 2024.11.09
동구문화체육센터 공연장
바람/영철이 외 역","마리 퀴리
2023.11.24 ~ 2024.02.18
홍익대 대학로 아트센터 대극장
아멜리에 마예프스키/루이스 보론스카 역","마리 퀴리 - 부산
2023.10.14 ~ 2023.10.15
부산문화회관 대극장
아멜리에 마예프스키/루이스 보론스카 역"
299,김경록,1997.02.07,,,actor_images\37813.gif," 〈집이 없어〉
2025.11.26 ~ 2025.12.28
서울숲 씨어터 2관
고해준 역"," 〈타조 소년들〉
2025.09.04 ~ 2025.11.23
대학로 TOM(티오엠) 1관
심 역","2025 디즈니 인 콘서트
2025.05.10 ~ 2025.05.11
세종문화회관 대극장","모리스
2025.03.07 ~ 2025.05.25
NOL 서경스퀘어 스콘 1관
알렉 역"," 〈클로버〉 스페셜 스테이지
2024.12.08 ~ 2024.12.09
대학로 자유극장
정인 역"
300,황건우,1999.07.19,,,actor_images\54847.gif," 〈집이 없어〉
2025.11.26 ~ 2025.12.28
서울숲 씨어터 2관
고해준 역","베어 더  (bare the musical)
2025.06.03 ~ 2025.09.14
두산아트센터 연강홀
맷 역"," 〈뱀프 X 헌터〉
2024.04.12 ~ 오픈런
JS 아트홀
김준홍 역",,
301,조성태,1994.05.26,,,actor_images\49337.gif," 〈집이 없어〉
2025.11.26 ~ 2025.12.28
서울숲 씨어터 2관
백은영 역"," 〈이름 없는 약속들로부터〉
2025.10.10 ~ 2025.12.28
극장 온
이우현 역","미아 파밀리아
2024.12.19 ~ 2025.03.23
링크아트센터드림 드림1관
오스카 역","달가림
2023.10.13 ~ 2023.10.29
예그린씨어터
무영 역","이프 아이 월 유
2023.07.01 ~ 2023.07.01
KT&G 상상마당 대치아트홀
강인호 역"
302,위예경,1997.09.07,,http://www.instagram.com/ouioui970907/,actor_images\56404.gif," 〈집이 없어〉
2025.11.26 ~ 2025.12.28
서울숲 씨어터 2관
강하라 역","스윙 데이즈_암호명 A
2024.11.19 ~ 2025.02.09
충무아트센터 대극장
앙상블","레미제라블 - 부산
2023.10.11 ~ 2023.11.19
드림씨어터
앙상블","청춘기록
2022.12.02 ~ 2022.12.28
동서울 아트홀
온유리 역","달이와 하루
2022.11.14 ~ 2022.11.20
동서울 아트홀
최달 역"
303,문준혁,,,,actor_images\28643.gif,"죽으러 왔습니다 - 경기 광주
2025.09.20 ~ 2025.09.20
광주시문화예술의전당 맹사성홀","댄스  '문나이트' - 연천
2024.07.13 ~ 2024.07.13
연천수레울아트홀 대공연장
악동 역","가요톱텐 - 안양
2024.06.23 ~ 2024.06.23
안양아트센터 대공연장 (관악홀)
댄서문 역"," 〈김종욱 찾기〉
2024.01.01 ~ 2026.01.31
브릭스씨어터
멀티맨 역","가장 보통의 연애
2023.10.30 ~ 2023.12.31
대학로 연극플레이스 혜화
멀티 역"
304,김진우,,,,actor_images\18187.gif,"코뿔소
2025.12.09 ~ 2025.12.14
북촌창우극장
장 역","사이클
2024.08.01 ~ 2024.08.11
후암스테이지
남편 역","밑바닥에서
2024.04.16 ~ 2024.04.21
열린극장
싸찐 역"," 〈김종욱 찾기〉
2024.01.01 ~ 2026.01.31
브릭스씨어터
멀티맨 역","상상병 환자
2023.08.08 ~ 2023.08.13
한성아트홀 2관
아르강 역"
305,김도현,1992.06.26,,http://www.addict.co.kr/,actor_images\44364.gif,"친정엄마 - 부산
2024.04.06 ~ 2024.04.07
부산시민회관 대극장
사위 역"," 〈김종욱 찾기〉
2024.01.01 ~ 2026.01.31
브릭스씨어터
그 남자 역","친정엄마
2023.03.28 ~ 2023.06.04
디큐브 링크아트센터
남편(사위) 역","김종욱 찾기
2022.11.18 ~ 2023.12.31
브릭스씨어터
그 남자 역","리미트
2018.04.25 ~ 2023.08.31
JTN 아트홀 2관
구봉필 역"
306,구현우,1999.07.10,,http://www.instagram.com/ns_9c_31ds,actor_images\55788.gif," 〈김종욱 찾기〉
2024.01.01 ~ 2026.01.31
브릭스씨어터
멀티맨 역",,,,
307,김지욱,1994.01.26,,http://www.instagram.com/wook_e_k,actor_images\43479.gif,"미래에 사는 남자 과거에 사는 여자
2024.07.30 ~ 2024.08.04
대학로 코델 아트홀
남자 역","미래에 사는 남자 과거에 사는 여자
2024.06.18 ~ 2024.06.23
플랫폼74
남자 역","사춘기 메들리
2024.02.01 ~ 2025.01.31
대학로 아티스탄홀
신영복 역"," 〈김종욱 찾기〉
2024.01.01 ~ 2026.01.31
브릭스씨어터
멀티맨 역","가장 보통의 연애
2022.08.13 ~ 2023.08.31
대학로 연극플레이스 혜화
멀티 역"
308,한창훈,2001.03.31,,http://www.instagram.com/dorii_cha,actor_images\55790.gif," 〈레드북〉
2025.09.23 ~ 2025.12.07
유니버설아트센터
앙상블"," 〈김종욱 찾기〉
2024.01.01 ~ 2026.01.31
브릭스씨어터
그 남자 역",,,
309,정현준,1996.10.01,,,actor_images\50868.gif,"바스커빌 : 셜록홈즈 미스터리 Chapter2
2024.06.22 ~ 2025.03.09
예스24아트원 3관
왓슨 역"," 〈김종욱 찾기〉
2024.01.01 ~ 2026.01.31
브릭스씨어터
그 남자 역","투모로우 모닝
2023.08.12 ~ 2023.09.30
대학로 아트하우스
존 역","투모로우 모닝
2023.06.03 ~ 오픈런
대학로 자유극장
존 역","김종욱 찾기
2022.11.18 ~ 2023.12.31
브릭스씨어터
그 남자 역"
310,양채현,2002.04.08,,http://www.instagram.com/cogusdid,actor_images\55789.gif," 〈김종욱 찾기〉
2024.01.01 ~ 2026.01.31
브릭스씨어터
그 여자 역",,,,
311,박지연,1998.07.13,,http://www.instagram.com/park.___.jiyeon,actor_images\50194.gif," 〈김종욱 찾기〉
2024.01.01 ~ 2026.01.31
브릭스씨어터
그 여자 역","로맨틱톡
2023.05.12 ~ 2023.07.16
씨어터 앤 펍 맥거핀
오연아 역","로맨틱톡
2022.12.29 ~ 2023.02.19
씨어터 앤 펍 맥거핀
오연아 역","그새끼
2022.11.15 ~ 2022.12.28
씨어터 앤 펍 맥거핀
보미 역 기획","그새끼
2022.10.25 ~ 2022.10.30
대학로 코델 아트홀
보미 역 기획"
312,서현석,1998.03.29,,http://www.instagram.com/sohnsk_/,actor_images\53784.gif,"오즈의 의류수거함
2024.05.01 ~ 2024.06.02
대학로 시온아트홀
195 역"," 〈김종욱 찾기〉
2024.01.01 ~ 2026.01.31
브릭스씨어터
그 남자 역","귀환
2019.10.22 ~ 2019.12.01
올림픽공원 우리금융아트홀
앙상블",,
313,김소정,1993.06.25,,,actor_images\40445.gif,"세상에 없는 이노래가
2025.05.15 ~ 2025.06.15
대학로 아트포레스트 2관
채나 역"," 썸데이 - 춘천
2024.12.24 ~ 2024.12.29
춘천 봄내극장
유지해 역","썸데이 - 대구
2024.10.03 ~ 2024.11.15
송죽씨어터
유지해 역","사형수는 울었다
2024.07.18 ~ 2024.08.04
스타스테이지
민희 역"," 썸데이
2024.06.05 ~ 2026.01.31
무하아트센터
유지해 역"
314,강수지,,,http://www.instagram.com/s.ooji0_,actor_images\34801.gif," 〈김종욱 찾기〉
2024.01.01 ~ 2026.01.31
브릭스씨어터
그 여자 역","인사이드 미
2024.01.01 ~ 2025.07.27
JTN 아트홀 2관
IS인별 역","갤럭시키즈
2017.07.14 ~ 2017.08.27
구로아트밸리 예술극장","영어 구름빵
2015.05.09 ~ 2015.06.07
KT&G 상상마당 대치아트홀
홍비 역","두리둥실 뭉게공항
2014.04.25 ~ 2014.05.25
한전아트센터
에밀리 역"
315,이서은,,,,actor_images\50144.gif,"장수탕 선녀님 - 서울숲
2025.03.15 ~ 2026.03.02
서울숲 씨어터 2관
엄마 역","아머드 사우루스
2022.04.22 ~ 2022.05.22
올림픽공원 우리금융아트홀
Y 역","장수탕 선녀님
2021.09.16 ~ 2025.03.03
서울숲 씨어터 2관
엄마 역","봄날의 곰
2020.07.03 ~ 2020.08.30
대학로 세우아트센터
시원 역","핑크퐁과 아기상어의 바다대모험
2019.07.13 ~ 2019.08.25
신한카드 SOL 페이 스퀘어 라이브홀
전기 뱀장어 역"
316,이유빈,2001.07.16,,http://www.instagram.com/dldbqls95/,actor_images\56230.gif,"목마른 야채
2025.07.31 ~ 2025.08.01
오유아트홀","장수탕 선녀님 - 서울숲
2025.03.15 ~ 2026.03.02
서울숲 씨어터 2관
선녀님 역",,,
317,최유경,2000.03.08,,https://www.instagram.com/y_k__twkl/,actor_images\56229.gif,"장수탕 선녀님 - 서울숲
2025.03.15 ~ 2026.03.02
서울숲 씨어터 2관
덕지 역","드리머스
2023.11.16 ~ 2023.11.22
세종문화회관 M씨어터",,,
318,마동모,1993.08.19,,http://www.instagram.com/DONGLEMO00,actor_images\56232.gif,"장수탕 선녀님 - 서울숲
2025.03.15 ~ 2026.03.02
서울숲 씨어터 2관
앙상블1 역",,,,
319,안가은,2000.05.05,,,actor_images\50723.gif,"장수탕 선녀님 - 서울숲
2025.03.15 ~ 2026.03.02
서울숲 씨어터 2관
앙상블3 역","이상한 엄마
2023.07.14 ~ 2023.08.27
나루아트센터 대공연장
앙상블2 역","이상한 엄마
2022.12.08 ~ 2023.02.26
신한카드 SOL 페이 스퀘어 라이브홀
앙상블2 역","장수탕 선녀님
2021.09.16 ~ 2025.03.03
서울숲 씨어터 2관
앙상블3 역",
320,이영현,1999.06.24,,,actor_images\51075.gif,"장수탕 선녀님 - 서울숲
2025.03.15 ~ 2026.03.02
서울숲 씨어터 2관
앙상블2 역","더 킹
2022.09.20 ~ 2022.12.30
대학로 스타시티 7층 후암씨어터
고해빈 역",,,
321,박나연,,,,actor_images\34153.gif,"장수탕 선녀님 - 서울숲
2025.03.15 ~ 2026.03.02
서울숲 씨어터 2관
앙상블2 역","어서 오세요, 휴남동 서점입니다
2025.03.01 ~ 2025.03.31
루미나아트홀
희주 역","어서 오세요, 휴남동 서점입니다
2024.10.05 ~ 2024.11.10
CJ 아지트 대학로(구 SM아트홀)
희주 역","불편한 편의점
2023.04.08 ~ 오픈런
올웨이즈씨어터
오선숙 역","연극 〈2호선세입자〉 : 지하철 생존 코미디
2022.01.14 ~ 오픈런
대학로 바탕골 소극장
방배 역"
322,최성애,,,,actor_images\26478.gif,"내사랑 은경씨
2025.06.05 ~ 2025.06.05
상명아트홀 2관
딸 역","장수탕 선녀님 - 서울숲
2025.03.15 ~ 2026.03.02
서울숲 씨어터 2관
엄마 역","당신만이
2021.11.19 ~ 2021.12.31
JTN 아트홀 3관
딸 강은지 역","장수탕 선녀님
2021.09.16 ~ 2025.03.03
서울숲 씨어터 2관
엄마 역","바보사랑
2018.12.01 ~ 2019.02.02
세븐파이프 홀
이맑음 역"
323,김다솔,2003.07.14,,http://www.instagram.com/solsol_2772,actor_images\55479.gif,"장수탕 선녀님 - 서울숲
2025.03.15 ~ 2026.03.02
서울숲 씨어터 2관
덕지 역",,,,
324,이희원,1999.01.06,,,actor_images\55481.gif,"장수탕 선녀님 - 서울숲
2025.03.15 ~ 2026.03.02
서울숲 씨어터 2관
앙상블3 역",,,,
325,윤영홍,1996.10.14,,,actor_images\56231.gif,"장수탕 선녀님 - 서울숲
2025.03.15 ~ 2026.03.02
서울숲 씨어터 2관
앙상블1 역",,,,
326,루나,1993.08.12,(주)SM엔터테인먼트,http://luna.smtown.com/,actor_images\24400.gif," 〈맘마미아!〉 - 용인
2026.01.23 ~ 2026.01.25
용인포은아트홀
소피 역"," 〈맘마미아!〉 - 대전
2026.01.16 ~ 2026.01.18
대전예술의전당 아트홀
소피 역"," 〈맘마미아!〉 - 안산
2025.12.26 ~ 2025.12.28
안산문화예술의전당 해돋이극장
소피 역"," 〈말리〉
2025.12.20 ~ 2026.02.15
백암아트홀
말리 역"," 〈맘마미아〉 - 고양
2025.12.19 ~ 2025.12.21
고양아람누리 아람극장
소피 역"
327,신영숙,1975.11.26,,http://cafe.naver.com/shiningshin,actor_images\4500.gif," 〈맘마미아!〉 - 용인
2026.01.23 ~ 2026.01.25
용인포은아트홀
도나 역"," 〈맘마미아!〉 - 대전
2026.01.16 ~ 2026.01.18
대전예술의전당 아트홀
도나 역"," 〈맘마미아!〉 - 안산
2025.12.26 ~ 2025.12.28
안산문화예술의전당 해돋이극장
도나 역"," 〈맘마미아〉 - 고양
2025.12.19 ~ 2025.12.21
고양아람누리 아람극장
도나 역"," 〈맘마미아!〉 - 부산
2025.12.12 ~ 2025.12.14
부산시민회관 대극장
도나 역"
328,김정민,1970.08.23,,http://m.blog.naver.com/rumiko_life | http://twitter.com/jake82054,actor_images\13485.gif," 〈맘마미아!〉 - 용인
2026.01.23 ~ 2026.01.25
용인포은아트홀
샘 역"," 〈맘마미아!〉 - 대전
2026.01.16 ~ 2026.01.18
대전예술의전당 아트홀
샘 역"," 〈맘마미아!〉 - 안산
2025.12.26 ~ 2025.12.28
안산문화예술의전당 해돋이극장
샘 역"," 〈맘마미아〉 - 고양
2025.12.19 ~ 2025.12.21
고양아람누리 아람극장
샘 역"," 〈맘마미아!〉 - 부산
2025.12.12 ~ 2025.12.14
부산시민회관 대극장
샘 역"
329,장현성,1970.07.17,,,actor_images\2864.jpg," 〈맘마미아!〉 - 용인
2026.01.23 ~ 2026.01.25
용인포은아트홀
샘 역"," 〈맘마미아!〉 - 대전
2026.01.16 ~ 2026.01.18
대전예술의전당 아트홀
샘 역"," 〈맘마미아!〉 - 안산
2025.12.26 ~ 2025.12.28
안산문화예술의전당 해돋이극장
샘 역"," 〈맘마미아〉 - 고양
2025.12.19 ~ 2025.12.21
고양아람누리 아람극장
샘 역"," 〈맘마미아!〉 - 부산
2025.12.12 ~ 2025.12.14
부산시민회관 대극장
샘 역"
330,이현우,1966.03.06,(주)에이치더블유 엔터프라이즈,,actor_images\1319.gif," 〈맘마미아!〉 - 용인
2026.01.23 ~ 2026.01.25
용인포은아트홀
해리 역"," 〈맘마미아!〉 - 대전
2026.01.16 ~ 2026.01.18
대전예술의전당 아트홀
해리 역"," 〈맘마미아!〉 - 안산
2025.12.26 ~ 2025.12.28
안산문화예술의전당 해돋이극장
해리 역"," 〈맘마미아〉 - 고양
2025.12.19 ~ 2025.12.21
고양아람누리 아람극장
해리 역"," 〈맘마미아!〉 - 부산
2025.12.12 ~ 2025.12.14
부산시민회관 대극장
해리 역"
331,김진수,,,,actor_images\379.gif,"〈몽유도원〉
2026.01.27 ~ 2026.02.22
국립극장 해오름극장
해수 역"," 〈맘마미아!〉 - 안산
2025.12.26 ~ 2025.12.28
안산문화예술의전당 해돋이극장
빌 역"," 〈맘마미아〉 - 고양
2025.12.19 ~ 2025.12.21
고양아람누리 아람극장
빌 역"," 〈맘마미아!〉 - 부산
2025.12.12 ~ 2025.12.14
부산시민회관 대극장
빌 역"," 〈맘마미아〉 - 인천
2025.11.21 ~ 2025.11.23
인천문화예술회관 대공연장
빌 역"
332,김경선,,,,actor_images\3730.jpg," 〈맘마미아!〉 - 용인
2026.01.23 ~ 2026.01.25
용인포은아트홀
로지 역"," 〈맘마미아!〉 - 대전
2026.01.16 ~ 2026.01.18
대전예술의전당 아트홀
로지 역"," 〈맘마미아!〉 - 안산
2025.12.26 ~ 2025.12.28
안산문화예술의전당 해돋이극장
로지 역"," 〈맘마미아〉 - 고양
2025.12.19 ~ 2025.12.21
고양아람누리 아람극장
로지 역"," 〈맘마미아!〉 - 부산
2025.12.12 ~ 2025.12.14
부산시민회관 대극장
로지 역"
333,최정원,1969.08.02,,http://cafe.daum.net/choi-jungwon | http://twitter.com/jackie991,actor_images\3728.gif," 〈맘마미아!〉 - 용인
2026.01.23 ~ 2026.01.25
용인포은아트홀
도나 역"," 〈맘마미아!〉 - 대전
2026.01.16 ~ 2026.01.18
대전예술의전당 아트홀
도나 역"," 〈맘마미아!〉 - 안산
2025.12.26 ~ 2025.12.28
안산문화예술의전당 해돋이극장
도나 역"," 〈맘마미아〉 - 고양
2025.12.19 ~ 2025.12.21
고양아람누리 아람극장
도나 역"," 〈맘마미아!〉 - 부산
2025.12.12 ~ 2025.12.14
부산시민회관 대극장
도나 역"
334,김서아,,,,actor_images\40200.gif,"마하랑 떠나요 - 수도SONG 세계여행 - 고양
2025.02.15 ~ 2026.01.31
한국항공대학교 투데이아트홀","고트(GOTT)
2024.09.06 ~ 2024.09.15
아르코예술극장 소극장
기획","숲
2023.12.22 ~ 2023.12.31
아르코예술극장 소극장
엘렌 역","12인의 성난 사람들
2023.05.04 ~ 2023.06.04
미마지 아트센터 눈빛극장
11번 배심원 역","제7회 도담도담 페스티벌
2022.11.02 ~ 2022.12.11
우리소극장"
335,심진보,,,,actor_images\55866.gif,"마하랑 떠나요 - 수도SONG 세계여행 - 고양
2025.02.15 ~ 2026.01.31
한국항공대학교 투데이아트홀",,,,
336,허지연,,,,actor_images\48091.gif,"마하랑 떠나요 - 수도SONG 세계여행 - 고양
2025.02.15 ~ 2026.01.31
한국항공대학교 투데이아트홀","한국사 대모험
2023.01.21 ~ 2023.02.26
광림아트센터 BBCH홀
앙상블","태양의 노래
2022.05.03 ~ 2022.06.26
한전아트센터
앙상블","세계 문명 탐험대
2021.12.11 ~ 2022.01.23
나루아트센터 대공연장
보보할머니 역","슈퍼윙스 빅콘서트
2021.07.31 ~ 2021.08.08
백암아트홀"
337,원덕현,1996.08.09,,http://www.instagram.com/wondukhyun,actor_images\50359.gif,"마하랑 떠나요 - 수도SONG 세계여행 - 고양
2025.02.15 ~ 2026.01.31
한국항공대학교 투데이아트홀
마하 역","A Very Simple Story
2024.11.06 ~ 2024.11.17
대학로 드림시어터","추적
2022.10.21 ~ 2023.01.15
대학로 SH 아트홀
마일로 역","모스크바 갈매기
2021.08.18 ~ 2021.08.22
안똔체홉극장
안드레이 역",
338,신우성,1993.06.22,,,actor_images\45343.gif,"마하랑 떠나요 - 수도SONG 세계여행 - 고양
2025.02.15 ~ 2026.01.31
한국항공대학교 투데이아트홀
마하 역","독립군
2023.06.14 ~ 2023.06.18
대학로 드림시어터
상철 역","스위치
2017.07.18 ~ 2022.01.31
아루또 소극장
이달수 역",,
339,홍규영,1997.11.25,,,actor_images\56040.gif,"런던레코드
2024.08.15 ~ 2025.12.31
엠스테이지
스칼렛 역",,,,
340,박주연,1998.08.01,,http://www.instagram.com/starring_fleur/,actor_images\55072.gif,"런던레코드
2024.08.15 ~ 2025.12.31
엠스테이지
스칼렛 역","언제는 행복하지 않은 순간이 있었나요
2023.03.14 ~ 2024.06.29
M스테이지
두나 역",,,
341,이나영,2000.10.23,,,actor_images\55197.gif,"드림스쿨
2025.12.18 ~ 2025.12.28
후암스테이지 1관
예린 역","두여자 - 대구
2025.01.10 ~ 2025.12.31
대구 하모니아 아트홀 2관
주명희 역",,,
342,김리은,,,,actor_images\44717.gif,"드림스쿨
2025.12.18 ~ 2025.12.28
후암스테이지 1관
춘자 역","연극 귀향 도조 이삼평 - 공주
2025.09.07 ~ 2025.09.07
공주문예회관 대공연장
정령 역","알라딘 - 성남
2025.07.02 ~ 2025.07.26
한국잡월드 나래울극장
자스민 역","산타클로스와 브레멘 음악대 - 성남
2024.12.07 ~ 2024.12.31
한국잡월드 나래울극장
고양이 역","시카고의 아이들
2024.10.09 ~ 2024.10.13
CTS아트홀
케시 역"
343,유여빈,1999.06.30,,,actor_images\56644.gif,"드림스쿨
2025.12.18 ~ 2025.12.28
후암스테이지 1관
예린 역"," 타키포오 ［몬스터 전쟁의 서막 ; 더 좀비］ - 과천
2025.09.20 ~ 2025.09.21
국립과천과학관 어울림홀","디스코걸즈
2024.04.17 ~ 오픈런
더굿씨어터
진방글 역",,
344,나규진,,,,actor_images\29675.gif,"드림스쿨
2025.12.18 ~ 2025.12.28
후암스테이지 1관
담임 및 박사 역","동물없는가족
2025.02.26 ~ 2025.03.09
대학로 공간아울","무간도, 2인실
2023.01.25 ~ 2023.02.12
대학로 공간아울
무간도 - 철 역","해주미용실
2019.08.29 ~ 2019.09.08
나온 씨어터
김성덕 역","두 바퀴로 가는 자동차
2019.07.03 ~ 2019.07.14
대학로 공간아울
영창 역"
345,안은수,1996.01.02,,http://www.instagram.com/ahn_eunsu/,actor_images\56679.gif,"드림스쿨
2025.12.18 ~ 2025.12.28
후암스테이지 1관
수아 역",,,,
346,이황주,1997.01.14,,,actor_images\56669.gif,"드림스쿨
2025.12.18 ~ 2025.12.28
후암스테이지 1관
조안전 역",,,,
347,김가슬,1994.10.17,,http://www.instagram.com/gaseul_94,actor_images\56026.gif,"스크루테이프의 편지
2024.01.12 ~ 2026.01.31
북촌나래홀
웜우드 역",,,,
348,김태영,1999.07.24,,,actor_images\56027.gif,"스크루테이프의 편지
2024.01.12 ~ 2026.01.31
북촌나래홀
블랙엔젤 역",,,,
349,이경호,1998.02.28,,http://www.instagram.com/kyungho22222 | http://www.youtube.com/@hoho2902,actor_images\56025.gif,"제 3회 놀자 청년 연극제
2025.10.14 ~ 2025.11.09
설렘아트홀
남자 역","스크루테이프의 편지
2024.01.12 ~ 2026.01.31
북촌나래홀
스크루테이프 역","또 하나의 약속
2018.07.12 ~ 2018.07.15
동덕여대 공연예술센터",,
350,김호수,,,http://www.instagram.com/kim_lake_ | https://www.youtube.com/@lakekim,actor_images\56028.gif,"스크루테이프의 편지
2024.01.12 ~ 2026.01.31
북촌나래홀
웜우드 역",,,,
351,봉경복,,,,actor_images\29159.gif," 헬로카봇 시즌9
2025.07.26 ~ 2025.08.24
백암아트홀
블랙위저드/차탄3 역","함께 날 수 있기를 : 잇다 - 인천
2025.01.14 ~ 2025.01.15
인천 중구문화회관
물류팀장/전무 역","헬로카봇 - 서울 앵콜
2025.01.04 ~ 2025.02.09
신한카드 SOL 페이 스퀘어 라이브홀
차산/방조수/블랙위저드 역","탐정케이：수인마을 살인 사건
2024.11.09 ~ 2025.02.02
예그린씨어터
제이 역","앤서니브라운의 고릴라
2024.03.01 ~ 2024.07.14
상상나라극장
아빠/고릴라 역"
352,길하윤,1997.12.08,,http://www.instagram.com/tosiri_/ | https://youtu.be/Z3WCx8ikiNI?si=A7pmizAPqGEZneLi,actor_images\54645.gif,"어린이  〈피요피요〉 - 연천
2025.10.02 ~ 2025.10.02
연천수레울아트홀 대공연장
희수 역","〈팬텀〉 10주년 기념 공연
2025.05.31 ~ 2025.08.11
세종문화회관 대극장
앙상블","오페레타  판타지아3 오케스트라 챔피언십
2025.01.18 ~ 2025.02.23
국립중앙박물관 극장 용
크랄라 역","오페레타  판타지아 시즌 1 '산타마을을 구하라'
2024.12.07 ~ 2025.01.12
국립중앙박물관 극장 용
크랄라 역","마침내,독립
2024.08.13 ~ 2024.08.13
청라블루노바홀
신관빈 역"
353,서하임,1995.03.19,,http://www.instagram.com/hiimhaim | http://m.cafe.naver.com/suhadaum.cafe?,actor_images\45079.gif,"나의 연애코치
2025.04.09 ~ 2025.06.29
명륜아트홀
문사랑 역","스크루테이프의 편지
2024.01.12 ~ 2026.01.31
북촌나래홀
블랙엔젤 역","더페인팅
2023.09.06 ~ 2023.09.17
대학로 SH 아트홀
영서 역","불편한 편의점
2023.04.08 ~ 오픈런
올웨이즈씨어터
시현 역","제16회 대구국제페스티벌 - 봄을 그리다
2022.07.01 ~ 2022.07.03
대구 대덕문화전당
화원 역"
354,김재욱,1990.04.16,,,actor_images\38310.gif,"댄싱피버
2022.04.25 ~ 오픈런
해당공연 공연장
추태양 역","죽여주는 이야기
2009.10.01 ~ 2020.12.31
삼형제극장
바보레옹 역
관객",,,
355,천상민,,,,actor_images\12253.gif,"선택
2024.01.04 ~ 2024.01.07
대학로 선돌극장
이정길 역","영철빌라
2022.11.20 ~ 2022.11.29
뜻밖의극장
조연출","댄싱피버
2022.04.25 ~ 오픈런
해당공연 공연장
추태양 역","미스사이공 - 고양
2010.03.13 ~ 2010.04.04
고양아람누리 아람극장
앙상블
관객 전문가","라디오스타
2008.11.18 ~ 2008.12.31
국립중앙박물관 극장 용
앙상블
관객 전문가"
356,최수연,1994.07.30,,,actor_images\41433.gif,"루나자에서 춤을 - 안산
2024.05.25 ~ 2024.05.26
안산문화예술의전당 별무리극장
아그네스 역","썸데이
2023.09.01 ~ 2024.02.29
업스테이지(UP STAGE)
김연수 역","영철빌라
2022.11.20 ~ 2022.11.29
뜻밖의극장
연출 대본","댄싱피버
2022.04.25 ~ 오픈런
해당공연 공연장
이루아 역","그새끼
2022.01.06 ~ 2022.03.06
씨어터 앤 펍 맥거핀
기획"
357,김보경,1996.10.22,,http://www.instagram.com/mizurang_aqua_happii,actor_images\50567.gif,"댄싱피버
2022.04.25 ~ 오픈런
해당공연 공연장
조미미 역",,,,
358,장연수,1998.09.02,,,actor_images\49072.gif,"댄싱피버
2022.04.25 ~ 오픈런
해당공연 공연장
럭키 역","그날의 타이밍 2
2022.03.09 ~ 2022.03.13
한성아트홀 2관
도영&지석 역",,,
359,심예진,1998.03.06,,http://www.instagram.com/eee__dini,actor_images\50569.gif,"댄싱피버
2022.04.25 ~ 오픈런
해당공연 공연장
조미미 역",,,,
360,권은서,1999.11.08,,http://www.instagram.com/rlowest99,actor_images\50570.gif,"인어의 손
2025.05.29 ~ 2025.06.08
대학로 소극장 혜화당
로빈 역","댄싱피버
2022.04.25 ~ 오픈런
해당공연 공연장
안유연 역",,,
361,황지민,1996.05.31,,http://www.instagram.com/ziminic,actor_images\50564.gif,"댄싱피버
2022.04.25 ~ 오픈런
해당공연 공연장
추태양 역",,,,
362,박소진,1995.02.27,,http://www.instagram.com/so_jin_s_house,actor_images\50566.gif," 썸데이 - 춘천
2024.12.24 ~ 2024.12.29
춘천 봄내극장
김연수 역","썸데이 - 춘천
2024.09.20 ~ 2024.09.28
춘천 봄내극장
김연수 역","은밀한 연애
2024.08.21 ~ 2025.08.17
시윤아트홀
여자 역"," 썸데이
2024.06.05 ~ 2026.01.31
무하아트센터
유지해 역","썸데이
2024.03.16 ~ 2024.07.31
무하아트센터 2관
김연수 역"
363,조제상,1987.09.04,,,actor_images\44978.gif,"델타 보이즈
2024.10.02 ~ 오픈런
대학로 아트포레스트 2관
노준세 역","그곳에 있었다
2024.08.01 ~ 2024.11.30
댕로홀 (구.두레홀 1관)
여태준 역","그곳에 있었다
2023.09.01 ~ 2024.07.31
댕로홀 (구.두레홀 1관)
여태준 역","파이널 보트 - 과천
2022.09.26 ~ 2022.12.31
국립과천과학관 어울림홀
조마고 역","댄싱피버
2022.04.25 ~ 오픈런
해당공연 공연장
추태양 역"
364,이준범,1990.04.12,,http://www.instagram.com/leejb1402,actor_images\50575.gif,"댄싱피버
2022.04.25 ~ 오픈런
해당공연 공연장
럭키 역",,,,
365,이슬기,2001.11.10,,http://www.instagram.com/s_eul_ki_7,actor_images\50572.gif,"댄싱피버
2022.04.25 ~ 오픈런
해당공연 공연장
안유연 역",,,,
366,박혜림,1997.05.06,,http://www.instagram.com/h_r979797,actor_images\47240.gif,"캐리와 슈퍼콜라의 싱어롱 뮤직쇼 - 안산
2025.09.27 ~ 2025.09.28
안산문화예술의전당 해돋이극장
앙상블","캐리와 슈퍼콜라의 싱어롱 뮤직쇼 - 군산
2025.09.20 ~ 2025.09.21
군산예술의전당 대공연장
앙상블","캐리와 슈퍼콜라의 싱어롱 뮤직쇼 - 대구
2025.09.06 ~ 2025.09.07
대구보건대학교 인당아트홀
앙상블","더 박스(THE BOX) - 그녀들의 이야기
2025.08.28 ~ 2025.09.14
모모씨어터
제인 역","어느 날, 갑자기
2024.04.17 ~ 오픈런
더굿씨어터
안무"
367,곽영철,1994.05.10,,http://www.instagram.com/0steel9414,actor_images\50562.gif,"산타와 빈양말
2024.11.30 ~ 2024.12.25
강동아트센터 대극장 한강
루돌프 역","내 마음은 무지
2024.01.20 ~ 2024.02.25
올림픽공원 우리금융아트홀
레인보우 역","산타와 빈양말
2023.11.25 ~ 2023.12.31
올림픽공원 우리금융아트홀
루돌프 역","댄싱피버
2022.04.25 ~ 오픈런
해당공연 공연장
럭키 역","엑스칼리버
2019.06.15 ~ 2019.08.04
세종문화회관 대극장
앙상블"
368,이준녕,,,http://www.instagram.com/lee_jun_nyeong__,actor_images\50574.gif,"딜리버리
2024.02.03 ~ 오픈런
아라아트홀
라이더 역","댄싱피버
2022.04.25 ~ 오픈런
해당공연 공연장
럭키 역","택시 안에서
2018.10.12 ~ 2026.01.31
해바라기 소극장
민수 역","메디컬 루나틱
2011.04.15 ~ 2012.02.22
성균관대학교 새천년홀
앙상블",
369,최솔,,,,actor_images\40233.gif,"더 박스(THE BOX) - 그녀들의 이야기
2025.08.28 ~ 2025.09.14
모모씨어터
신디 역","THE BOX (더 박스)
2024.12.18 ~ 2025.01.04
모모씨어터
신디 역","THE BOX
2024.09.13 ~ 2024.09.22
모모씨어터
신디 역","어느 날, 갑자기
2024.04.17 ~ 오픈런
더굿씨어터
멀티엔젤 역","디스코걸즈
2024.04.17 ~ 오픈런
더굿씨어터
진방글 역"
370,홍성욱,2001.11.20,,http://www.instagram.com/h_s___uk,actor_images\50576.gif,"댄싱피버
2022.04.25 ~ 오픈런
해당공연 공연장
럭키 역",,,,
371,황경석,1986.08.05,,http://www.instagram.com/kyeongseokh,actor_images\56060.gif,"천로역정
2023.12.09 ~ 2026.03.02
명륜아트홀
아볼루온 역",,,,
372,최서아,1982.01.11,,https://www.youtube.com/@gamseoa,actor_images\56059.gif,"천로역정
2023.12.09 ~ 2026.03.02
명륜아트홀
김민수 역",,,,
373,박상하,1991.08.03,,http://www.instagram.com/updown_bbb,actor_images\56058.gif,"광복80주년 기념 창작낭독 〈빼앗긴 들에도 봄은 오는가〉 - 대구
2025.08.08 ~ 2025.08.09
대구봉산문화회관 가온홀","오리지널 어린이 캣 - 과천
2025.06.18 ~ 2025.07.06
국립과천과학관 어울림홀","어린이 캣 - 과천
2024.10.30 ~ 2024.11.20
국립과천과학관 어울림홀","천로역정
2023.12.09 ~ 2026.03.02
명륜아트홀
아볼루온 역","픽처플레이 구름빵
2012.04.05 ~ 2013.03.03
대학로 공간아울"
374,이나영,1983.11.27,,,actor_images\17817.gif,"천로역정
2023.12.09 ~ 2026.03.02
명륜아트홀
소망 역","로보카 폴리 - 고양
2023.11.11 ~ 2023.11.12
고양어울림누리 어울림극장","세례요한
2023.10.12 ~ 2024.03.02
북촌나래홀
헤로디아 역","세계 문명 탐험대 - 과천
2022.07.09 ~ 2022.08.21
국립과천과학관 어울림홀
타이미 역","사람은 무엇으로 사는가
2022.07.06 ~ 2023.08.30
북촌나래홀"
375,강현빈,1995.03.03,,,actor_images\56057.gif,"천로역정
2023.12.09 ~ 2026.03.02
명륜아트홀
필그림 역",,,,
376,인자혜,1999.04.27,,http://www.instagram.com/jalepre_r,actor_images\54947.gif,"책 속에 갇힌 고양이
2024.03.30 ~ 2024.10.26
명륜아트홀
성아지 역","천로역정
2023.12.09 ~ 2026.03.02
명륜아트홀
소망 역",,,
377,이시영,,,,actor_images\45991.gif," ‘오렌지 스카이’
2025.12.18 ~ 2026.01.04
달밤엔씨어터
송하늘 역","살아 봐도 될까요？
2025.06.26 ~ 2025.06.29
달밤엔씨어터
수감자5 역","공포 스릴러 ＇멈춰진 계절＇
2025.02.20 ~ 2025.08.31
달밤엔씨어터
k씨 역","나인오브소드
2024.11.12 ~ 2024.11.17
달밤엔씨어터
승객8 역","오렌지스카이
2023.12.21 ~ 2024.09.29
달밤엔씨어터
송하늘 역"
378,김서우,1999.04.29,,,actor_images\50375.gif," ‘오렌지 스카이’
2025.12.18 ~ 2026.01.04
달밤엔씨어터
이건 역","나인오브소드
2024.11.12 ~ 2024.11.17
달밤엔씨어터
승객5 역","봄이 오는 언덕에서
2023.08.22 ~ 2023.08.27
달밤엔씨어터
의문의 헬멧 역","언플러그드
2020.08.28 ~ 2023.08.31
달밤엔씨어터
이건 역",
379,박송연,1976.05.23,,,actor_images\27488.gif," ‘오렌지 스카이’
2025.12.18 ~ 2026.01.04
달밤엔씨어터
순덕 외 역","오렌지스카이
2023.12.21 ~ 2024.09.29
달밤엔씨어터
순덕 외 멀티 역","언플러그드
2020.08.28 ~ 2023.08.31
달밤엔씨어터
순덕 외 멀티 역","불혹전
2020.02.11 ~ 2020.02.16
달밤엔씨어터
이명주 역","멈춰진 계절
2019.06.04 ~ 2021.10.31
달밤엔씨어터
엄마 역"
380,허정호,1995.09.21,,,actor_images\45993.gif," ‘오렌지 스카이’
2025.12.18 ~ 2026.01.04
달밤엔씨어터
이건 역","나인오브소드
2024.11.12 ~ 2024.11.17
달밤엔씨어터
승객3 역","오렌지스카이
2023.12.21 ~ 2024.09.29
달밤엔씨어터
이건 역","안녕 달아
2021.05.01 ~ 2021.08.15
달밤엔씨어터
달이 역","언플러그드
2020.08.28 ~ 2023.08.31
달밤엔씨어터
이건 역"
381,김나온,1987.03.01,,,actor_images\45371.gif," ‘오렌지 스카이’
2025.12.18 ~ 2026.01.04
달밤엔씨어터
구실장 외 역","［서울 대학로］연극 라면
2024.02.01 ~ 2026.01.31
해피씨어터
이경필 역","선인장 키우기
2023.11.28 ~ 2023.12.03
대학로 소극장 혜화당
김 역","사랑 닫다
2023.08.09 ~ 2023.08.20
대학로 극장 동국","불편한 편의점
2023.04.08 ~ 오픈런
올웨이즈씨어터
멀티맨 역"
382,안세미,1998.12.17,,http://www%20instagram.com/9a.sem.i8,actor_images\48243.gif," ‘오렌지 스카이’
2025.12.18 ~ 2026.01.04
달밤엔씨어터
송하늘 역","행오버 - 대전
2025.04.18 ~ 2025.06.08
작은극장 다함
엠마 역","행오버
2023.05.01 ~ 2025.12.31
정극장
엠마 역","괴담
2023.04.27 ~ 2023.09.03
우리소극장
다솔 역","딜리버리
2023.03.10 ~ 2024.01.28
대학로 아티스탄홀
도레미 역"
383,오지훈,,,,actor_images\52478.gif," ‘오렌지 스카이’
2025.12.18 ~ 2026.01.04
달밤엔씨어터
구실장 외 역","공포 스릴러 ＇멈춰진 계절＇
2025.02.20 ~ 2025.08.31
달밤엔씨어터
남자 역","나인오브소드
2024.11.12 ~ 2024.11.17
달밤엔씨어터
승객4 역","봄이 오는 언덕에서
2023.08.22 ~ 2023.08.27
달밤엔씨어터
2층 할아버지 역",
384,박선령,,,,actor_images\43993.gif,"썸데이 - 청주
2024.10.05 ~ 2026.02.27
소극장 쇠내골
유지해 역"," 베어만 - 청주,세종
2024.01.04 ~ 2026.04.30
소극장 쇠내골
존시 역","어른동생 - 청주
2023.06.17 ~ 2023.08.31
소극장 쇠내골
엄마 역","아기돼지야 준비해 - 청주
2022.04.23 ~ 2026.02.02
소극장 쇠내골
셋째돼지 역","빌의 구둣방 - 청주
2021.03.20 ~ 2023.10.23
소극장 쇠내골
안네 역"
385,조재문,,,,actor_images\43994.gif,"썸데이 - 청주
2024.10.05 ~ 2026.02.27
소극장 쇠내골
우연희 역"," 베어만 - 청주,세종
2024.01.04 ~ 2026.04.30
소극장 쇠내골
지이미 역","어른동생 - 청주
2023.06.17 ~ 2023.08.31
소극장 쇠내골
미루 역","아기돼지야 준비해 - 청주
2022.04.23 ~ 2026.02.02
소극장 쇠내골
늑대 역","빌의 구둣방 - 청주
2021.03.20 ~ 2023.10.23
소극장 쇠내골
칼 역"
386,김명주,,,,actor_images\54899.gif,"썸데이 - 청주
2024.10.05 ~ 2026.02.27
소극장 쇠내골
썸데이 역",,,,
387,허선우,,,,actor_images\46556.gif,"썸데이 - 청주
2024.10.05 ~ 2026.02.27
소극장 쇠내골
김이암 역"," 베어만 - 청주,세종
2024.01.04 ~ 2026.04.30
소극장 쇠내골
베어만 역","어른동생 - 청주
2023.06.17 ~ 2023.08.31
소극장 쇠내골
정우 역","아기돼지야 준비해 - 청주
2022.04.23 ~ 2026.02.02
소극장 쇠내골
첫째돼지 역","빌의 구둣방 - 청주
2021.03.20 ~ 2023.10.23
소극장 쇠내골
빌 역"
388,유아온,1991.05.06,,http://www.instagram.com/5nly._.u,actor_images\56528.gif,"런던레코드 - 부산
2025.09.12 ~ 2025.12.28
가온아트홀 2관","늦은봄날 - 부산
2025.06.06 ~ 2025.08.31
가온아트홀 2관","런던레코드 - 부산
2024.08.23 ~ 2025.03.30
부산 엠스테이지","어라운드 더 클락
2023.06.24 ~ 2023.07.02
피움 스튜디오",
389,강예슬,1998.12.07,,http://www.instagram.com/carperectractum/,actor_images\56048.gif,"난타 - 명동
2022.07.08 ~ 2026.03.31
명동 난타 전용관
스파이시 역",,,,
390,신가인,,,,actor_images\55462.gif,"경남도립극단 정기공연 음악극 〈둥둥 낙랑둥〉 - 진주
2025.04.17 ~ 2025.04.19
경상남도문화예술회관 대공연장","난타 - 명동
2022.07.08 ~ 2026.03.31
명동 난타 전용관
터프가이 역",,,