2025-11-29 20:13:19,414 [Worker-8: Loading available Gradle versions] INFO  o.e.b.c.i.u.g.PublishedGradleVersions - Gradle version information cache is not available. Remote download required.
2025-11-29 20:13:29,507 [Worker-5: Building] INFO  o.e.m.c.i.e.AbstractTransferListenerAdapter - Downloading https://repo.maven.apache.org/maven2/org/apache/maven/plugins/maven-site-plugin/3.12.1/maven-site-plugin-3.12.1.jar
2025-11-29 20:13:29,575 [Worker-5: Building] INFO  o.e.m.c.i.e.AbstractTransferListenerAdapter - Downloaded https://repo.maven.apache.org/maven2/org/apache/maven/plugins/maven-site-plugin/3.12.1/maven-site-plugin-3.12.1.jar
2025-11-29 20:13:31,105 [Worker-5: Building] INFO  o.e.m.c.i.l.LifecycleMappingFactory - Using org.eclipse.m2e.jdt.JarLifecycleMapping lifecycle mapping for MavenProject: com.ssafy:CurtainCall:0.0.1-SNAPSHOT @ C:\CurtainCall\CurtainCall\pom.xml.
2025-11-29 20:13:35,085 [Worker-5: Building] INFO  o.a.m.s.f.DefaultMavenResourcesFiltering - Copying 1 resource from src\main\resources to target\classes
2025-11-29 20:13:35,113 [Worker-5: Building] INFO  o.a.m.s.f.DefaultMavenResourcesFiltering - Copying 4 resources from src\main\resources to target\classes
2025-11-29 20:13:35,120 [Worker-5: Building] INFO  o.a.m.s.f.DefaultMavenResourcesFiltering - skip non existing resourceDirectory C:\CurtainCall\CurtainCall\src\test\resources
2025-11-29 20:13:36,544 [Worker-5: Building] WARN  o.apache.maven.project.MavenProject - Direct modification of compileSourceRoots through clear() is deprecated and will not work in Maven 4.0.0. Please use the add/remove methods instead. If you're using a plugin that causes this warning, please upgrade to the latest version and report an issue if the warning persists. To disable these warnings, set -Dmaven.project.sourceRoots.warningsDisabled=true on the command line, in the .mvn/maven.config file, or in project POM properties.
2025-11-29 20:13:36,545 [Worker-5: Building] WARN  o.apache.maven.project.MavenProject - Direct modification of compileSourceRoots through add() is deprecated and will not work in Maven 4.0.0. Please use the add/remove methods instead. If you're using a plugin that causes this warning, please upgrade to the latest version and report an issue if the warning persists. To disable these warnings, set -Dmaven.project.sourceRoots.warningsDisabled=true on the command line, in the .mvn/maven.config file, or in project POM properties.
2025-11-29 20:13:36,545 [Worker-5: Building] WARN  o.apache.maven.project.MavenProject - Direct modification of testCompileSourceRoots through clear() is deprecated and will not work in Maven 4.0.0. Please use the add/remove methods instead. If you're using a plugin that causes this warning, please upgrade to the latest version and report an issue if the warning persists. To disable these warnings, set -Dmaven.project.sourceRoots.warningsDisabled=true on the command line, in the .mvn/maven.config file, or in project POM properties.
2025-11-29 20:13:36,546 [Worker-5: Building] WARN  o.apache.maven.project.MavenProject - Direct modification of testCompileSourceRoots through add() is deprecated and will not work in Maven 4.0.0. Please use the add/remove methods instead. If you're using a plugin that causes this warning, please upgrade to the latest version and report an issue if the warning persists. To disable these warnings, set -Dmaven.project.sourceRoots.warningsDisabled=true on the command line, in the .mvn/maven.config file, or in project POM properties.
2025-11-29 20:13:37,793 [Worker-5: Building] INFO  o.e.m.c.i.l.LifecycleMappingFactory - Using org.eclipse.m2e.jdt.JarLifecycleMapping lifecycle mapping for MavenProject: com.ssafy:CurtainCall:0.0.1-SNAPSHOT @ C:\CurtainCall\CurtainCall\pom.xml.
2025-11-29 20:13:38,445 [Worker-5: Building] INFO  o.a.m.s.f.DefaultMavenResourcesFiltering - Copying 1 resource from src\main\resources to target\classes
2025-11-29 20:13:38,459 [Worker-5: Building] INFO  o.a.m.s.f.DefaultMavenResourcesFiltering - Copying 4 resources from src\main\resources to target\classes
2025-11-29 20:13:38,474 [Worker-5: Building] INFO  o.a.m.s.f.DefaultMavenResourcesFiltering - skip non existing resourceDirectory C:\CurtainCall\CurtainCall\src\test\resources
2025-11-29 20:13:38,490 [Worker-5: Building] WARN  o.apache.maven.project.MavenProject - Direct modification of compileSourceRoots through clear() is deprecated and will not work in Maven 4.0.0. Please use the add/remove methods instead. If you're using a plugin that causes this warning, please upgrade to the latest version and report an issue if the warning persists. To disable these warnings, set -Dmaven.project.sourceRoots.warningsDisabled=true on the command line, in the .mvn/maven.config file, or in project POM properties.
2025-11-29 20:13:38,492 [Worker-5: Building] WARN  o.apache.maven.project.MavenProject - Direct modification of compileSourceRoots through add() is deprecated and will not work in Maven 4.0.0. Please use the add/remove methods instead. If you're using a plugin that causes this warning, please upgrade to the latest version and report an issue if the warning persists. To disable these warnings, set -Dmaven.project.sourceRoots.warningsDisabled=true on the command line, in the .mvn/maven.config file, or in project POM properties.
2025-11-29 20:13:38,492 [Worker-5: Building] WARN  o.apache.maven.project.MavenProject - Direct modification of testCompileSourceRoots through clear() is deprecated and will not work in Maven 4.0.0. Please use the add/remove methods instead. If you're using a plugin that causes this warning, please upgrade to the latest version and report an issue if the warning persists. To disable these warnings, set -Dmaven.project.sourceRoots.warningsDisabled=true on the command line, in the .mvn/maven.config file, or in project POM properties.
2025-11-29 20:13:38,493 [Worker-5: Building] WARN  o.apache.maven.project.MavenProject - Direct modification of testCompileSourceRoots through add() is deprecated and will not work in Maven 4.0.0. Please use the add/remove methods instead. If you're using a plugin that causes this warning, please upgrade to the latest version and report an issue if the warning persists. To disable these warnings, set -Dmaven.project.sourceRoots.warningsDisabled=true on the command line, in the .mvn/maven.config file, or in project POM properties.
2025-11-29 20:14:18,958 [Worker-0: Building] INFO  o.a.m.s.f.DefaultMavenResourcesFiltering - Copying 1 resource from src\main\resources to target\classes
2025-11-29 20:14:18,960 [Worker-0: Building] INFO  o.a.m.s.f.DefaultMavenResourcesFiltering - Copying 4 resources from src\main\resources to target\classes
2025-11-29 20:14:18,971 [Worker-0: Building] INFO  o.a.m.s.f.DefaultMavenResourcesFiltering - skip non existing resourceDirectory C:\CurtainCall\CurtainCall\src\test\resources
2025-11-29 20:14:18,987 [Worker-0: Building] WARN  o.apache.maven.project.MavenProject - Direct modification of compileSourceRoots through clear() is deprecated and will not work in Maven 4.0.0. Please use the add/remove methods instead. If you're using a plugin that causes this warning, please upgrade to the latest version and report an issue if the warning persists. To disable these warnings, set -Dmaven.project.sourceRoots.warningsDisabled=true on the command line, in the .mvn/maven.config file, or in project POM properties.
2025-11-29 20:14:18,988 [Worker-0: Building] WARN  o.apache.maven.project.MavenProject - Direct modification of compileSourceRoots through add() is deprecated and will not work in Maven 4.0.0. Please use the add/remove methods instead. If you're using a plugin that causes this warning, please upgrade to the latest version and report an issue if the warning persists. To disable these warnings, set -Dmaven.project.sourceRoots.warningsDisabled=true on the command line, in the .mvn/maven.config file, or in project POM properties.
2025-11-29 20:14:18,989 [Worker-0: Building] WARN  o.apache.maven.project.MavenProject - Direct modification of testCompileSourceRoots through clear() is deprecated and will not work in Maven 4.0.0. Please use the add/remove methods instead. If you're using a plugin that causes this warning, please upgrade to the latest version and report an issue if the warning persists. To disable these warnings, set -Dmaven.project.sourceRoots.warningsDisabled=true on the command line, in the .mvn/maven.config file, or in project POM properties.
2025-11-29 20:14:18,990 [Worker-0: Building] WARN  o.apache.maven.project.MavenProject - Direct modification of testCompileSourceRoots through add() is deprecated and will not work in Maven 4.0.0. Please use the add/remove methods instead. If you're using a plugin that causes this warning, please upgrade to the latest version and report an issue if the warning persists. To disable these warnings, set -Dmaven.project.sourceRoots.warningsDisabled=true on the command line, in the .mvn/maven.config file, or in project POM properties.
2025-11-29 20:16:59,707 [Worker-24: Building] INFO  o.a.m.s.f.DefaultMavenResourcesFiltering - Copying 1 resource from src\main\resources to target\classes
2025-11-29 20:16:59,721 [Worker-24: Building] INFO  o.a.m.s.f.DefaultMavenResourcesFiltering - Copying 0 resource from src\main\resources to target\classes
2025-11-29 20:16:59,724 [Worker-24: Building] INFO  o.a.m.s.f.DefaultMavenResourcesFiltering - skip non existing resourceDirectory C:\CurtainCall\CurtainCall\src\test\resources
2025-11-29 20:16:59,724 [Worker-24: Building] WARN  o.apache.maven.project.MavenProject - Direct modification of compileSourceRoots through clear() is deprecated and will not work in Maven 4.0.0. Please use the add/remove methods instead. If you're using a plugin that causes this warning, please upgrade to the latest version and report an issue if the warning persists. To disable these warnings, set -Dmaven.project.sourceRoots.warningsDisabled=true on the command line, in the .mvn/maven.config file, or in project POM properties.
2025-11-29 20:16:59,725 [Worker-24: Building] WARN  o.apache.maven.project.MavenProject - Direct modification of compileSourceRoots through add() is deprecated and will not work in Maven 4.0.0. Please use the add/remove methods instead. If you're using a plugin that causes this warning, please upgrade to the latest version and report an issue if the warning persists. To disable these warnings, set -Dmaven.project.sourceRoots.warningsDisabled=true on the command line, in the .mvn/maven.config file, or in project POM properties.
2025-11-29 20:16:59,725 [Worker-24: Building] WARN  o.apache.maven.project.MavenProject - Direct modification of testCompileSourceRoots through clear() is deprecated and will not work in Maven 4.0.0. Please use the add/remove methods instead. If you're using a plugin that causes this warning, please upgrade to the latest version and report an issue if the warning persists. To disable these warnings, set -Dmaven.project.sourceRoots.warningsDisabled=true on the command line, in the .mvn/maven.config file, or in project POM properties.
2025-11-29 20:16:59,726 [Worker-24: Building] WARN  o.apache.maven.project.MavenProject - Direct modification of testCompileSourceRoots through add() is deprecated and will not work in Maven 4.0.0. Please use the add/remove methods instead. If you're using a plugin that causes this warning, please upgrade to the latest version and report an issue if the warning persists. To disable these warnings, set -Dmaven.project.sourceRoots.warningsDisabled=true on the command line, in the .mvn/maven.config file, or in project POM properties.
2025-11-29 20:21:50,932 [Worker-2: Building] INFO  o.e.m.c.i.l.LifecycleMappingFactory - Using org.eclipse.m2e.jdt.JarLifecycleMapping lifecycle mapping for MavenProject: com.ssafy:CurtainCall:0.0.1-SNAPSHOT @ C:\CurtainCall\CurtainCall\pom.xml.
2025-11-29 20:21:51,178 [Worker-2: Building] INFO  o.e.m.c.i.e.AbstractTransferListenerAdapter - Downloading https://repo.maven.apache.org/maven2/org/projectlombok/lombok/1.18.42/lombok-1.18.42.pom
2025-11-29 20:21:51,210 [Worker-2: Building] INFO  o.e.m.c.i.e.AbstractTransferListenerAdapter - Downloaded https://repo.maven.apache.org/maven2/org/projectlombok/lombok/1.18.42/lombok-1.18.42.pom
2025-11-29 20:21:51,377 [Worker-2: Building] INFO  o.e.m.c.i.e.AbstractTransferListenerAdapter - Downloading https://repo.maven.apache.org/maven2/org/projectlombok/lombok/1.18.42/lombok-1.18.42.jar
2025-11-29 20:21:51,584 [Worker-2: Building] INFO  o.e.m.c.i.e.AbstractTransferListenerAdapter - Downloaded https://repo.maven.apache.org/maven2/org/projectlombok/lombok/1.18.42/lombok-1.18.42.jar
2025-11-29 20:21:51,734 [Worker-2: Building] INFO  o.a.m.s.f.DefaultMavenResourcesFiltering - Copying 0 resource from src\main\resources to target\classes
2025-11-29 20:21:51,735 [Worker-2: Building] INFO  o.a.m.s.f.DefaultMavenResourcesFiltering - Copying 0 resource from src\main\resources to target\classes
2025-11-29 20:21:51,739 [Worker-2: Building] INFO  o.a.m.s.f.DefaultMavenResourcesFiltering - skip non existing resourceDirectory C:\CurtainCall\CurtainCall\src\test\resources
2025-11-29 20:21:51,749 [Worker-2: Building] WARN  o.apache.maven.project.MavenProject - Direct modification of compileSourceRoots through clear() is deprecated and will not work in Maven 4.0.0. Please use the add/remove methods instead. If you're using a plugin that causes this warning, please upgrade to the latest version and report an issue if the warning persists. To disable these warnings, set -Dmaven.project.sourceRoots.warningsDisabled=true on the command line, in the .mvn/maven.config file, or in project POM properties.
2025-11-29 20:21:51,751 [Worker-2: Building] WARN  o.apache.maven.project.MavenProject - Direct modification of compileSourceRoots through add() is deprecated and will not work in Maven 4.0.0. Please use the add/remove methods instead. If you're using a plugin that causes this warning, please upgrade to the latest version and report an issue if the warning persists. To disable these warnings, set -Dmaven.project.sourceRoots.warningsDisabled=true on the command line, in the .mvn/maven.config file, or in project POM properties.
2025-11-29 20:21:51,751 [Worker-2: Building] WARN  o.apache.maven.project.MavenProject - Direct modification of testCompileSourceRoots through clear() is deprecated and will not work in Maven 4.0.0. Please use the add/remove methods instead. If you're using a plugin that causes this warning, please upgrade to the latest version and report an issue if the warning persists. To disable these warnings, set -Dmaven.project.sourceRoots.warningsDisabled=true on the command line, in the .mvn/maven.config file, or in project POM properties.
2025-11-29 20:21:51,752 [Worker-2: Building] WARN  o.apache.maven.project.MavenProject - Direct modification of testCompileSourceRoots through add() is deprecated and will not work in Maven 4.0.0. Please use the add/remove methods instead. If you're using a plugin that causes this warning, please upgrade to the latest version and report an issue if the warning persists. To disable these warnings, set -Dmaven.project.sourceRoots.warningsDisabled=true on the command line, in the .mvn/maven.config file, or in project POM properties.
2025-11-29 20:21:52,709 [Worker-24: Download sources and javadoc] INFO  o.e.m.c.i.e.AbstractTransferListenerAdapter - Downloading https://repo.maven.apache.org/maven2/org/projectlombok/lombok/1.18.42/lombok-1.18.42-sources.jar
2025-11-29 20:21:52,881 [Worker-24: Download sources and javadoc] INFO  o.e.m.c.i.e.AbstractTransferListenerAdapter - Downloaded https://repo.maven.apache.org/maven2/org/projectlombok/lombok/1.18.42/lombok-1.18.42-sources.jar
2025-11-29 20:21:52,892 [Worker-24: Download sources and javadoc] INFO  o.e.m.j.internal.DownloadSourcesJob - Downloaded sources for org.projectlombok:lombok:1.18.42
2025-11-29 20:21:53,252 [Worker-24: Building] INFO  o.a.m.s.f.DefaultMavenResourcesFiltering - Copying 1 resource from src\main\resources to target\classes
2025-11-29 20:21:53,271 [Worker-24: Building] INFO  o.a.m.s.f.DefaultMavenResourcesFiltering - Copying 4 resources from src\main\resources to target\classes
2025-11-29 20:21:53,290 [Worker-24: Building] INFO  o.a.m.s.f.DefaultMavenResourcesFiltering - skip non existing resourceDirectory C:\CurtainCall\CurtainCall\src\test\resources
2025-11-29 20:21:53,303 [Worker-24: Building] WARN  o.apache.maven.project.MavenProject - Direct modification of compileSourceRoots through clear() is deprecated and will not work in Maven 4.0.0. Please use the add/remove methods instead. If you're using a plugin that causes this warning, please upgrade to the latest version and report an issue if the warning persists. To disable these warnings, set -Dmaven.project.sourceRoots.warningsDisabled=true on the command line, in the .mvn/maven.config file, or in project POM properties.
2025-11-29 20:21:53,304 [Worker-24: Building] WARN  o.apache.maven.project.MavenProject - Direct modification of compileSourceRoots through add() is deprecated and will not work in Maven 4.0.0. Please use the add/remove methods instead. If you're using a plugin that causes this warning, please upgrade to the latest version and report an issue if the warning persists. To disable these warnings, set -Dmaven.project.sourceRoots.warningsDisabled=true on the command line, in the .mvn/maven.config file, or in project POM properties.
2025-11-29 20:21:53,305 [Worker-24: Building] WARN  o.apache.maven.project.MavenProject - Direct modification of testCompileSourceRoots through clear() is deprecated and will not work in Maven 4.0.0. Please use the add/remove methods instead. If you're using a plugin that causes this warning, please upgrade to the latest version and report an issue if the warning persists. To disable these warnings, set -Dmaven.project.sourceRoots.warningsDisabled=true on the command line, in the .mvn/maven.config file, or in project POM properties.
2025-11-29 20:21:53,306 [Worker-24: Building] WARN  o.apache.maven.project.MavenProject - Direct modification of testCompileSourceRoots through add() is deprecated and will not work in Maven 4.0.0. Please use the add/remove methods instead. If you're using a plugin that causes this warning, please upgrade to the latest version and report an issue if the warning persists. To disable these warnings, set -Dmaven.project.sourceRoots.warningsDisabled=true on the command line, in the .mvn/maven.config file, or in project POM properties.
2025-11-29 20:33:54,813 [Worker-0: Updating Maven Project] INFO  o.e.m.c.i.p.ProjectConfigurationManager - Update started
2025-11-29 20:33:55,084 [Worker-0: Updating Maven Project] INFO  o.e.m.c.i.l.LifecycleMappingFactory - Using org.eclipse.m2e.jdt.JarLifecycleMapping lifecycle mapping for MavenProject: com.ssafy:CurtainCall:0.0.1-SNAPSHOT @ C:\CurtainCall\CurtainCall\pom.xml.
2025-11-29 20:33:55,557 [Worker-0: Updating Maven Project] INFO  o.e.m.j.i.AbstractJavaProjectConfigurator - Adding source folder /CurtainCall/src/main/java
2025-11-29 20:33:55,558 [Worker-0: Updating Maven Project] INFO  o.e.m.j.i.AbstractJavaProjectConfigurator - Adding resource folder /CurtainCall/src/main/resources
2025-11-29 20:33:55,558 [Worker-0: Updating Maven Project] INFO  o.e.m.j.i.AbstractJavaProjectConfigurator - Adding resource folder /CurtainCall/src/main/resources
2025-11-29 20:33:55,559 [Worker-0: Updating Maven Project] INFO  o.e.m.j.i.AbstractJavaProjectConfigurator - Adding source folder /CurtainCall/src/test/java
2025-11-29 20:33:55,560 [Worker-0: Updating Maven Project] INFO  o.e.m.j.i.AbstractJavaProjectConfigurator - Adding resource folder /CurtainCall/src/test/resources
2025-11-29 20:33:55,708 [Worker-0: Updating Maven Project] WARN  o.apache.maven.project.MavenProject - Direct modification of compileSourceRoots through clear() is deprecated and will not work in Maven 4.0.0. Please use the add/remove methods instead. If you're using a plugin that causes this warning, please upgrade to the latest version and report an issue if the warning persists. To disable these warnings, set -Dmaven.project.sourceRoots.warningsDisabled=true on the command line, in the .mvn/maven.config file, or in project POM properties.
2025-11-29 20:33:55,708 [Worker-0: Updating Maven Project] WARN  o.apache.maven.project.MavenProject - Direct modification of compileSourceRoots through add() is deprecated and will not work in Maven 4.0.0. Please use the add/remove methods instead. If you're using a plugin that causes this warning, please upgrade to the latest version and report an issue if the warning persists. To disable these warnings, set -Dmaven.project.sourceRoots.warningsDisabled=true on the command line, in the .mvn/maven.config file, or in project POM properties.
2025-11-29 20:33:55,709 [Worker-0: Updating Maven Project] WARN  o.apache.maven.project.MavenProject - Direct modification of testCompileSourceRoots through clear() is deprecated and will not work in Maven 4.0.0. Please use the add/remove methods instead. If you're using a plugin that causes this warning, please upgrade to the latest version and report an issue if the warning persists. To disable these warnings, set -Dmaven.project.sourceRoots.warningsDisabled=true on the command line, in the .mvn/maven.config file, or in project POM properties.
2025-11-29 20:33:55,710 [Worker-0: Updating Maven Project] WARN  o.apache.maven.project.MavenProject - Direct modification of testCompileSourceRoots through add() is deprecated and will not work in Maven 4.0.0. Please use the add/remove methods instead. If you're using a plugin that causes this warning, please upgrade to the latest version and report an issue if the warning persists. To disable these warnings, set -Dmaven.project.sourceRoots.warningsDisabled=true on the command line, in the .mvn/maven.config file, or in project POM properties.
2025-11-29 20:33:55,836 [Worker-0: Updating Maven Project] INFO  o.e.m.c.i.p.ProjectConfigurationManager - Update completed for 1 poms: local refresh takes 0.00 sec, refresh facades takes 0.00 sec, update config takes 0.00 sec 
2025-11-29 20:33:56,152 [Worker-16: Building] INFO  o.a.m.s.f.DefaultMavenResourcesFiltering - Copying 1 resource from src\main\resources to target\classes
2025-11-29 20:33:56,162 [Worker-16: Building] INFO  o.a.m.s.f.DefaultMavenResourcesFiltering - Copying 4 resources from src\main\resources to target\classes
2025-11-29 20:33:56,170 [Worker-16: Building] INFO  o.a.m.s.f.DefaultMavenResourcesFiltering - skip non existing resourceDirectory C:\CurtainCall\CurtainCall\src\test\resources
2025-11-29 20:33:56,183 [Worker-16: Building] WARN  o.apache.maven.project.MavenProject - Direct modification of compileSourceRoots through clear() is deprecated and will not work in Maven 4.0.0. Please use the add/remove methods instead. If you're using a plugin that causes this warning, please upgrade to the latest version and report an issue if the warning persists. To disable these warnings, set -Dmaven.project.sourceRoots.warningsDisabled=true on the command line, in the .mvn/maven.config file, or in project POM properties.
2025-11-29 20:33:56,184 [Worker-16: Building] WARN  o.apache.maven.project.MavenProject - Direct modification of compileSourceRoots through add() is deprecated and will not work in Maven 4.0.0. Please use the add/remove methods instead. If you're using a plugin that causes this warning, please upgrade to the latest version and report an issue if the warning persists. To disable these warnings, set -Dmaven.project.sourceRoots.warningsDisabled=true on the command line, in the .mvn/maven.config file, or in project POM properties.
2025-11-29 20:33:56,184 [Worker-16: Building] WARN  o.apache.maven.project.MavenProject - Direct modification of testCompileSourceRoots through clear() is deprecated and will not work in Maven 4.0.0. Please use the add/remove methods instead. If you're using a plugin that causes this warning, please upgrade to the latest version and report an issue if the warning persists. To disable these warnings, set -Dmaven.project.sourceRoots.warningsDisabled=true on the command line, in the .mvn/maven.config file, or in project POM properties.
2025-11-29 20:33:56,185 [Worker-16: Building] WARN  o.apache.maven.project.MavenProject - Direct modification of testCompileSourceRoots through add() is deprecated and will not work in Maven 4.0.0. Please use the add/remove methods instead. If you're using a plugin that causes this warning, please upgrade to the latest version and report an issue if the warning persists. To disable these warnings, set -Dmaven.project.sourceRoots.warningsDisabled=true on the command line, in the .mvn/maven.config file, or in project POM properties.
2025-11-29 20:34:39,909 [Worker-11: Launching Executing clean in C__CurtainCall_CurtainCall] INFO  o.eclipse.m2e.core.internal.Bundles - getClasspathEntries(Bundle=org.eclipse.m2e.maven.runtime_3.9.1100.20250811-2018 [364])
2025-11-29 20:34:39,911 [Worker-11: Launching Executing clean in C__CurtainCall_CurtainCall] INFO  o.eclipse.m2e.core.internal.Bundles - 	Entry: C:\sts-4.32.2.RELEASE\plugins\org.eclipse.m2e.maven.runtime_3.9.1100.20250811-2018
2025-11-29 20:34:39,911 [Worker-11: Launching Executing clean in C__CurtainCall_CurtainCall] INFO  o.eclipse.m2e.core.internal.Bundles - 	Entry: C:\sts-4.32.2.RELEASE\plugins\org.eclipse.m2e.maven.runtime_3.9.1100.20250811-2018\jars\aopalliance-1.0.jar
2025-11-29 20:34:39,912 [Worker-11: Launching Executing clean in C__CurtainCall_CurtainCall] INFO  o.eclipse.m2e.core.internal.Bundles - 	Entry: C:\sts-4.32.2.RELEASE\plugins\org.eclipse.m2e.maven.runtime_3.9.1100.20250811-2018\jars\asm-9.8.jar
2025-11-29 20:34:39,912 [Worker-11: Launching Executing clean in C__CurtainCall_CurtainCall] INFO  o.eclipse.m2e.core.internal.Bundles - 	Entry: C:\sts-4.32.2.RELEASE\plugins\org.eclipse.m2e.maven.runtime_3.9.1100.20250811-2018\jars\error_prone_annotations-2.38.0.jar
2025-11-29 20:34:39,912 [Worker-11: Launching Executing clean in C__CurtainCall_CurtainCall] INFO  o.eclipse.m2e.core.internal.Bundles - 	Entry: C:\sts-4.32.2.RELEASE\plugins\org.eclipse.m2e.maven.runtime_3.9.1100.20250811-2018\jars\gson-2.13.1.jar
2025-11-29 20:34:39,912 [Worker-11: Launching Executing clean in C__CurtainCall_CurtainCall] INFO  o.eclipse.m2e.core.internal.Bundles - 	Entry: C:\sts-4.32.2.RELEASE\plugins\org.eclipse.m2e.maven.runtime_3.9.1100.20250811-2018\jars\guice-5.1.0-classes.jar
2025-11-29 20:34:39,912 [Worker-11: Launching Executing clean in C__CurtainCall_CurtainCall] INFO  o.eclipse.m2e.core.internal.Bundles - 	Entry: C:\sts-4.32.2.RELEASE\plugins\org.eclipse.m2e.maven.runtime_3.9.1100.20250811-2018\jars\httpclient-4.5.14.jar
2025-11-29 20:34:39,913 [Worker-11: Launching Executing clean in C__CurtainCall_CurtainCall] INFO  o.eclipse.m2e.core.internal.Bundles - 	Entry: C:\sts-4.32.2.RELEASE\plugins\org.eclipse.m2e.maven.runtime_3.9.1100.20250811-2018\jars\httpcore-4.4.16.jar
2025-11-29 20:34:39,913 [Worker-11: Launching Executing clean in C__CurtainCall_CurtainCall] INFO  o.eclipse.m2e.core.internal.Bundles - 	Entry: C:\sts-4.32.2.RELEASE\plugins\org.eclipse.m2e.maven.runtime_3.9.1100.20250811-2018\jars\jansi-2.4.2.jar
2025-11-29 20:34:39,913 [Worker-11: Launching Executing clean in C__CurtainCall_CurtainCall] INFO  o.eclipse.m2e.core.internal.Bundles - 	Entry: C:\sts-4.32.2.RELEASE\plugins\org.eclipse.m2e.maven.runtime_3.9.1100.20250811-2018\jars\jcl-over-slf4j-1.7.36.jar
2025-11-29 20:34:39,913 [Worker-11: Launching Executing clean in C__CurtainCall_CurtainCall] INFO  o.eclipse.m2e.core.internal.Bundles - 	Entry: C:\sts-4.32.2.RELEASE\plugins\org.eclipse.m2e.maven.runtime_3.9.1100.20250811-2018\jars\maven-artifact-3.9.11.jar
2025-11-29 20:34:39,913 [Worker-11: Launching Executing clean in C__CurtainCall_CurtainCall] INFO  o.eclipse.m2e.core.internal.Bundles - 	Entry: C:\sts-4.32.2.RELEASE\plugins\org.eclipse.m2e.maven.runtime_3.9.1100.20250811-2018\jars\maven-builder-support-3.9.11.jar
2025-11-29 20:34:39,913 [Worker-11: Launching Executing clean in C__CurtainCall_CurtainCall] INFO  o.eclipse.m2e.core.internal.Bundles - 	Entry: C:\sts-4.32.2.RELEASE\plugins\org.eclipse.m2e.maven.runtime_3.9.1100.20250811-2018\jars\maven-compat-3.9.11.jar
2025-11-29 20:34:39,913 [Worker-11: Launching Executing clean in C__CurtainCall_CurtainCall] INFO  o.eclipse.m2e.core.internal.Bundles - 	Entry: C:\sts-4.32.2.RELEASE\plugins\org.eclipse.m2e.maven.runtime_3.9.1100.20250811-2018\jars\maven-core-3.9.11.jar
2025-11-29 20:34:39,914 [Worker-11: Launching Executing clean in C__CurtainCall_CurtainCall] INFO  o.eclipse.m2e.core.internal.Bundles - 	Entry: C:\sts-4.32.2.RELEASE\plugins\org.eclipse.m2e.maven.runtime_3.9.1100.20250811-2018\jars\maven-embedder-3.9.11.jar
2025-11-29 20:34:39,914 [Worker-11: Launching Executing clean in C__CurtainCall_CurtainCall] INFO  o.eclipse.m2e.core.internal.Bundles - 	Entry: C:\sts-4.32.2.RELEASE\plugins\org.eclipse.m2e.maven.runtime_3.9.1100.20250811-2018\jars\maven-model-3.9.11.jar
2025-11-29 20:34:39,914 [Worker-11: Launching Executing clean in C__CurtainCall_CurtainCall] INFO  o.eclipse.m2e.core.internal.Bundles - 	Entry: C:\sts-4.32.2.RELEASE\plugins\org.eclipse.m2e.maven.runtime_3.9.1100.20250811-2018\jars\maven-model-builder-3.9.11.jar
2025-11-29 20:34:39,915 [Worker-11: Launching Executing clean in C__CurtainCall_CurtainCall] INFO  o.eclipse.m2e.core.internal.Bundles - 	Entry: C:\sts-4.32.2.RELEASE\plugins\org.eclipse.m2e.maven.runtime_3.9.1100.20250811-2018\jars\maven-plugin-api-3.9.11.jar
2025-11-29 20:34:39,915 [Worker-11: Launching Executing clean in C__CurtainCall_CurtainCall] INFO  o.eclipse.m2e.core.internal.Bundles - 	Entry: C:\sts-4.32.2.RELEASE\plugins\org.eclipse.m2e.maven.runtime_3.9.1100.20250811-2018\jars\maven-repository-metadata-3.9.11.jar
2025-11-29 20:34:39,915 [Worker-11: Launching Executing clean in C__CurtainCall_CurtainCall] INFO  o.eclipse.m2e.core.internal.Bundles - 	Entry: C:\sts-4.32.2.RELEASE\plugins\org.eclipse.m2e.maven.runtime_3.9.1100.20250811-2018\jars\maven-resolver-api-1.9.24.jar
2025-11-29 20:34:39,915 [Worker-11: Launching Executing clean in C__CurtainCall_CurtainCall] INFO  o.eclipse.m2e.core.internal.Bundles - 	Entry: C:\sts-4.32.2.RELEASE\plugins\org.eclipse.m2e.maven.runtime_3.9.1100.20250811-2018\jars\maven-resolver-connector-basic-1.9.24.jar
2025-11-29 20:34:39,915 [Worker-11: Launching Executing clean in C__CurtainCall_CurtainCall] INFO  o.eclipse.m2e.core.internal.Bundles - 	Entry: C:\sts-4.32.2.RELEASE\plugins\org.eclipse.m2e.maven.runtime_3.9.1100.20250811-2018\jars\maven-resolver-impl-1.9.24.jar
2025-11-29 20:34:39,915 [Worker-11: Launching Executing clean in C__CurtainCall_CurtainCall] INFO  o.eclipse.m2e.core.internal.Bundles - 	Entry: C:\sts-4.32.2.RELEASE\plugins\org.eclipse.m2e.maven.runtime_3.9.1100.20250811-2018\jars\maven-resolver-named-locks-1.9.24.jar
2025-11-29 20:34:39,915 [Worker-11: Launching Executing clean in C__CurtainCall_CurtainCall] INFO  o.eclipse.m2e.core.internal.Bundles - 	Entry: C:\sts-4.32.2.RELEASE\plugins\org.eclipse.m2e.maven.runtime_3.9.1100.20250811-2018\jars\maven-resolver-provider-3.9.11.jar
2025-11-29 20:34:39,916 [Worker-11: Launching Executing clean in C__CurtainCall_CurtainCall] INFO  o.eclipse.m2e.core.internal.Bundles - 	Entry: C:\sts-4.32.2.RELEASE\plugins\org.eclipse.m2e.maven.runtime_3.9.1100.20250811-2018\jars\maven-resolver-spi-1.9.24.jar
2025-11-29 20:34:39,916 [Worker-11: Launching Executing clean in C__CurtainCall_CurtainCall] INFO  o.eclipse.m2e.core.internal.Bundles - 	Entry: C:\sts-4.32.2.RELEASE\plugins\org.eclipse.m2e.maven.runtime_3.9.1100.20250811-2018\jars\maven-resolver-transport-file-1.9.24.jar
2025-11-29 20:34:39,916 [Worker-11: Launching Executing clean in C__CurtainCall_CurtainCall] INFO  o.eclipse.m2e.core.internal.Bundles - 	Entry: C:\sts-4.32.2.RELEASE\plugins\org.eclipse.m2e.maven.runtime_3.9.1100.20250811-2018\jars\maven-resolver-transport-http-1.9.24.jar
2025-11-29 20:34:39,916 [Worker-11: Launching Executing clean in C__CurtainCall_CurtainCall] INFO  o.eclipse.m2e.core.internal.Bundles - 	Entry: C:\sts-4.32.2.RELEASE\plugins\org.eclipse.m2e.maven.runtime_3.9.1100.20250811-2018\jars\maven-resolver-transport-wagon-1.9.24.jar
2025-11-29 20:34:39,916 [Worker-11: Launching Executing clean in C__CurtainCall_CurtainCall] INFO  o.eclipse.m2e.core.internal.Bundles - 	Entry: C:\sts-4.32.2.RELEASE\plugins\org.eclipse.m2e.maven.runtime_3.9.1100.20250811-2018\jars\maven-resolver-util-1.9.24.jar
2025-11-29 20:34:39,916 [Worker-11: Launching Executing clean in C__CurtainCall_CurtainCall] INFO  o.eclipse.m2e.core.internal.Bundles - 	Entry: C:\sts-4.32.2.RELEASE\plugins\org.eclipse.m2e.maven.runtime_3.9.1100.20250811-2018\jars\maven-settings-3.9.11.jar
2025-11-29 20:34:39,916 [Worker-11: Launching Executing clean in C__CurtainCall_CurtainCall] INFO  o.eclipse.m2e.core.internal.Bundles - 	Entry: C:\sts-4.32.2.RELEASE\plugins\org.eclipse.m2e.maven.runtime_3.9.1100.20250811-2018\jars\maven-settings-builder-3.9.11.jar
2025-11-29 20:34:39,917 [Worker-11: Launching Executing clean in C__CurtainCall_CurtainCall] INFO  o.eclipse.m2e.core.internal.Bundles - 	Entry: C:\sts-4.32.2.RELEASE\plugins\org.eclipse.m2e.maven.runtime_3.9.1100.20250811-2018\jars\maven-shared-utils-3.4.2.jar
2025-11-29 20:34:39,917 [Worker-11: Launching Executing clean in C__CurtainCall_CurtainCall] INFO  o.eclipse.m2e.core.internal.Bundles - 	Entry: C:\sts-4.32.2.RELEASE\plugins\org.eclipse.m2e.maven.runtime_3.9.1100.20250811-2018\jars\org.eclipse.sisu.inject-0.9.0.M4.jar
2025-11-29 20:34:39,917 [Worker-11: Launching Executing clean in C__CurtainCall_CurtainCall] INFO  o.eclipse.m2e.core.internal.Bundles - 	Entry: C:\sts-4.32.2.RELEASE\plugins\org.eclipse.m2e.maven.runtime_3.9.1100.20250811-2018\jars\org.eclipse.sisu.plexus-0.9.0.M4.jar
2025-11-29 20:34:39,917 [Worker-11: Launching Executing clean in C__CurtainCall_CurtainCall] INFO  o.eclipse.m2e.core.internal.Bundles - 	Entry: C:\sts-4.32.2.RELEASE\plugins\org.eclipse.m2e.maven.runtime_3.9.1100.20250811-2018\jars\plexus-build-api-0.0.7.jar
2025-11-29 20:34:39,917 [Worker-11: Launching Executing clean in C__CurtainCall_CurtainCall] INFO  o.eclipse.m2e.core.internal.Bundles - 	Entry: C:\sts-4.32.2.RELEASE\plugins\org.eclipse.m2e.maven.runtime_3.9.1100.20250811-2018\jars\plexus-build-api-1.2.0.jar
2025-11-29 20:34:39,917 [Worker-11: Launching Executing clean in C__CurtainCall_CurtainCall] INFO  o.eclipse.m2e.core.internal.Bundles - 	Entry: C:\sts-4.32.2.RELEASE\plugins\org.eclipse.m2e.maven.runtime_3.9.1100.20250811-2018\jars\plexus-cipher-2.0.jar
2025-11-29 20:34:39,917 [Worker-11: Launching Executing clean in C__CurtainCall_CurtainCall] INFO  o.eclipse.m2e.core.internal.Bundles - 	Entry: C:\sts-4.32.2.RELEASE\plugins\org.eclipse.m2e.maven.runtime_3.9.1100.20250811-2018\jars\plexus-classworlds-2.9.0.jar
2025-11-29 20:34:39,917 [Worker-11: Launching Executing clean in C__CurtainCall_CurtainCall] INFO  o.eclipse.m2e.core.internal.Bundles - 	Entry: C:\sts-4.32.2.RELEASE\plugins\org.eclipse.m2e.maven.runtime_3.9.1100.20250811-2018\jars\plexus-component-annotations-2.2.0.jar
2025-11-29 20:34:39,918 [Worker-11: Launching Executing clean in C__CurtainCall_CurtainCall] INFO  o.eclipse.m2e.core.internal.Bundles - 	Entry: C:\sts-4.32.2.RELEASE\plugins\org.eclipse.m2e.maven.runtime_3.9.1100.20250811-2018\jars\plexus-interpolation-1.28.jar
2025-11-29 20:34:39,918 [Worker-11: Launching Executing clean in C__CurtainCall_CurtainCall] INFO  o.eclipse.m2e.core.internal.Bundles - 	Entry: C:\sts-4.32.2.RELEASE\plugins\org.eclipse.m2e.maven.runtime_3.9.1100.20250811-2018\jars\plexus-sec-dispatcher-2.0.jar
2025-11-29 20:34:39,918 [Worker-11: Launching Executing clean in C__CurtainCall_CurtainCall] INFO  o.eclipse.m2e.core.internal.Bundles - 	Entry: C:\sts-4.32.2.RELEASE\plugins\org.eclipse.m2e.maven.runtime_3.9.1100.20250811-2018\jars\plexus-utils-3.6.0.jar
2025-11-29 20:34:39,918 [Worker-11: Launching Executing clean in C__CurtainCall_CurtainCall] INFO  o.eclipse.m2e.core.internal.Bundles - 	Entry: C:\sts-4.32.2.RELEASE\plugins\org.eclipse.m2e.maven.runtime_3.9.1100.20250811-2018\jars\wagon-file-3.5.3.jar
2025-11-29 20:34:39,918 [Worker-11: Launching Executing clean in C__CurtainCall_CurtainCall] INFO  o.eclipse.m2e.core.internal.Bundles - 	Entry: C:\sts-4.32.2.RELEASE\plugins\org.eclipse.m2e.maven.runtime_3.9.1100.20250811-2018\jars\wagon-http-3.5.3.jar
2025-11-29 20:34:39,918 [Worker-11: Launching Executing clean in C__CurtainCall_CurtainCall] INFO  o.eclipse.m2e.core.internal.Bundles - 	Entry: C:\sts-4.32.2.RELEASE\plugins\org.eclipse.m2e.maven.runtime_3.9.1100.20250811-2018\jars\wagon-http-shared-3.5.3.jar
2025-11-29 20:34:39,918 [Worker-11: Launching Executing clean in C__CurtainCall_CurtainCall] INFO  o.eclipse.m2e.core.internal.Bundles - 	Entry: C:\sts-4.32.2.RELEASE\plugins\org.eclipse.m2e.maven.runtime_3.9.1100.20250811-2018\jars\wagon-provider-api-3.5.3.jar
2025-11-29 20:34:39,920 [Worker-11: Launching Executing clean in C__CurtainCall_CurtainCall] INFO  o.eclipse.m2e.core.internal.Bundles - getClasspathEntries(Bundle=com.google.guava_33.4.8.jre [31])
2025-11-29 20:34:39,920 [Worker-11: Launching Executing clean in C__CurtainCall_CurtainCall] INFO  o.eclipse.m2e.core.internal.Bundles - 	Entry: C:\sts-4.32.2.RELEASE\plugins\com.google.guava_33.4.8.jre.jar
2025-11-29 20:34:39,920 [Worker-11: Launching Executing clean in C__CurtainCall_CurtainCall] INFO  o.eclipse.m2e.core.internal.Bundles - getClasspathEntries(Bundle=slf4j.api_2.0.17 [612])
2025-11-29 20:34:39,920 [Worker-11: Launching Executing clean in C__CurtainCall_CurtainCall] INFO  o.eclipse.m2e.core.internal.Bundles - 	Entry: C:\sts-4.32.2.RELEASE\plugins\slf4j.api_2.0.17.jar
2025-11-29 20:34:39,920 [Worker-11: Launching Executing clean in C__CurtainCall_CurtainCall] INFO  o.eclipse.m2e.core.internal.Bundles - getClasspathEntries(Bundle=jakarta.inject.jakarta.inject-api_1.0.5 [46])
2025-11-29 20:34:39,920 [Worker-11: Launching Executing clean in C__CurtainCall_CurtainCall] INFO  o.eclipse.m2e.core.internal.Bundles - 	Entry: C:\sts-4.32.2.RELEASE\plugins\jakarta.inject.jakarta.inject-api_1.0.5.jar
2025-11-29 20:34:39,920 [Worker-11: Launching Executing clean in C__CurtainCall_CurtainCall] INFO  o.eclipse.m2e.core.internal.Bundles - getClasspathEntries(Bundle=jakarta.annotation-api_1.3.5 [43])
2025-11-29 20:34:39,921 [Worker-11: Launching Executing clean in C__CurtainCall_CurtainCall] INFO  o.eclipse.m2e.core.internal.Bundles - 	Entry: C:\sts-4.32.2.RELEASE\plugins\jakarta.annotation-api_1.3.5.jar
2025-11-29 20:34:39,921 [Worker-11: Launching Executing clean in C__CurtainCall_CurtainCall] INFO  o.eclipse.m2e.core.internal.Bundles - getClasspathEntries(Bundle=org.apache.commons.cli_1.10.0 [78])
2025-11-29 20:34:39,921 [Worker-11: Launching Executing clean in C__CurtainCall_CurtainCall] INFO  o.eclipse.m2e.core.internal.Bundles - 	Entry: C:\sts-4.32.2.RELEASE\plugins\org.apache.commons.cli_1.10.0.jar
2025-11-29 20:34:39,921 [Worker-11: Launching Executing clean in C__CurtainCall_CurtainCall] INFO  o.eclipse.m2e.core.internal.Bundles - getClasspathEntries(Bundle=org.apache.commons.commons-codec_1.19.0 [80])
2025-11-29 20:34:39,921 [Worker-11: Launching Executing clean in C__CurtainCall_CurtainCall] INFO  o.eclipse.m2e.core.internal.Bundles - 	Entry: C:\sts-4.32.2.RELEASE\plugins\org.apache.commons.commons-codec_1.19.0.jar
2025-11-29 20:34:39,921 [Worker-11: Launching Executing clean in C__CurtainCall_CurtainCall] INFO  o.eclipse.m2e.core.internal.Bundles - getClasspathEntries(Bundle=com.google.guava.failureaccess_1.0.3 [32])
2025-11-29 20:34:39,921 [Worker-11: Launching Executing clean in C__CurtainCall_CurtainCall] INFO  o.eclipse.m2e.core.internal.Bundles - 	Entry: C:\sts-4.32.2.RELEASE\plugins\com.google.guava.failureaccess_1.0.3.jar
2025-11-29 20:34:39,933 [Worker-11: Launching Executing clean in C__CurtainCall_CurtainCall] INFO  o.e.m.i.launch.MavenLaunchDelegate - Run build in "C:\CurtainCall\CurtainCall":
2025-11-29 20:34:39,935 [Worker-11: Launching Executing clean in C__CurtainCall_CurtainCall] INFO  o.e.m.i.launch.MavenLaunchDelegate -  mvn  -B -Dstyle.color=always clean
2025-11-29 20:34:42,747 [Worker-9: Building] INFO  o.a.m.s.f.DefaultMavenResourcesFiltering - Copying 1 resource from src\main\resources to target\classes
2025-11-29 20:34:42,748 [Worker-9: Building] INFO  o.a.m.s.f.DefaultMavenResourcesFiltering - Copying 4 resources from src\main\resources to target\classes
2025-11-29 20:34:42,754 [Worker-9: Building] INFO  o.a.m.s.f.DefaultMavenResourcesFiltering - skip non existing resourceDirectory C:\CurtainCall\CurtainCall\src\test\resources
2025-11-29 20:34:42,764 [Worker-9: Building] WARN  o.apache.maven.project.MavenProject - Direct modification of compileSourceRoots through clear() is deprecated and will not work in Maven 4.0.0. Please use the add/remove methods instead. If you're using a plugin that causes this warning, please upgrade to the latest version and report an issue if the warning persists. To disable these warnings, set -Dmaven.project.sourceRoots.warningsDisabled=true on the command line, in the .mvn/maven.config file, or in project POM properties.
2025-11-29 20:34:42,764 [Worker-9: Building] WARN  o.apache.maven.project.MavenProject - Direct modification of compileSourceRoots through add() is deprecated and will not work in Maven 4.0.0. Please use the add/remove methods instead. If you're using a plugin that causes this warning, please upgrade to the latest version and report an issue if the warning persists. To disable these warnings, set -Dmaven.project.sourceRoots.warningsDisabled=true on the command line, in the .mvn/maven.config file, or in project POM properties.
2025-11-29 20:34:42,765 [Worker-9: Building] WARN  o.apache.maven.project.MavenProject - Direct modification of testCompileSourceRoots through clear() is deprecated and will not work in Maven 4.0.0. Please use the add/remove methods instead. If you're using a plugin that causes this warning, please upgrade to the latest version and report an issue if the warning persists. To disable these warnings, set -Dmaven.project.sourceRoots.warningsDisabled=true on the command line, in the .mvn/maven.config file, or in project POM properties.
2025-11-29 20:34:42,765 [Worker-9: Building] WARN  o.apache.maven.project.MavenProject - Direct modification of testCompileSourceRoots through add() is deprecated and will not work in Maven 4.0.0. Please use the add/remove methods instead. If you're using a plugin that causes this warning, please upgrade to the latest version and report an issue if the warning persists. To disable these warnings, set -Dmaven.project.sourceRoots.warningsDisabled=true on the command line, in the .mvn/maven.config file, or in project POM properties.
2025-11-29 20:35:02,678 [Worker-1: Launching Executing install in C__CurtainCall_CurtainCall] INFO  o.eclipse.m2e.core.internal.Bundles - getClasspathEntries(Bundle=org.eclipse.m2e.maven.runtime_3.9.1100.20250811-2018 [364])
2025-11-29 20:35:02,679 [Worker-1: Launching Executing install in C__CurtainCall_CurtainCall] INFO  o.eclipse.m2e.core.internal.Bundles - 	Entry: C:\sts-4.32.2.RELEASE\plugins\org.eclipse.m2e.maven.runtime_3.9.1100.20250811-2018
2025-11-29 20:35:02,679 [Worker-1: Launching Executing install in C__CurtainCall_CurtainCall] INFO  o.eclipse.m2e.core.internal.Bundles - 	Entry: C:\sts-4.32.2.RELEASE\plugins\org.eclipse.m2e.maven.runtime_3.9.1100.20250811-2018\jars\aopalliance-1.0.jar
2025-11-29 20:35:02,680 [Worker-1: Launching Executing install in C__CurtainCall_CurtainCall] INFO  o.eclipse.m2e.core.internal.Bundles - 	Entry: C:\sts-4.32.2.RELEASE\plugins\org.eclipse.m2e.maven.runtime_3.9.1100.20250811-2018\jars\asm-9.8.jar
2025-11-29 20:35:02,680 [Worker-1: Launching Executing install in C__CurtainCall_CurtainCall] INFO  o.eclipse.m2e.core.internal.Bundles - 	Entry: C:\sts-4.32.2.RELEASE\plugins\org.eclipse.m2e.maven.runtime_3.9.1100.20250811-2018\jars\error_prone_annotations-2.38.0.jar
2025-11-29 20:35:02,680 [Worker-1: Launching Executing install in C__CurtainCall_CurtainCall] INFO  o.eclipse.m2e.core.internal.Bundles - 	Entry: C:\sts-4.32.2.RELEASE\plugins\org.eclipse.m2e.maven.runtime_3.9.1100.20250811-2018\jars\gson-2.13.1.jar
2025-11-29 20:35:02,680 [Worker-1: Launching Executing install in C__CurtainCall_CurtainCall] INFO  o.eclipse.m2e.core.internal.Bundles - 	Entry: C:\sts-4.32.2.RELEASE\plugins\org.eclipse.m2e.maven.runtime_3.9.1100.20250811-2018\jars\guice-5.1.0-classes.jar
2025-11-29 20:35:02,680 [Worker-1: Launching Executing install in C__CurtainCall_CurtainCall] INFO  o.eclipse.m2e.core.internal.Bundles - 	Entry: C:\sts-4.32.2.RELEASE\plugins\org.eclipse.m2e.maven.runtime_3.9.1100.20250811-2018\jars\httpclient-4.5.14.jar
2025-11-29 20:35:02,680 [Worker-1: Launching Executing install in C__CurtainCall_CurtainCall] INFO  o.eclipse.m2e.core.internal.Bundles - 	Entry: C:\sts-4.32.2.RELEASE\plugins\org.eclipse.m2e.maven.runtime_3.9.1100.20250811-2018\jars\httpcore-4.4.16.jar
2025-11-29 20:35:02,680 [Worker-1: Launching Executing install in C__CurtainCall_CurtainCall] INFO  o.eclipse.m2e.core.internal.Bundles - 	Entry: C:\sts-4.32.2.RELEASE\plugins\org.eclipse.m2e.maven.runtime_3.9.1100.20250811-2018\jars\jansi-2.4.2.jar
2025-11-29 20:35:02,680 [Worker-1: Launching Executing install in C__CurtainCall_CurtainCall] INFO  o.eclipse.m2e.core.internal.Bundles - 	Entry: C:\sts-4.32.2.RELEASE\plugins\org.eclipse.m2e.maven.runtime_3.9.1100.20250811-2018\jars\jcl-over-slf4j-1.7.36.jar
2025-11-29 20:35:02,680 [Worker-1: Launching Executing install in C__CurtainCall_CurtainCall] INFO  o.eclipse.m2e.core.internal.Bundles - 	Entry: C:\sts-4.32.2.RELEASE\plugins\org.eclipse.m2e.maven.runtime_3.9.1100.20250811-2018\jars\maven-artifact-3.9.11.jar
2025-11-29 20:35:02,681 [Worker-1: Launching Executing install in C__CurtainCall_CurtainCall] INFO  o.eclipse.m2e.core.internal.Bundles - 	Entry: C:\sts-4.32.2.RELEASE\plugins\org.eclipse.m2e.maven.runtime_3.9.1100.20250811-2018\jars\maven-builder-support-3.9.11.jar
2025-11-29 20:35:02,681 [Worker-1: Launching Executing install in C__CurtainCall_CurtainCall] INFO  o.eclipse.m2e.core.internal.Bundles - 	Entry: C:\sts-4.32.2.RELEASE\plugins\org.eclipse.m2e.maven.runtime_3.9.1100.20250811-2018\jars\maven-compat-3.9.11.jar
2025-11-29 20:35:02,681 [Worker-1: Launching Executing install in C__CurtainCall_CurtainCall] INFO  o.eclipse.m2e.core.internal.Bundles - 	Entry: C:\sts-4.32.2.RELEASE\plugins\org.eclipse.m2e.maven.runtime_3.9.1100.20250811-2018\jars\maven-core-3.9.11.jar
2025-11-29 20:35:02,681 [Worker-1: Launching Executing install in C__CurtainCall_CurtainCall] INFO  o.eclipse.m2e.core.internal.Bundles - 	Entry: C:\sts-4.32.2.RELEASE\plugins\org.eclipse.m2e.maven.runtime_3.9.1100.20250811-2018\jars\maven-embedder-3.9.11.jar
2025-11-29 20:35:02,681 [Worker-1: Launching Executing install in C__CurtainCall_CurtainCall] INFO  o.eclipse.m2e.core.internal.Bundles - 	Entry: C:\sts-4.32.2.RELEASE\plugins\org.eclipse.m2e.maven.runtime_3.9.1100.20250811-2018\jars\maven-model-3.9.11.jar
2025-11-29 20:35:02,681 [Worker-1: Launching Executing install in C__CurtainCall_CurtainCall] INFO  o.eclipse.m2e.core.internal.Bundles - 	Entry: C:\sts-4.32.2.RELEASE\plugins\org.eclipse.m2e.maven.runtime_3.9.1100.20250811-2018\jars\maven-model-builder-3.9.11.jar
2025-11-29 20:35:02,681 [Worker-1: Launching Executing install in C__CurtainCall_CurtainCall] INFO  o.eclipse.m2e.core.internal.Bundles - 	Entry: C:\sts-4.32.2.RELEASE\plugins\org.eclipse.m2e.maven.runtime_3.9.1100.20250811-2018\jars\maven-plugin-api-3.9.11.jar
2025-11-29 20:35:02,681 [Worker-1: Launching Executing install in C__CurtainCall_CurtainCall] INFO  o.eclipse.m2e.core.internal.Bundles - 	Entry: C:\sts-4.32.2.RELEASE\plugins\org.eclipse.m2e.maven.runtime_3.9.1100.20250811-2018\jars\maven-repository-metadata-3.9.11.jar
2025-11-29 20:35:02,681 [Worker-1: Launching Executing install in C__CurtainCall_CurtainCall] INFO  o.eclipse.m2e.core.internal.Bundles - 	Entry: C:\sts-4.32.2.RELEASE\plugins\org.eclipse.m2e.maven.runtime_3.9.1100.20250811-2018\jars\maven-resolver-api-1.9.24.jar
2025-11-29 20:35:02,681 [Worker-1: Launching Executing install in C__CurtainCall_CurtainCall] INFO  o.eclipse.m2e.core.internal.Bundles - 	Entry: C:\sts-4.32.2.RELEASE\plugins\org.eclipse.m2e.maven.runtime_3.9.1100.20250811-2018\jars\maven-resolver-connector-basic-1.9.24.jar
2025-11-29 20:35:02,681 [Worker-1: Launching Executing install in C__CurtainCall_CurtainCall] INFO  o.eclipse.m2e.core.internal.Bundles - 	Entry: C:\sts-4.32.2.RELEASE\plugins\org.eclipse.m2e.maven.runtime_3.9.1100.20250811-2018\jars\maven-resolver-impl-1.9.24.jar
2025-11-29 20:35:02,681 [Worker-1: Launching Executing install in C__CurtainCall_CurtainCall] INFO  o.eclipse.m2e.core.internal.Bundles - 	Entry: C:\sts-4.32.2.RELEASE\plugins\org.eclipse.m2e.maven.runtime_3.9.1100.20250811-2018\jars\maven-resolver-named-locks-1.9.24.jar
2025-11-29 20:35:02,681 [Worker-1: Launching Executing install in C__CurtainCall_CurtainCall] INFO  o.eclipse.m2e.core.internal.Bundles - 	Entry: C:\sts-4.32.2.RELEASE\plugins\org.eclipse.m2e.maven.runtime_3.9.1100.20250811-2018\jars\maven-resolver-provider-3.9.11.jar
2025-11-29 20:35:02,681 [Worker-1: Launching Executing install in C__CurtainCall_CurtainCall] INFO  o.eclipse.m2e.core.internal.Bundles - 	Entry: C:\sts-4.32.2.RELEASE\plugins\org.eclipse.m2e.maven.runtime_3.9.1100.20250811-2018\jars\maven-resolver-spi-1.9.24.jar
2025-11-29 20:35:02,681 [Worker-1: Launching Executing install in C__CurtainCall_CurtainCall] INFO  o.eclipse.m2e.core.internal.Bundles - 	Entry: C:\sts-4.32.2.RELEASE\plugins\org.eclipse.m2e.maven.runtime_3.9.1100.20250811-2018\jars\maven-resolver-transport-file-1.9.24.jar
2025-11-29 20:35:02,681 [Worker-1: Launching Executing install in C__CurtainCall_CurtainCall] INFO  o.eclipse.m2e.core.internal.Bundles - 	Entry: C:\sts-4.32.2.RELEASE\plugins\org.eclipse.m2e.maven.runtime_3.9.1100.20250811-2018\jars\maven-resolver-transport-http-1.9.24.jar
2025-11-29 20:35:02,682 [Worker-1: Launching Executing install in C__CurtainCall_CurtainCall] INFO  o.eclipse.m2e.core.internal.Bundles - 	Entry: C:\sts-4.32.2.RELEASE\plugins\org.eclipse.m2e.maven.runtime_3.9.1100.20250811-2018\jars\maven-resolver-transport-wagon-1.9.24.jar
2025-11-29 20:35:02,682 [Worker-1: Launching Executing install in C__CurtainCall_CurtainCall] INFO  o.eclipse.m2e.core.internal.Bundles - 	Entry: C:\sts-4.32.2.RELEASE\plugins\org.eclipse.m2e.maven.runtime_3.9.1100.20250811-2018\jars\maven-resolver-util-1.9.24.jar
2025-11-29 20:35:02,682 [Worker-1: Launching Executing install in C__CurtainCall_CurtainCall] INFO  o.eclipse.m2e.core.internal.Bundles - 	Entry: C:\sts-4.32.2.RELEASE\plugins\org.eclipse.m2e.maven.runtime_3.9.1100.20250811-2018\jars\maven-settings-3.9.11.jar
2025-11-29 20:35:02,682 [Worker-1: Launching Executing install in C__CurtainCall_CurtainCall] INFO  o.eclipse.m2e.core.internal.Bundles - 	Entry: C:\sts-4.32.2.RELEASE\plugins\org.eclipse.m2e.maven.runtime_3.9.1100.20250811-2018\jars\maven-settings-builder-3.9.11.jar
2025-11-29 20:35:02,682 [Worker-1: Launching Executing install in C__CurtainCall_CurtainCall] INFO  o.eclipse.m2e.core.internal.Bundles - 	Entry: C:\sts-4.32.2.RELEASE\plugins\org.eclipse.m2e.maven.runtime_3.9.1100.20250811-2018\jars\maven-shared-utils-3.4.2.jar
2025-11-29 20:35:02,682 [Worker-1: Launching Executing install in C__CurtainCall_CurtainCall] INFO  o.eclipse.m2e.core.internal.Bundles - 	Entry: C:\sts-4.32.2.RELEASE\plugins\org.eclipse.m2e.maven.runtime_3.9.1100.20250811-2018\jars\org.eclipse.sisu.inject-0.9.0.M4.jar
2025-11-29 20:35:02,682 [Worker-1: Launching Executing install in C__CurtainCall_CurtainCall] INFO  o.eclipse.m2e.core.internal.Bundles - 	Entry: C:\sts-4.32.2.RELEASE\plugins\org.eclipse.m2e.maven.runtime_3.9.1100.20250811-2018\jars\org.eclipse.sisu.plexus-0.9.0.M4.jar
2025-11-29 20:35:02,682 [Worker-1: Launching Executing install in C__CurtainCall_CurtainCall] INFO  o.eclipse.m2e.core.internal.Bundles - 	Entry: C:\sts-4.32.2.RELEASE\plugins\org.eclipse.m2e.maven.runtime_3.9.1100.20250811-2018\jars\plexus-build-api-0.0.7.jar
2025-11-29 20:35:02,682 [Worker-1: Launching Executing install in C__CurtainCall_CurtainCall] INFO  o.eclipse.m2e.core.internal.Bundles - 	Entry: C:\sts-4.32.2.RELEASE\plugins\org.eclipse.m2e.maven.runtime_3.9.1100.20250811-2018\jars\plexus-build-api-1.2.0.jar
2025-11-29 20:35:02,682 [Worker-1: Launching Executing install in C__CurtainCall_CurtainCall] INFO  o.eclipse.m2e.core.internal.Bundles - 	Entry: C:\sts-4.32.2.RELEASE\plugins\org.eclipse.m2e.maven.runtime_3.9.1100.20250811-2018\jars\plexus-cipher-2.0.jar
2025-11-29 20:35:02,682 [Worker-1: Launching Executing install in C__CurtainCall_CurtainCall] INFO  o.eclipse.m2e.core.internal.Bundles - 	Entry: C:\sts-4.32.2.RELEASE\plugins\org.eclipse.m2e.maven.runtime_3.9.1100.20250811-2018\jars\plexus-classworlds-2.9.0.jar
2025-11-29 20:35:02,682 [Worker-1: Launching Executing install in C__CurtainCall_CurtainCall] INFO  o.eclipse.m2e.core.internal.Bundles - 	Entry: C:\sts-4.32.2.RELEASE\plugins\org.eclipse.m2e.maven.runtime_3.9.1100.20250811-2018\jars\plexus-component-annotations-2.2.0.jar
2025-11-29 20:35:02,682 [Worker-1: Launching Executing install in C__CurtainCall_CurtainCall] INFO  o.eclipse.m2e.core.internal.Bundles - 	Entry: C:\sts-4.32.2.RELEASE\plugins\org.eclipse.m2e.maven.runtime_3.9.1100.20250811-2018\jars\plexus-interpolation-1.28.jar
2025-11-29 20:35:02,682 [Worker-1: Launching Executing install in C__CurtainCall_CurtainCall] INFO  o.eclipse.m2e.core.internal.Bundles - 	Entry: C:\sts-4.32.2.RELEASE\plugins\org.eclipse.m2e.maven.runtime_3.9.1100.20250811-2018\jars\plexus-sec-dispatcher-2.0.jar
2025-11-29 20:35:02,682 [Worker-1: Launching Executing install in C__CurtainCall_CurtainCall] INFO  o.eclipse.m2e.core.internal.Bundles - 	Entry: C:\sts-4.32.2.RELEASE\plugins\org.eclipse.m2e.maven.runtime_3.9.1100.20250811-2018\jars\plexus-utils-3.6.0.jar
2025-11-29 20:35:02,683 [Worker-1: Launching Executing install in C__CurtainCall_CurtainCall] INFO  o.eclipse.m2e.core.internal.Bundles - 	Entry: C:\sts-4.32.2.RELEASE\plugins\org.eclipse.m2e.maven.runtime_3.9.1100.20250811-2018\jars\wagon-file-3.5.3.jar
2025-11-29 20:35:02,683 [Worker-1: Launching Executing install in C__CurtainCall_CurtainCall] INFO  o.eclipse.m2e.core.internal.Bundles - 	Entry: C:\sts-4.32.2.RELEASE\plugins\org.eclipse.m2e.maven.runtime_3.9.1100.20250811-2018\jars\wagon-http-3.5.3.jar
2025-11-29 20:35:02,683 [Worker-1: Launching Executing install in C__CurtainCall_CurtainCall] INFO  o.eclipse.m2e.core.internal.Bundles - 	Entry: C:\sts-4.32.2.RELEASE\plugins\org.eclipse.m2e.maven.runtime_3.9.1100.20250811-2018\jars\wagon-http-shared-3.5.3.jar
2025-11-29 20:35:02,683 [Worker-1: Launching Executing install in C__CurtainCall_CurtainCall] INFO  o.eclipse.m2e.core.internal.Bundles - 	Entry: C:\sts-4.32.2.RELEASE\plugins\org.eclipse.m2e.maven.runtime_3.9.1100.20250811-2018\jars\wagon-provider-api-3.5.3.jar
2025-11-29 20:35:02,683 [Worker-1: Launching Executing install in C__CurtainCall_CurtainCall] INFO  o.eclipse.m2e.core.internal.Bundles - getClasspathEntries(Bundle=com.google.guava_33.4.8.jre [31])
2025-11-29 20:35:02,683 [Worker-1: Launching Executing install in C__CurtainCall_CurtainCall] INFO  o.eclipse.m2e.core.internal.Bundles - 	Entry: C:\sts-4.32.2.RELEASE\plugins\com.google.guava_33.4.8.jre.jar
2025-11-29 20:35:02,683 [Worker-1: Launching Executing install in C__CurtainCall_CurtainCall] INFO  o.eclipse.m2e.core.internal.Bundles - getClasspathEntries(Bundle=slf4j.api_2.0.17 [612])
2025-11-29 20:35:02,683 [Worker-1: Launching Executing install in C__CurtainCall_CurtainCall] INFO  o.eclipse.m2e.core.internal.Bundles - 	Entry: C:\sts-4.32.2.RELEASE\plugins\slf4j.api_2.0.17.jar
2025-11-29 20:35:02,683 [Worker-1: Launching Executing install in C__CurtainCall_CurtainCall] INFO  o.eclipse.m2e.core.internal.Bundles - getClasspathEntries(Bundle=jakarta.inject.jakarta.inject-api_1.0.5 [46])
2025-11-29 20:35:02,683 [Worker-1: Launching Executing install in C__CurtainCall_CurtainCall] INFO  o.eclipse.m2e.core.internal.Bundles - 	Entry: C:\sts-4.32.2.RELEASE\plugins\jakarta.inject.jakarta.inject-api_1.0.5.jar
2025-11-29 20:35:02,683 [Worker-1: Launching Executing install in C__CurtainCall_CurtainCall] INFO  o.eclipse.m2e.core.internal.Bundles - getClasspathEntries(Bundle=jakarta.annotation-api_1.3.5 [43])
2025-11-29 20:35:02,684 [Worker-1: Launching Executing install in C__CurtainCall_CurtainCall] INFO  o.eclipse.m2e.core.internal.Bundles - 	Entry: C:\sts-4.32.2.RELEASE\plugins\jakarta.annotation-api_1.3.5.jar
2025-11-29 20:35:02,684 [Worker-1: Launching Executing install in C__CurtainCall_CurtainCall] INFO  o.eclipse.m2e.core.internal.Bundles - getClasspathEntries(Bundle=org.apache.commons.cli_1.10.0 [78])
2025-11-29 20:35:02,684 [Worker-1: Launching Executing install in C__CurtainCall_CurtainCall] INFO  o.eclipse.m2e.core.internal.Bundles - 	Entry: C:\sts-4.32.2.RELEASE\plugins\org.apache.commons.cli_1.10.0.jar
2025-11-29 20:35:02,684 [Worker-1: Launching Executing install in C__CurtainCall_CurtainCall] INFO  o.eclipse.m2e.core.internal.Bundles - getClasspathEntries(Bundle=org.apache.commons.commons-codec_1.19.0 [80])
2025-11-29 20:35:02,684 [Worker-1: Launching Executing install in C__CurtainCall_CurtainCall] INFO  o.eclipse.m2e.core.internal.Bundles - 	Entry: C:\sts-4.32.2.RELEASE\plugins\org.apache.commons.commons-codec_1.19.0.jar
2025-11-29 20:35:02,684 [Worker-1: Launching Executing install in C__CurtainCall_CurtainCall] INFO  o.eclipse.m2e.core.internal.Bundles - getClasspathEntries(Bundle=com.google.guava.failureaccess_1.0.3 [32])
2025-11-29 20:35:02,684 [Worker-1: Launching Executing install in C__CurtainCall_CurtainCall] INFO  o.eclipse.m2e.core.internal.Bundles - 	Entry: C:\sts-4.32.2.RELEASE\plugins\com.google.guava.failureaccess_1.0.3.jar
2025-11-29 20:35:02,685 [Worker-1: Launching Executing install in C__CurtainCall_CurtainCall] INFO  o.e.m.i.launch.MavenLaunchDelegate - Run build in "C:\CurtainCall\CurtainCall":
2025-11-29 20:35:02,685 [Worker-1: Launching Executing install in C__CurtainCall_CurtainCall] INFO  o.e.m.i.launch.MavenLaunchDelegate -  mvn  -B -Dstyle.color=always install
2025-11-29 20:35:36,662 [Worker-13: Launching Executing install in C__CurtainCall_CurtainCall] INFO  o.eclipse.m2e.core.internal.Bundles - getClasspathEntries(Bundle=org.eclipse.m2e.maven.runtime_3.9.1100.20250811-2018 [364])
2025-11-29 20:35:36,663 [Worker-13: Launching Executing install in C__CurtainCall_CurtainCall] INFO  o.eclipse.m2e.core.internal.Bundles - 	Entry: C:\sts-4.32.2.RELEASE\plugins\org.eclipse.m2e.maven.runtime_3.9.1100.20250811-2018
2025-11-29 20:35:36,664 [Worker-13: Launching Executing install in C__CurtainCall_CurtainCall] INFO  o.eclipse.m2e.core.internal.Bundles - 	Entry: C:\sts-4.32.2.RELEASE\plugins\org.eclipse.m2e.maven.runtime_3.9.1100.20250811-2018\jars\aopalliance-1.0.jar
2025-11-29 20:35:36,664 [Worker-13: Launching Executing install in C__CurtainCall_CurtainCall] INFO  o.eclipse.m2e.core.internal.Bundles - 	Entry: C:\sts-4.32.2.RELEASE\plugins\org.eclipse.m2e.maven.runtime_3.9.1100.20250811-2018\jars\asm-9.8.jar
2025-11-29 20:35:36,664 [Worker-13: Launching Executing install in C__CurtainCall_CurtainCall] INFO  o.eclipse.m2e.core.internal.Bundles - 	Entry: C:\sts-4.32.2.RELEASE\plugins\org.eclipse.m2e.maven.runtime_3.9.1100.20250811-2018\jars\error_prone_annotations-2.38.0.jar
2025-11-29 20:35:36,664 [Worker-13: Launching Executing install in C__CurtainCall_CurtainCall] INFO  o.eclipse.m2e.core.internal.Bundles - 	Entry: C:\sts-4.32.2.RELEASE\plugins\org.eclipse.m2e.maven.runtime_3.9.1100.20250811-2018\jars\gson-2.13.1.jar
2025-11-29 20:35:36,664 [Worker-13: Launching Executing install in C__CurtainCall_CurtainCall] INFO  o.eclipse.m2e.core.internal.Bundles - 	Entry: C:\sts-4.32.2.RELEASE\plugins\org.eclipse.m2e.maven.runtime_3.9.1100.20250811-2018\jars\guice-5.1.0-classes.jar
2025-11-29 20:35:36,664 [Worker-13: Launching Executing install in C__CurtainCall_CurtainCall] INFO  o.eclipse.m2e.core.internal.Bundles - 	Entry: C:\sts-4.32.2.RELEASE\plugins\org.eclipse.m2e.maven.runtime_3.9.1100.20250811-2018\jars\httpclient-4.5.14.jar
2025-11-29 20:35:36,664 [Worker-13: Launching Executing install in C__CurtainCall_CurtainCall] INFO  o.eclipse.m2e.core.internal.Bundles - 	Entry: C:\sts-4.32.2.RELEASE\plugins\org.eclipse.m2e.maven.runtime_3.9.1100.20250811-2018\jars\httpcore-4.4.16.jar
2025-11-29 20:35:36,664 [Worker-13: Launching Executing install in C__CurtainCall_CurtainCall] INFO  o.eclipse.m2e.core.internal.Bundles - 	Entry: C:\sts-4.32.2.RELEASE\plugins\org.eclipse.m2e.maven.runtime_3.9.1100.20250811-2018\jars\jansi-2.4.2.jar
2025-11-29 20:35:36,664 [Worker-13: Launching Executing install in C__CurtainCall_CurtainCall] INFO  o.eclipse.m2e.core.internal.Bundles - 	Entry: C:\sts-4.32.2.RELEASE\plugins\org.eclipse.m2e.maven.runtime_3.9.1100.20250811-2018\jars\jcl-over-slf4j-1.7.36.jar
2025-11-29 20:35:36,664 [Worker-13: Launching Executing install in C__CurtainCall_CurtainCall] INFO  o.eclipse.m2e.core.internal.Bundles - 	Entry: C:\sts-4.32.2.RELEASE\plugins\org.eclipse.m2e.maven.runtime_3.9.1100.20250811-2018\jars\maven-artifact-3.9.11.jar
2025-11-29 20:35:36,664 [Worker-13: Launching Executing install in C__CurtainCall_CurtainCall] INFO  o.eclipse.m2e.core.internal.Bundles - 	Entry: C:\sts-4.32.2.RELEASE\plugins\org.eclipse.m2e.maven.runtime_3.9.1100.20250811-2018\jars\maven-builder-support-3.9.11.jar
2025-11-29 20:35:36,664 [Worker-13: Launching Executing install in C__CurtainCall_CurtainCall] INFO  o.eclipse.m2e.core.internal.Bundles - 	Entry: C:\sts-4.32.2.RELEASE\plugins\org.eclipse.m2e.maven.runtime_3.9.1100.20250811-2018\jars\maven-compat-3.9.11.jar
2025-11-29 20:35:36,664 [Worker-13: Launching Executing install in C__CurtainCall_CurtainCall] INFO  o.eclipse.m2e.core.internal.Bundles - 	Entry: C:\sts-4.32.2.RELEASE\plugins\org.eclipse.m2e.maven.runtime_3.9.1100.20250811-2018\jars\maven-core-3.9.11.jar
2025-11-29 20:35:36,665 [Worker-13: Launching Executing install in C__CurtainCall_CurtainCall] INFO  o.eclipse.m2e.core.internal.Bundles - 	Entry: C:\sts-4.32.2.RELEASE\plugins\org.eclipse.m2e.maven.runtime_3.9.1100.20250811-2018\jars\maven-embedder-3.9.11.jar
2025-11-29 20:35:36,665 [Worker-13: Launching Executing install in C__CurtainCall_CurtainCall] INFO  o.eclipse.m2e.core.internal.Bundles - 	Entry: C:\sts-4.32.2.RELEASE\plugins\org.eclipse.m2e.maven.runtime_3.9.1100.20250811-2018\jars\maven-model-3.9.11.jar
2025-11-29 20:35:36,665 [Worker-13: Launching Executing install in C__CurtainCall_CurtainCall] INFO  o.eclipse.m2e.core.internal.Bundles - 	Entry: C:\sts-4.32.2.RELEASE\plugins\org.eclipse.m2e.maven.runtime_3.9.1100.20250811-2018\jars\maven-model-builder-3.9.11.jar
2025-11-29 20:35:36,665 [Worker-13: Launching Executing install in C__CurtainCall_CurtainCall] INFO  o.eclipse.m2e.core.internal.Bundles - 	Entry: C:\sts-4.32.2.RELEASE\plugins\org.eclipse.m2e.maven.runtime_3.9.1100.20250811-2018\jars\maven-plugin-api-3.9.11.jar
2025-11-29 20:35:36,665 [Worker-13: Launching Executing install in C__CurtainCall_CurtainCall] INFO  o.eclipse.m2e.core.internal.Bundles - 	Entry: C:\sts-4.32.2.RELEASE\plugins\org.eclipse.m2e.maven.runtime_3.9.1100.20250811-2018\jars\maven-repository-metadata-3.9.11.jar
2025-11-29 20:35:36,665 [Worker-13: Launching Executing install in C__CurtainCall_CurtainCall] INFO  o.eclipse.m2e.core.internal.Bundles - 	Entry: C:\sts-4.32.2.RELEASE\plugins\org.eclipse.m2e.maven.runtime_3.9.1100.20250811-2018\jars\maven-resolver-api-1.9.24.jar
2025-11-29 20:35:36,665 [Worker-13: Launching Executing install in C__CurtainCall_CurtainCall] INFO  o.eclipse.m2e.core.internal.Bundles - 	Entry: C:\sts-4.32.2.RELEASE\plugins\org.eclipse.m2e.maven.runtime_3.9.1100.20250811-2018\jars\maven-resolver-connector-basic-1.9.24.jar
2025-11-29 20:35:36,665 [Worker-13: Launching Executing install in C__CurtainCall_CurtainCall] INFO  o.eclipse.m2e.core.internal.Bundles - 	Entry: C:\sts-4.32.2.RELEASE\plugins\org.eclipse.m2e.maven.runtime_3.9.1100.20250811-2018\jars\maven-resolver-impl-1.9.24.jar
2025-11-29 20:35:36,665 [Worker-13: Launching Executing install in C__CurtainCall_CurtainCall] INFO  o.eclipse.m2e.core.internal.Bundles - 	Entry: C:\sts-4.32.2.RELEASE\plugins\org.eclipse.m2e.maven.runtime_3.9.1100.20250811-2018\jars\maven-resolver-named-locks-1.9.24.jar
2025-11-29 20:35:36,665 [Worker-13: Launching Executing install in C__CurtainCall_CurtainCall] INFO  o.eclipse.m2e.core.internal.Bundles - 	Entry: C:\sts-4.32.2.RELEASE\plugins\org.eclipse.m2e.maven.runtime_3.9.1100.20250811-2018\jars\maven-resolver-provider-3.9.11.jar
2025-11-29 20:35:36,665 [Worker-13: Launching Executing install in C__CurtainCall_CurtainCall] INFO  o.eclipse.m2e.core.internal.Bundles - 	Entry: C:\sts-4.32.2.RELEASE\plugins\org.eclipse.m2e.maven.runtime_3.9.1100.20250811-2018\jars\maven-resolver-spi-1.9.24.jar
2025-11-29 20:35:36,665 [Worker-13: Launching Executing install in C__CurtainCall_CurtainCall] INFO  o.eclipse.m2e.core.internal.Bundles - 	Entry: C:\sts-4.32.2.RELEASE\plugins\org.eclipse.m2e.maven.runtime_3.9.1100.20250811-2018\jars\maven-resolver-transport-file-1.9.24.jar
2025-11-29 20:35:36,665 [Worker-13: Launching Executing install in C__CurtainCall_CurtainCall] INFO  o.eclipse.m2e.core.internal.Bundles - 	Entry: C:\sts-4.32.2.RELEASE\plugins\org.eclipse.m2e.maven.runtime_3.9.1100.20250811-2018\jars\maven-resolver-transport-http-1.9.24.jar
2025-11-29 20:35:36,665 [Worker-13: Launching Executing install in C__CurtainCall_CurtainCall] INFO  o.eclipse.m2e.core.internal.Bundles - 	Entry: C:\sts-4.32.2.RELEASE\plugins\org.eclipse.m2e.maven.runtime_3.9.1100.20250811-2018\jars\maven-resolver-transport-wagon-1.9.24.jar
2025-11-29 20:35:36,666 [Worker-13: Launching Executing install in C__CurtainCall_CurtainCall] INFO  o.eclipse.m2e.core.internal.Bundles - 	Entry: C:\sts-4.32.2.RELEASE\plugins\org.eclipse.m2e.maven.runtime_3.9.1100.20250811-2018\jars\maven-resolver-util-1.9.24.jar
2025-11-29 20:35:36,666 [Worker-13: Launching Executing install in C__CurtainCall_CurtainCall] INFO  o.eclipse.m2e.core.internal.Bundles - 	Entry: C:\sts-4.32.2.RELEASE\plugins\org.eclipse.m2e.maven.runtime_3.9.1100.20250811-2018\jars\maven-settings-3.9.11.jar
2025-11-29 20:35:36,666 [Worker-13: Launching Executing install in C__CurtainCall_CurtainCall] INFO  o.eclipse.m2e.core.internal.Bundles - 	Entry: C:\sts-4.32.2.RELEASE\plugins\org.eclipse.m2e.maven.runtime_3.9.1100.20250811-2018\jars\maven-settings-builder-3.9.11.jar
2025-11-29 20:35:36,666 [Worker-13: Launching Executing install in C__CurtainCall_CurtainCall] INFO  o.eclipse.m2e.core.internal.Bundles - 	Entry: C:\sts-4.32.2.RELEASE\plugins\org.eclipse.m2e.maven.runtime_3.9.1100.20250811-2018\jars\maven-shared-utils-3.4.2.jar
2025-11-29 20:35:36,666 [Worker-13: Launching Executing install in C__CurtainCall_CurtainCall] INFO  o.eclipse.m2e.core.internal.Bundles - 	Entry: C:\sts-4.32.2.RELEASE\plugins\org.eclipse.m2e.maven.runtime_3.9.1100.20250811-2018\jars\org.eclipse.sisu.inject-0.9.0.M4.jar
2025-11-29 20:35:36,666 [Worker-13: Launching Executing install in C__CurtainCall_CurtainCall] INFO  o.eclipse.m2e.core.internal.Bundles - 	Entry: C:\sts-4.32.2.RELEASE\plugins\org.eclipse.m2e.maven.runtime_3.9.1100.20250811-2018\jars\org.eclipse.sisu.plexus-0.9.0.M4.jar
2025-11-29 20:35:36,666 [Worker-13: Launching Executing install in C__CurtainCall_CurtainCall] INFO  o.eclipse.m2e.core.internal.Bundles - 	Entry: C:\sts-4.32.2.RELEASE\plugins\org.eclipse.m2e.maven.runtime_3.9.1100.20250811-2018\jars\plexus-build-api-0.0.7.jar
2025-11-29 20:35:36,666 [Worker-13: Launching Executing install in C__CurtainCall_CurtainCall] INFO  o.eclipse.m2e.core.internal.Bundles - 	Entry: C:\sts-4.32.2.RELEASE\plugins\org.eclipse.m2e.maven.runtime_3.9.1100.20250811-2018\jars\plexus-build-api-1.2.0.jar
2025-11-29 20:35:36,666 [Worker-13: Launching Executing install in C__CurtainCall_CurtainCall] INFO  o.eclipse.m2e.core.internal.Bundles - 	Entry: C:\sts-4.32.2.RELEASE\plugins\org.eclipse.m2e.maven.runtime_3.9.1100.20250811-2018\jars\plexus-cipher-2.0.jar
2025-11-29 20:35:36,666 [Worker-13: Launching Executing install in C__CurtainCall_CurtainCall] INFO  o.eclipse.m2e.core.internal.Bundles - 	Entry: C:\sts-4.32.2.RELEASE\plugins\org.eclipse.m2e.maven.runtime_3.9.1100.20250811-2018\jars\plexus-classworlds-2.9.0.jar
2025-11-29 20:35:36,666 [Worker-13: Launching Executing install in C__CurtainCall_CurtainCall] INFO  o.eclipse.m2e.core.internal.Bundles - 	Entry: C:\sts-4.32.2.RELEASE\plugins\org.eclipse.m2e.maven.runtime_3.9.1100.20250811-2018\jars\plexus-component-annotations-2.2.0.jar
2025-11-29 20:35:36,666 [Worker-13: Launching Executing install in C__CurtainCall_CurtainCall] INFO  o.eclipse.m2e.core.internal.Bundles - 	Entry: C:\sts-4.32.2.RELEASE\plugins\org.eclipse.m2e.maven.runtime_3.9.1100.20250811-2018\jars\plexus-interpolation-1.28.jar
2025-11-29 20:35:36,666 [Worker-13: Launching Executing install in C__CurtainCall_CurtainCall] INFO  o.eclipse.m2e.core.internal.Bundles - 	Entry: C:\sts-4.32.2.RELEASE\plugins\org.eclipse.m2e.maven.runtime_3.9.1100.20250811-2018\jars\plexus-sec-dispatcher-2.0.jar
2025-11-29 20:35:36,667 [Worker-13: Launching Executing install in C__CurtainCall_CurtainCall] INFO  o.eclipse.m2e.core.internal.Bundles - 	Entry: C:\sts-4.32.2.RELEASE\plugins\org.eclipse.m2e.maven.runtime_3.9.1100.20250811-2018\jars\plexus-utils-3.6.0.jar
2025-11-29 20:35:36,667 [Worker-13: Launching Executing install in C__CurtainCall_CurtainCall] INFO  o.eclipse.m2e.core.internal.Bundles - 	Entry: C:\sts-4.32.2.RELEASE\plugins\org.eclipse.m2e.maven.runtime_3.9.1100.20250811-2018\jars\wagon-file-3.5.3.jar
2025-11-29 20:35:36,667 [Worker-13: Launching Executing install in C__CurtainCall_CurtainCall] INFO  o.eclipse.m2e.core.internal.Bundles - 	Entry: C:\sts-4.32.2.RELEASE\plugins\org.eclipse.m2e.maven.runtime_3.9.1100.20250811-2018\jars\wagon-http-3.5.3.jar
2025-11-29 20:35:36,667 [Worker-13: Launching Executing install in C__CurtainCall_CurtainCall] INFO  o.eclipse.m2e.core.internal.Bundles - 	Entry: C:\sts-4.32.2.RELEASE\plugins\org.eclipse.m2e.maven.runtime_3.9.1100.20250811-2018\jars\wagon-http-shared-3.5.3.jar
2025-11-29 20:35:36,667 [Worker-13: Launching Executing install in C__CurtainCall_CurtainCall] INFO  o.eclipse.m2e.core.internal.Bundles - 	Entry: C:\sts-4.32.2.RELEASE\plugins\org.eclipse.m2e.maven.runtime_3.9.1100.20250811-2018\jars\wagon-provider-api-3.5.3.jar
2025-11-29 20:35:36,667 [Worker-13: Launching Executing install in C__CurtainCall_CurtainCall] INFO  o.eclipse.m2e.core.internal.Bundles - getClasspathEntries(Bundle=com.google.guava_33.4.8.jre [31])
2025-11-29 20:35:36,667 [Worker-13: Launching Executing install in C__CurtainCall_CurtainCall] INFO  o.eclipse.m2e.core.internal.Bundles - 	Entry: C:\sts-4.32.2.RELEASE\plugins\com.google.guava_33.4.8.jre.jar
2025-11-29 20:35:36,667 [Worker-13: Launching Executing install in C__CurtainCall_CurtainCall] INFO  o.eclipse.m2e.core.internal.Bundles - getClasspathEntries(Bundle=slf4j.api_2.0.17 [612])
2025-11-29 20:35:36,667 [Worker-13: Launching Executing install in C__CurtainCall_CurtainCall] INFO  o.eclipse.m2e.core.internal.Bundles - 	Entry: C:\sts-4.32.2.RELEASE\plugins\slf4j.api_2.0.17.jar
2025-11-29 20:35:36,667 [Worker-13: Launching Executing install in C__CurtainCall_CurtainCall] INFO  o.eclipse.m2e.core.internal.Bundles - getClasspathEntries(Bundle=jakarta.inject.jakarta.inject-api_1.0.5 [46])
2025-11-29 20:35:36,668 [Worker-13: Launching Executing install in C__CurtainCall_CurtainCall] INFO  o.eclipse.m2e.core.internal.Bundles - 	Entry: C:\sts-4.32.2.RELEASE\plugins\jakarta.inject.jakarta.inject-api_1.0.5.jar
2025-11-29 20:35:36,668 [Worker-13: Launching Executing install in C__CurtainCall_CurtainCall] INFO  o.eclipse.m2e.core.internal.Bundles - getClasspathEntries(Bundle=jakarta.annotation-api_1.3.5 [43])
2025-11-29 20:35:36,668 [Worker-13: Launching Executing install in C__CurtainCall_CurtainCall] INFO  o.eclipse.m2e.core.internal.Bundles - 	Entry: C:\sts-4.32.2.RELEASE\plugins\jakarta.annotation-api_1.3.5.jar
2025-11-29 20:35:36,668 [Worker-13: Launching Executing install in C__CurtainCall_CurtainCall] INFO  o.eclipse.m2e.core.internal.Bundles - getClasspathEntries(Bundle=org.apache.commons.cli_1.10.0 [78])
2025-11-29 20:35:36,668 [Worker-13: Launching Executing install in C__CurtainCall_CurtainCall] INFO  o.eclipse.m2e.core.internal.Bundles - 	Entry: C:\sts-4.32.2.RELEASE\plugins\org.apache.commons.cli_1.10.0.jar
2025-11-29 20:35:36,668 [Worker-13: Launching Executing install in C__CurtainCall_CurtainCall] INFO  o.eclipse.m2e.core.internal.Bundles - getClasspathEntries(Bundle=org.apache.commons.commons-codec_1.19.0 [80])
2025-11-29 20:35:36,668 [Worker-13: Launching Executing install in C__CurtainCall_CurtainCall] INFO  o.eclipse.m2e.core.internal.Bundles - 	Entry: C:\sts-4.32.2.RELEASE\plugins\org.apache.commons.commons-codec_1.19.0.jar
2025-11-29 20:35:36,668 [Worker-13: Launching Executing install in C__CurtainCall_CurtainCall] INFO  o.eclipse.m2e.core.internal.Bundles - getClasspathEntries(Bundle=com.google.guava.failureaccess_1.0.3 [32])
2025-11-29 20:35:36,668 [Worker-13: Launching Executing install in C__CurtainCall_CurtainCall] INFO  o.eclipse.m2e.core.internal.Bundles - 	Entry: C:\sts-4.32.2.RELEASE\plugins\com.google.guava.failureaccess_1.0.3.jar
2025-11-29 20:35:36,669 [Worker-13: Launching Executing install in C__CurtainCall_CurtainCall] INFO  o.e.m.i.launch.MavenLaunchDelegate - Run build in "C:\CurtainCall\CurtainCall":
2025-11-29 20:35:36,669 [Worker-13: Launching Executing install in C__CurtainCall_CurtainCall] INFO  o.e.m.i.launch.MavenLaunchDelegate -  mvn  -B -Dstyle.color=always install
2025-11-29 20:45:34,344 [Worker-19: Building] INFO  o.a.m.s.f.DefaultMavenResourcesFiltering - Copying 0 resource from src\main\resources to target\classes
2025-11-29 20:45:34,345 [Worker-19: Building] INFO  o.a.m.s.f.DefaultMavenResourcesFiltering - Copying 1 resource from src\main\resources to target\classes
2025-11-29 20:45:34,351 [Worker-19: Building] INFO  o.a.m.s.f.DefaultMavenResourcesFiltering - skip non existing resourceDirectory C:\CurtainCall\CurtainCall\src\test\resources
2025-11-29 20:45:34,351 [Worker-19: Building] WARN  o.apache.maven.project.MavenProject - Direct modification of compileSourceRoots through clear() is deprecated and will not work in Maven 4.0.0. Please use the add/remove methods instead. If you're using a plugin that causes this warning, please upgrade to the latest version and report an issue if the warning persists. To disable these warnings, set -Dmaven.project.sourceRoots.warningsDisabled=true on the command line, in the .mvn/maven.config file, or in project POM properties.
2025-11-29 20:45:34,352 [Worker-19: Building] WARN  o.apache.maven.project.MavenProject - Direct modification of compileSourceRoots through add() is deprecated and will not work in Maven 4.0.0. Please use the add/remove methods instead. If you're using a plugin that causes this warning, please upgrade to the latest version and report an issue if the warning persists. To disable these warnings, set -Dmaven.project.sourceRoots.warningsDisabled=true on the command line, in the .mvn/maven.config file, or in project POM properties.
2025-11-29 20:45:34,353 [Worker-19: Building] WARN  o.apache.maven.project.MavenProject - Direct modification of testCompileSourceRoots through clear() is deprecated and will not work in Maven 4.0.0. Please use the add/remove methods instead. If you're using a plugin that causes this warning, please upgrade to the latest version and report an issue if the warning persists. To disable these warnings, set -Dmaven.project.sourceRoots.warningsDisabled=true on the command line, in the .mvn/maven.config file, or in project POM properties.
2025-11-29 20:45:34,354 [Worker-19: Building] WARN  o.apache.maven.project.MavenProject - Direct modification of testCompileSourceRoots through add() is deprecated and will not work in Maven 4.0.0. Please use the add/remove methods instead. If you're using a plugin that causes this warning, please upgrade to the latest version and report an issue if the warning persists. To disable these warnings, set -Dmaven.project.sourceRoots.warningsDisabled=true on the command line, in the .mvn/maven.config file, or in project POM properties.
2025-11-29 20:46:09,055 [Worker-2: Building] INFO  o.a.m.s.f.DefaultMavenResourcesFiltering - Copying 0 resource from src\main\resources to target\classes
2025-11-29 20:46:09,057 [Worker-2: Building] INFO  o.a.m.s.f.DefaultMavenResourcesFiltering - Copying 1 resource from src\main\resources to target\classes
2025-11-29 20:46:09,062 [Worker-2: Building] INFO  o.a.m.s.f.DefaultMavenResourcesFiltering - skip non existing resourceDirectory C:\CurtainCall\CurtainCall\src\test\resources
2025-11-29 20:46:09,063 [Worker-2: Building] WARN  o.apache.maven.project.MavenProject - Direct modification of compileSourceRoots through clear() is deprecated and will not work in Maven 4.0.0. Please use the add/remove methods instead. If you're using a plugin that causes this warning, please upgrade to the latest version and report an issue if the warning persists. To disable these warnings, set -Dmaven.project.sourceRoots.warningsDisabled=true on the command line, in the .mvn/maven.config file, or in project POM properties.
2025-11-29 20:46:09,064 [Worker-2: Building] WARN  o.apache.maven.project.MavenProject - Direct modification of compileSourceRoots through add() is deprecated and will not work in Maven 4.0.0. Please use the add/remove methods instead. If you're using a plugin that causes this warning, please upgrade to the latest version and report an issue if the warning persists. To disable these warnings, set -Dmaven.project.sourceRoots.warningsDisabled=true on the command line, in the .mvn/maven.config file, or in project POM properties.
2025-11-29 20:46:09,065 [Worker-2: Building] WARN  o.apache.maven.project.MavenProject - Direct modification of testCompileSourceRoots through clear() is deprecated and will not work in Maven 4.0.0. Please use the add/remove methods instead. If you're using a plugin that causes this warning, please upgrade to the latest version and report an issue if the warning persists. To disable these warnings, set -Dmaven.project.sourceRoots.warningsDisabled=true on the command line, in the .mvn/maven.config file, or in project POM properties.
2025-11-29 20:46:09,066 [Worker-2: Building] WARN  o.apache.maven.project.MavenProject - Direct modification of testCompileSourceRoots through add() is deprecated and will not work in Maven 4.0.0. Please use the add/remove methods instead. If you're using a plugin that causes this warning, please upgrade to the latest version and report an issue if the warning persists. To disable these warnings, set -Dmaven.project.sourceRoots.warningsDisabled=true on the command line, in the .mvn/maven.config file, or in project POM properties.
2025-11-29 20:46:57,644 [Worker-11: Building] INFO  o.a.m.s.f.DefaultMavenResourcesFiltering - Copying 0 resource from src\main\resources to target\classes
2025-11-29 20:46:57,646 [Worker-11: Building] INFO  o.a.m.s.f.DefaultMavenResourcesFiltering - Copying 1 resource from src\main\resources to target\classes
2025-11-29 20:46:57,650 [Worker-11: Building] INFO  o.a.m.s.f.DefaultMavenResourcesFiltering - skip non existing resourceDirectory C:\CurtainCall\CurtainCall\src\test\resources
2025-11-29 20:46:57,651 [Worker-11: Building] WARN  o.apache.maven.project.MavenProject - Direct modification of compileSourceRoots through clear() is deprecated and will not work in Maven 4.0.0. Please use the add/remove methods instead. If you're using a plugin that causes this warning, please upgrade to the latest version and report an issue if the warning persists. To disable these warnings, set -Dmaven.project.sourceRoots.warningsDisabled=true on the command line, in the .mvn/maven.config file, or in project POM properties.
2025-11-29 20:46:57,651 [Worker-11: Building] WARN  o.apache.maven.project.MavenProject - Direct modification of compileSourceRoots through add() is deprecated and will not work in Maven 4.0.0. Please use the add/remove methods instead. If you're using a plugin that causes this warning, please upgrade to the latest version and report an issue if the warning persists. To disable these warnings, set -Dmaven.project.sourceRoots.warningsDisabled=true on the command line, in the .mvn/maven.config file, or in project POM properties.
2025-11-29 20:46:57,652 [Worker-11: Building] WARN  o.apache.maven.project.MavenProject - Direct modification of testCompileSourceRoots through clear() is deprecated and will not work in Maven 4.0.0. Please use the add/remove methods instead. If you're using a plugin that causes this warning, please upgrade to the latest version and report an issue if the warning persists. To disable these warnings, set -Dmaven.project.sourceRoots.warningsDisabled=true on the command line, in the .mvn/maven.config file, or in project POM properties.
2025-11-29 20:46:57,653 [Worker-11: Building] WARN  o.apache.maven.project.MavenProject - Direct modification of testCompileSourceRoots through add() is deprecated and will not work in Maven 4.0.0. Please use the add/remove methods instead. If you're using a plugin that causes this warning, please upgrade to the latest version and report an issue if the warning persists. To disable these warnings, set -Dmaven.project.sourceRoots.warningsDisabled=true on the command line, in the .mvn/maven.config file, or in project POM properties.
2025-11-29 20:48:25,775 [Worker-2: Launching CurtainCall - CurtainCallApplication] INFO  o.a.m.s.f.DefaultMavenResourcesFiltering - Copying 1 resource from src\main\resources to target\classes
2025-11-29 20:48:25,783 [Worker-2: Launching CurtainCall - CurtainCallApplication] INFO  o.a.m.s.f.DefaultMavenResourcesFiltering - Copying 4 resources from src\main\resources to target\classes
2025-11-29 20:48:25,786 [Worker-2: Launching CurtainCall - CurtainCallApplication] INFO  o.a.m.s.f.DefaultMavenResourcesFiltering - skip non existing resourceDirectory C:\CurtainCall\CurtainCall\src\test\resources
2025-11-29 20:48:25,787 [Worker-2: Launching CurtainCall - CurtainCallApplication] WARN  o.apache.maven.project.MavenProject - Direct modification of compileSourceRoots through clear() is deprecated and will not work in Maven 4.0.0. Please use the add/remove methods instead. If you're using a plugin that causes this warning, please upgrade to the latest version and report an issue if the warning persists. To disable these warnings, set -Dmaven.project.sourceRoots.warningsDisabled=true on the command line, in the .mvn/maven.config file, or in project POM properties.
2025-11-29 20:48:25,787 [Worker-2: Launching CurtainCall - CurtainCallApplication] WARN  o.apache.maven.project.MavenProject - Direct modification of compileSourceRoots through add() is deprecated and will not work in Maven 4.0.0. Please use the add/remove methods instead. If you're using a plugin that causes this warning, please upgrade to the latest version and report an issue if the warning persists. To disable these warnings, set -Dmaven.project.sourceRoots.warningsDisabled=true on the command line, in the .mvn/maven.config file, or in project POM properties.
2025-11-29 20:48:25,788 [Worker-2: Launching CurtainCall - CurtainCallApplication] WARN  o.apache.maven.project.MavenProject - Direct modification of testCompileSourceRoots through clear() is deprecated and will not work in Maven 4.0.0. Please use the add/remove methods instead. If you're using a plugin that causes this warning, please upgrade to the latest version and report an issue if the warning persists. To disable these warnings, set -Dmaven.project.sourceRoots.warningsDisabled=true on the command line, in the .mvn/maven.config file, or in project POM properties.
2025-11-29 20:48:25,788 [Worker-2: Launching CurtainCall - CurtainCallApplication] WARN  o.apache.maven.project.MavenProject - Direct modification of testCompileSourceRoots through add() is deprecated and will not work in Maven 4.0.0. Please use the add/remove methods instead. If you're using a plugin that causes this warning, please upgrade to the latest version and report an issue if the warning persists. To disable these warnings, set -Dmaven.project.sourceRoots.warningsDisabled=true on the command line, in the .mvn/maven.config file, or in project POM properties.
2025-11-29 20:49:01,839 [Worker-14: Building] INFO  o.a.m.s.f.DefaultMavenResourcesFiltering - Copying 0 resource from src\main\resources to target\classes
2025-11-29 20:49:01,841 [Worker-14: Building] INFO  o.a.m.s.f.DefaultMavenResourcesFiltering - Copying 1 resource from src\main\resources to target\classes
2025-11-29 20:49:01,846 [Worker-14: Building] INFO  o.a.m.s.f.DefaultMavenResourcesFiltering - skip non existing resourceDirectory C:\CurtainCall\CurtainCall\src\test\resources
2025-11-29 20:49:01,846 [Worker-14: Building] WARN  o.apache.maven.project.MavenProject - Direct modification of compileSourceRoots through clear() is deprecated and will not work in Maven 4.0.0. Please use the add/remove methods instead. If you're using a plugin that causes this warning, please upgrade to the latest version and report an issue if the warning persists. To disable these warnings, set -Dmaven.project.sourceRoots.warningsDisabled=true on the command line, in the .mvn/maven.config file, or in project POM properties.
2025-11-29 20:49:01,847 [Worker-14: Building] WARN  o.apache.maven.project.MavenProject - Direct modification of compileSourceRoots through add() is deprecated and will not work in Maven 4.0.0. Please use the add/remove methods instead. If you're using a plugin that causes this warning, please upgrade to the latest version and report an issue if the warning persists. To disable these warnings, set -Dmaven.project.sourceRoots.warningsDisabled=true on the command line, in the .mvn/maven.config file, or in project POM properties.
2025-11-29 20:49:01,848 [Worker-14: Building] WARN  o.apache.maven.project.MavenProject - Direct modification of testCompileSourceRoots through clear() is deprecated and will not work in Maven 4.0.0. Please use the add/remove methods instead. If you're using a plugin that causes this warning, please upgrade to the latest version and report an issue if the warning persists. To disable these warnings, set -Dmaven.project.sourceRoots.warningsDisabled=true on the command line, in the .mvn/maven.config file, or in project POM properties.
2025-11-29 20:49:01,849 [Worker-14: Building] WARN  o.apache.maven.project.MavenProject - Direct modification of testCompileSourceRoots through add() is deprecated and will not work in Maven 4.0.0. Please use the add/remove methods instead. If you're using a plugin that causes this warning, please upgrade to the latest version and report an issue if the warning persists. To disable these warnings, set -Dmaven.project.sourceRoots.warningsDisabled=true on the command line, in the .mvn/maven.config file, or in project POM properties.
2025-11-29 20:51:47,753 [Worker-10: Building] INFO  o.a.m.s.f.DefaultMavenResourcesFiltering - Copying 0 resource from src\main\resources to target\classes
2025-11-29 20:51:47,756 [Worker-10: Building] INFO  o.a.m.s.f.DefaultMavenResourcesFiltering - Copying 1 resource from src\main\resources to target\classes
2025-11-29 20:51:47,759 [Worker-10: Building] INFO  o.a.m.s.f.DefaultMavenResourcesFiltering - skip non existing resourceDirectory C:\CurtainCall\CurtainCall\src\test\resources
2025-11-29 20:51:47,759 [Worker-10: Building] WARN  o.apache.maven.project.MavenProject - Direct modification of compileSourceRoots through clear() is deprecated and will not work in Maven 4.0.0. Please use the add/remove methods instead. If you're using a plugin that causes this warning, please upgrade to the latest version and report an issue if the warning persists. To disable these warnings, set -Dmaven.project.sourceRoots.warningsDisabled=true on the command line, in the .mvn/maven.config file, or in project POM properties.
2025-11-29 20:51:47,760 [Worker-10: Building] WARN  o.apache.maven.project.MavenProject - Direct modification of compileSourceRoots through add() is deprecated and will not work in Maven 4.0.0. Please use the add/remove methods instead. If you're using a plugin that causes this warning, please upgrade to the latest version and report an issue if the warning persists. To disable these warnings, set -Dmaven.project.sourceRoots.warningsDisabled=true on the command line, in the .mvn/maven.config file, or in project POM properties.
2025-11-29 20:51:47,760 [Worker-10: Building] WARN  o.apache.maven.project.MavenProject - Direct modification of testCompileSourceRoots through clear() is deprecated and will not work in Maven 4.0.0. Please use the add/remove methods instead. If you're using a plugin that causes this warning, please upgrade to the latest version and report an issue if the warning persists. To disable these warnings, set -Dmaven.project.sourceRoots.warningsDisabled=true on the command line, in the .mvn/maven.config file, or in project POM properties.
2025-11-29 20:51:47,760 [Worker-10: Building] WARN  o.apache.maven.project.MavenProject - Direct modification of testCompileSourceRoots through add() is deprecated and will not work in Maven 4.0.0. Please use the add/remove methods instead. If you're using a plugin that causes this warning, please upgrade to the latest version and report an issue if the warning persists. To disable these warnings, set -Dmaven.project.sourceRoots.warningsDisabled=true on the command line, in the .mvn/maven.config file, or in project POM properties.
2025-11-29 21:01:11,042 [Worker-20: Building] INFO  o.a.m.s.f.DefaultMavenResourcesFiltering - Copying 0 resource from src\main\resources to target\classes
2025-11-29 21:01:11,043 [Worker-20: Building] INFO  o.a.m.s.f.DefaultMavenResourcesFiltering - Copying 1 resource from src\main\resources to target\classes
2025-11-29 21:01:11,047 [Worker-20: Building] INFO  o.a.m.s.f.DefaultMavenResourcesFiltering - skip non existing resourceDirectory C:\CurtainCall\CurtainCall\src\test\resources
2025-11-29 21:01:11,048 [Worker-20: Building] WARN  o.apache.maven.project.MavenProject - Direct modification of compileSourceRoots through clear() is deprecated and will not work in Maven 4.0.0. Please use the add/remove methods instead. If you're using a plugin that causes this warning, please upgrade to the latest version and report an issue if the warning persists. To disable these warnings, set -Dmaven.project.sourceRoots.warningsDisabled=true on the command line, in the .mvn/maven.config file, or in project POM properties.
2025-11-29 21:01:11,048 [Worker-20: Building] WARN  o.apache.maven.project.MavenProject - Direct modification of compileSourceRoots through add() is deprecated and will not work in Maven 4.0.0. Please use the add/remove methods instead. If you're using a plugin that causes this warning, please upgrade to the latest version and report an issue if the warning persists. To disable these warnings, set -Dmaven.project.sourceRoots.warningsDisabled=true on the command line, in the .mvn/maven.config file, or in project POM properties.
2025-11-29 21:01:11,049 [Worker-20: Building] WARN  o.apache.maven.project.MavenProject - Direct modification of testCompileSourceRoots through clear() is deprecated and will not work in Maven 4.0.0. Please use the add/remove methods instead. If you're using a plugin that causes this warning, please upgrade to the latest version and report an issue if the warning persists. To disable these warnings, set -Dmaven.project.sourceRoots.warningsDisabled=true on the command line, in the .mvn/maven.config file, or in project POM properties.
2025-11-29 21:01:11,049 [Worker-20: Building] WARN  o.apache.maven.project.MavenProject - Direct modification of testCompileSourceRoots through add() is deprecated and will not work in Maven 4.0.0. Please use the add/remove methods instead. If you're using a plugin that causes this warning, please upgrade to the latest version and report an issue if the warning persists. To disable these warnings, set -Dmaven.project.sourceRoots.warningsDisabled=true on the command line, in the .mvn/maven.config file, or in project POM properties.
2025-11-29 21:01:33,567 [Worker-8: Launching CurtainCall - CurtainCallApplication] INFO  o.a.m.s.f.DefaultMavenResourcesFiltering - Copying 0 resource from src\main\resources to target\classes
2025-11-29 21:01:33,568 [Worker-8: Launching CurtainCall - CurtainCallApplication] INFO  o.a.m.s.f.DefaultMavenResourcesFiltering - Copying 1 resource from src\main\resources to target\classes
2025-11-29 21:01:33,571 [Worker-8: Launching CurtainCall - CurtainCallApplication] INFO  o.a.m.s.f.DefaultMavenResourcesFiltering - skip non existing resourceDirectory C:\CurtainCall\CurtainCall\src\test\resources
2025-11-29 21:01:33,571 [Worker-8: Launching CurtainCall - CurtainCallApplication] WARN  o.apache.maven.project.MavenProject - Direct modification of compileSourceRoots through clear() is deprecated and will not work in Maven 4.0.0. Please use the add/remove methods instead. If you're using a plugin that causes this warning, please upgrade to the latest version and report an issue if the warning persists. To disable these warnings, set -Dmaven.project.sourceRoots.warningsDisabled=true on the command line, in the .mvn/maven.config file, or in project POM properties.
2025-11-29 21:01:33,572 [Worker-8: Launching CurtainCall - CurtainCallApplication] WARN  o.apache.maven.project.MavenProject - Direct modification of compileSourceRoots through add() is deprecated and will not work in Maven 4.0.0. Please use the add/remove methods instead. If you're using a plugin that causes this warning, please upgrade to the latest version and report an issue if the warning persists. To disable these warnings, set -Dmaven.project.sourceRoots.warningsDisabled=true on the command line, in the .mvn/maven.config file, or in project POM properties.
2025-11-29 21:01:33,572 [Worker-8: Launching CurtainCall - CurtainCallApplication] WARN  o.apache.maven.project.MavenProject - Direct modification of testCompileSourceRoots through clear() is deprecated and will not work in Maven 4.0.0. Please use the add/remove methods instead. If you're using a plugin that causes this warning, please upgrade to the latest version and report an issue if the warning persists. To disable these warnings, set -Dmaven.project.sourceRoots.warningsDisabled=true on the command line, in the .mvn/maven.config file, or in project POM properties.
2025-11-29 21:01:33,572 [Worker-8: Launching CurtainCall - CurtainCallApplication] WARN  o.apache.maven.project.MavenProject - Direct modification of testCompileSourceRoots through add() is deprecated and will not work in Maven 4.0.0. Please use the add/remove methods instead. If you're using a plugin that causes this warning, please upgrade to the latest version and report an issue if the warning persists. To disable these warnings, set -Dmaven.project.sourceRoots.warningsDisabled=true on the command line, in the .mvn/maven.config file, or in project POM properties.
2025-11-29 21:05:35,524 [Worker-22: Building] INFO  o.a.m.s.f.DefaultMavenResourcesFiltering - Copying 0 resource from src\main\resources to target\classes
2025-11-29 21:05:35,526 [Worker-22: Building] INFO  o.a.m.s.f.DefaultMavenResourcesFiltering - Copying 1 resource from src\main\resources to target\classes
2025-11-29 21:05:35,532 [Worker-22: Building] INFO  o.a.m.s.f.DefaultMavenResourcesFiltering - skip non existing resourceDirectory C:\CurtainCall\CurtainCall\src\test\resources
2025-11-29 21:05:35,532 [Worker-22: Building] WARN  o.apache.maven.project.MavenProject - Direct modification of compileSourceRoots through clear() is deprecated and will not work in Maven 4.0.0. Please use the add/remove methods instead. If you're using a plugin that causes this warning, please upgrade to the latest version and report an issue if the warning persists. To disable these warnings, set -Dmaven.project.sourceRoots.warningsDisabled=true on the command line, in the .mvn/maven.config file, or in project POM properties.
2025-11-29 21:05:35,533 [Worker-22: Building] WARN  o.apache.maven.project.MavenProject - Direct modification of compileSourceRoots through add() is deprecated and will not work in Maven 4.0.0. Please use the add/remove methods instead. If you're using a plugin that causes this warning, please upgrade to the latest version and report an issue if the warning persists. To disable these warnings, set -Dmaven.project.sourceRoots.warningsDisabled=true on the command line, in the .mvn/maven.config file, or in project POM properties.
2025-11-29 21:05:35,534 [Worker-22: Building] WARN  o.apache.maven.project.MavenProject - Direct modification of testCompileSourceRoots through clear() is deprecated and will not work in Maven 4.0.0. Please use the add/remove methods instead. If you're using a plugin that causes this warning, please upgrade to the latest version and report an issue if the warning persists. To disable these warnings, set -Dmaven.project.sourceRoots.warningsDisabled=true on the command line, in the .mvn/maven.config file, or in project POM properties.
2025-11-29 21:05:35,535 [Worker-22: Building] WARN  o.apache.maven.project.MavenProject - Direct modification of testCompileSourceRoots through add() is deprecated and will not work in Maven 4.0.0. Please use the add/remove methods instead. If you're using a plugin that causes this warning, please upgrade to the latest version and report an issue if the warning persists. To disable these warnings, set -Dmaven.project.sourceRoots.warningsDisabled=true on the command line, in the .mvn/maven.config file, or in project POM properties.
2025-11-29 21:05:40,110 [Worker-1: Launching CurtainCall - CurtainCallApplication] INFO  o.a.m.s.f.DefaultMavenResourcesFiltering - Copying 1 resource from src\main\resources to target\classes
2025-11-29 21:05:40,118 [Worker-1: Launching CurtainCall - CurtainCallApplication] INFO  o.a.m.s.f.DefaultMavenResourcesFiltering - Copying 4 resources from src\main\resources to target\classes
2025-11-29 21:05:40,122 [Worker-1: Launching CurtainCall - CurtainCallApplication] INFO  o.a.m.s.f.DefaultMavenResourcesFiltering - skip non existing resourceDirectory C:\CurtainCall\CurtainCall\src\test\resources
2025-11-29 21:05:40,122 [Worker-1: Launching CurtainCall - CurtainCallApplication] WARN  o.apache.maven.project.MavenProject - Direct modification of compileSourceRoots through clear() is deprecated and will not work in Maven 4.0.0. Please use the add/remove methods instead. If you're using a plugin that causes this warning, please upgrade to the latest version and report an issue if the warning persists. To disable these warnings, set -Dmaven.project.sourceRoots.warningsDisabled=true on the command line, in the .mvn/maven.config file, or in project POM properties.
2025-11-29 21:05:40,123 [Worker-1: Launching CurtainCall - CurtainCallApplication] WARN  o.apache.maven.project.MavenProject - Direct modification of compileSourceRoots through add() is deprecated and will not work in Maven 4.0.0. Please use the add/remove methods instead. If you're using a plugin that causes this warning, please upgrade to the latest version and report an issue if the warning persists. To disable these warnings, set -Dmaven.project.sourceRoots.warningsDisabled=true on the command line, in the .mvn/maven.config file, or in project POM properties.
2025-11-29 21:05:40,123 [Worker-1: Launching CurtainCall - CurtainCallApplication] WARN  o.apache.maven.project.MavenProject - Direct modification of testCompileSourceRoots through clear() is deprecated and will not work in Maven 4.0.0. Please use the add/remove methods instead. If you're using a plugin that causes this warning, please upgrade to the latest version and report an issue if the warning persists. To disable these warnings, set -Dmaven.project.sourceRoots.warningsDisabled=true on the command line, in the .mvn/maven.config file, or in project POM properties.
2025-11-29 21:05:40,123 [Worker-1: Launching CurtainCall - CurtainCallApplication] WARN  o.apache.maven.project.MavenProject - Direct modification of testCompileSourceRoots through add() is deprecated and will not work in Maven 4.0.0. Please use the add/remove methods instead. If you're using a plugin that causes this warning, please upgrade to the latest version and report an issue if the warning persists. To disable these warnings, set -Dmaven.project.sourceRoots.warningsDisabled=true on the command line, in the .mvn/maven.config file, or in project POM properties.
2025-11-29 21:06:59,905 [Worker-9: Building] INFO  o.a.m.s.f.DefaultMavenResourcesFiltering - Copying 0 resource from src\main\resources to target\classes
2025-11-29 21:06:59,906 [Worker-9: Building] INFO  o.a.m.s.f.DefaultMavenResourcesFiltering - Copying 1 resource from src\main\resources to target\classes
2025-11-29 21:06:59,908 [Worker-9: Building] INFO  o.a.m.s.f.DefaultMavenResourcesFiltering - skip non existing resourceDirectory C:\CurtainCall\CurtainCall\src\test\resources
2025-11-29 21:06:59,908 [Worker-9: Building] WARN  o.apache.maven.project.MavenProject - Direct modification of compileSourceRoots through clear() is deprecated and will not work in Maven 4.0.0. Please use the add/remove methods instead. If you're using a plugin that causes this warning, please upgrade to the latest version and report an issue if the warning persists. To disable these warnings, set -Dmaven.project.sourceRoots.warningsDisabled=true on the command line, in the .mvn/maven.config file, or in project POM properties.
2025-11-29 21:06:59,909 [Worker-9: Building] WARN  o.apache.maven.project.MavenProject - Direct modification of compileSourceRoots through add() is deprecated and will not work in Maven 4.0.0. Please use the add/remove methods instead. If you're using a plugin that causes this warning, please upgrade to the latest version and report an issue if the warning persists. To disable these warnings, set -Dmaven.project.sourceRoots.warningsDisabled=true on the command line, in the .mvn/maven.config file, or in project POM properties.
2025-11-29 21:06:59,909 [Worker-9: Building] WARN  o.apache.maven.project.MavenProject - Direct modification of testCompileSourceRoots through clear() is deprecated and will not work in Maven 4.0.0. Please use the add/remove methods instead. If you're using a plugin that causes this warning, please upgrade to the latest version and report an issue if the warning persists. To disable these warnings, set -Dmaven.project.sourceRoots.warningsDisabled=true on the command line, in the .mvn/maven.config file, or in project POM properties.
2025-11-29 21:06:59,910 [Worker-9: Building] WARN  o.apache.maven.project.MavenProject - Direct modification of testCompileSourceRoots through add() is deprecated and will not work in Maven 4.0.0. Please use the add/remove methods instead. If you're using a plugin that causes this warning, please upgrade to the latest version and report an issue if the warning persists. To disable these warnings, set -Dmaven.project.sourceRoots.warningsDisabled=true on the command line, in the .mvn/maven.config file, or in project POM properties.
2025-11-29 21:07:12,144 [Worker-22: Launching CurtainCall - CurtainCallApplication] INFO  o.a.m.s.f.DefaultMavenResourcesFiltering - Copying 0 resource from src\main\resources to target\classes
2025-11-29 21:07:12,146 [Worker-22: Launching CurtainCall - CurtainCallApplication] INFO  o.a.m.s.f.DefaultMavenResourcesFiltering - Copying 1 resource from src\main\resources to target\classes
2025-11-29 21:07:12,149 [Worker-22: Launching CurtainCall - CurtainCallApplication] INFO  o.a.m.s.f.DefaultMavenResourcesFiltering - skip non existing resourceDirectory C:\CurtainCall\CurtainCall\src\test\resources
2025-11-29 21:07:12,149 [Worker-22: Launching CurtainCall - CurtainCallApplication] WARN  o.apache.maven.project.MavenProject - Direct modification of compileSourceRoots through clear() is deprecated and will not work in Maven 4.0.0. Please use the add/remove methods instead. If you're using a plugin that causes this warning, please upgrade to the latest version and report an issue if the warning persists. To disable these warnings, set -Dmaven.project.sourceRoots.warningsDisabled=true on the command line, in the .mvn/maven.config file, or in project POM properties.
2025-11-29 21:07:12,150 [Worker-22: Launching CurtainCall - CurtainCallApplication] WARN  o.apache.maven.project.MavenProject - Direct modification of compileSourceRoots through add() is deprecated and will not work in Maven 4.0.0. Please use the add/remove methods instead. If you're using a plugin that causes this warning, please upgrade to the latest version and report an issue if the warning persists. To disable these warnings, set -Dmaven.project.sourceRoots.warningsDisabled=true on the command line, in the .mvn/maven.config file, or in project POM properties.
2025-11-29 21:07:12,150 [Worker-22: Launching CurtainCall - CurtainCallApplication] WARN  o.apache.maven.project.MavenProject - Direct modification of testCompileSourceRoots through clear() is deprecated and will not work in Maven 4.0.0. Please use the add/remove methods instead. If you're using a plugin that causes this warning, please upgrade to the latest version and report an issue if the warning persists. To disable these warnings, set -Dmaven.project.sourceRoots.warningsDisabled=true on the command line, in the .mvn/maven.config file, or in project POM properties.
2025-11-29 21:07:12,150 [Worker-22: Launching CurtainCall - CurtainCallApplication] WARN  o.apache.maven.project.MavenProject - Direct modification of testCompileSourceRoots through add() is deprecated and will not work in Maven 4.0.0. Please use the add/remove methods instead. If you're using a plugin that causes this warning, please upgrade to the latest version and report an issue if the warning persists. To disable these warnings, set -Dmaven.project.sourceRoots.warningsDisabled=true on the command line, in the .mvn/maven.config file, or in project POM properties.
2025-11-29 21:09:53,711 [Worker-19: Building] INFO  o.a.m.s.f.DefaultMavenResourcesFiltering - Copying 0 resource from src\main\resources to target\classes
2025-11-29 21:09:53,713 [Worker-19: Building] INFO  o.a.m.s.f.DefaultMavenResourcesFiltering - Copying 1 resource from src\main\resources to target\classes
2025-11-29 21:09:53,716 [Worker-19: Building] INFO  o.a.m.s.f.DefaultMavenResourcesFiltering - skip non existing resourceDirectory C:\CurtainCall\CurtainCall\src\test\resources
2025-11-29 21:09:53,716 [Worker-19: Building] WARN  o.apache.maven.project.MavenProject - Direct modification of compileSourceRoots through clear() is deprecated and will not work in Maven 4.0.0. Please use the add/remove methods instead. If you're using a plugin that causes this warning, please upgrade to the latest version and report an issue if the warning persists. To disable these warnings, set -Dmaven.project.sourceRoots.warningsDisabled=true on the command line, in the .mvn/maven.config file, or in project POM properties.
2025-11-29 21:09:53,716 [Worker-19: Building] WARN  o.apache.maven.project.MavenProject - Direct modification of compileSourceRoots through add() is deprecated and will not work in Maven 4.0.0. Please use the add/remove methods instead. If you're using a plugin that causes this warning, please upgrade to the latest version and report an issue if the warning persists. To disable these warnings, set -Dmaven.project.sourceRoots.warningsDisabled=true on the command line, in the .mvn/maven.config file, or in project POM properties.
2025-11-29 21:09:53,717 [Worker-19: Building] WARN  o.apache.maven.project.MavenProject - Direct modification of testCompileSourceRoots through clear() is deprecated and will not work in Maven 4.0.0. Please use the add/remove methods instead. If you're using a plugin that causes this warning, please upgrade to the latest version and report an issue if the warning persists. To disable these warnings, set -Dmaven.project.sourceRoots.warningsDisabled=true on the command line, in the .mvn/maven.config file, or in project POM properties.
2025-11-29 21:09:53,717 [Worker-19: Building] WARN  o.apache.maven.project.MavenProject - Direct modification of testCompileSourceRoots through add() is deprecated and will not work in Maven 4.0.0. Please use the add/remove methods instead. If you're using a plugin that causes this warning, please upgrade to the latest version and report an issue if the warning persists. To disable these warnings, set -Dmaven.project.sourceRoots.warningsDisabled=true on the command line, in the .mvn/maven.config file, or in project POM properties.
2025-11-29 21:11:51,201 [Worker-15: Building] INFO  o.a.m.s.f.DefaultMavenResourcesFiltering - Copying 0 resource from src\main\resources to target\classes
2025-11-29 21:11:51,202 [Worker-15: Building] INFO  o.a.m.s.f.DefaultMavenResourcesFiltering - Copying 1 resource from src\main\resources to target\classes
2025-11-29 21:11:51,206 [Worker-15: Building] INFO  o.a.m.s.f.DefaultMavenResourcesFiltering - skip non existing resourceDirectory C:\CurtainCall\CurtainCall\src\test\resources
2025-11-29 21:11:51,207 [Worker-15: Building] WARN  o.apache.maven.project.MavenProject - Direct modification of compileSourceRoots through clear() is deprecated and will not work in Maven 4.0.0. Please use the add/remove methods instead. If you're using a plugin that causes this warning, please upgrade to the latest version and report an issue if the warning persists. To disable these warnings, set -Dmaven.project.sourceRoots.warningsDisabled=true on the command line, in the .mvn/maven.config file, or in project POM properties.
2025-11-29 21:11:51,207 [Worker-15: Building] WARN  o.apache.maven.project.MavenProject - Direct modification of compileSourceRoots through add() is deprecated and will not work in Maven 4.0.0. Please use the add/remove methods instead. If you're using a plugin that causes this warning, please upgrade to the latest version and report an issue if the warning persists. To disable these warnings, set -Dmaven.project.sourceRoots.warningsDisabled=true on the command line, in the .mvn/maven.config file, or in project POM properties.
2025-11-29 21:11:51,208 [Worker-15: Building] WARN  o.apache.maven.project.MavenProject - Direct modification of testCompileSourceRoots through clear() is deprecated and will not work in Maven 4.0.0. Please use the add/remove methods instead. If you're using a plugin that causes this warning, please upgrade to the latest version and report an issue if the warning persists. To disable these warnings, set -Dmaven.project.sourceRoots.warningsDisabled=true on the command line, in the .mvn/maven.config file, or in project POM properties.
2025-11-29 21:11:51,209 [Worker-15: Building] WARN  o.apache.maven.project.MavenProject - Direct modification of testCompileSourceRoots through add() is deprecated and will not work in Maven 4.0.0. Please use the add/remove methods instead. If you're using a plugin that causes this warning, please upgrade to the latest version and report an issue if the warning persists. To disable these warnings, set -Dmaven.project.sourceRoots.warningsDisabled=true on the command line, in the .mvn/maven.config file, or in project POM properties.
2025-11-29 21:14:51,841 [Worker-3: Building] INFO  o.a.m.s.f.DefaultMavenResourcesFiltering - Copying 0 resource from src\main\resources to target\classes
2025-11-29 21:14:51,843 [Worker-3: Building] INFO  o.a.m.s.f.DefaultMavenResourcesFiltering - Copying 1 resource from src\main\resources to target\classes
2025-11-29 21:14:51,847 [Worker-3: Building] INFO  o.a.m.s.f.DefaultMavenResourcesFiltering - skip non existing resourceDirectory C:\CurtainCall\CurtainCall\src\test\resources
2025-11-29 21:14:51,848 [Worker-3: Building] WARN  o.apache.maven.project.MavenProject - Direct modification of compileSourceRoots through clear() is deprecated and will not work in Maven 4.0.0. Please use the add/remove methods instead. If you're using a plugin that causes this warning, please upgrade to the latest version and report an issue if the warning persists. To disable these warnings, set -Dmaven.project.sourceRoots.warningsDisabled=true on the command line, in the .mvn/maven.config file, or in project POM properties.
2025-11-29 21:14:51,849 [Worker-3: Building] WARN  o.apache.maven.project.MavenProject - Direct modification of compileSourceRoots through add() is deprecated and will not work in Maven 4.0.0. Please use the add/remove methods instead. If you're using a plugin that causes this warning, please upgrade to the latest version and report an issue if the warning persists. To disable these warnings, set -Dmaven.project.sourceRoots.warningsDisabled=true on the command line, in the .mvn/maven.config file, or in project POM properties.
2025-11-29 21:14:51,850 [Worker-3: Building] WARN  o.apache.maven.project.MavenProject - Direct modification of testCompileSourceRoots through clear() is deprecated and will not work in Maven 4.0.0. Please use the add/remove methods instead. If you're using a plugin that causes this warning, please upgrade to the latest version and report an issue if the warning persists. To disable these warnings, set -Dmaven.project.sourceRoots.warningsDisabled=true on the command line, in the .mvn/maven.config file, or in project POM properties.
2025-11-29 21:14:51,851 [Worker-3: Building] WARN  o.apache.maven.project.MavenProject - Direct modification of testCompileSourceRoots through add() is deprecated and will not work in Maven 4.0.0. Please use the add/remove methods instead. If you're using a plugin that causes this warning, please upgrade to the latest version and report an issue if the warning persists. To disable these warnings, set -Dmaven.project.sourceRoots.warningsDisabled=true on the command line, in the .mvn/maven.config file, or in project POM properties.
2025-11-29 21:15:32,035 [Worker-16: Building] INFO  o.a.m.s.f.DefaultMavenResourcesFiltering - Copying 0 resource from src\main\resources to target\classes
2025-11-29 21:15:32,036 [Worker-16: Building] INFO  o.a.m.s.f.DefaultMavenResourcesFiltering - Copying 1 resource from src\main\resources to target\classes
2025-11-29 21:15:32,041 [Worker-16: Building] INFO  o.a.m.s.f.DefaultMavenResourcesFiltering - skip non existing resourceDirectory C:\CurtainCall\CurtainCall\src\test\resources
2025-11-29 21:15:32,041 [Worker-16: Building] WARN  o.apache.maven.project.MavenProject - Direct modification of compileSourceRoots through clear() is deprecated and will not work in Maven 4.0.0. Please use the add/remove methods instead. If you're using a plugin that causes this warning, please upgrade to the latest version and report an issue if the warning persists. To disable these warnings, set -Dmaven.project.sourceRoots.warningsDisabled=true on the command line, in the .mvn/maven.config file, or in project POM properties.
2025-11-29 21:15:32,042 [Worker-16: Building] WARN  o.apache.maven.project.MavenProject - Direct modification of compileSourceRoots through add() is deprecated and will not work in Maven 4.0.0. Please use the add/remove methods instead. If you're using a plugin that causes this warning, please upgrade to the latest version and report an issue if the warning persists. To disable these warnings, set -Dmaven.project.sourceRoots.warningsDisabled=true on the command line, in the .mvn/maven.config file, or in project POM properties.
2025-11-29 21:15:32,043 [Worker-16: Building] WARN  o.apache.maven.project.MavenProject - Direct modification of testCompileSourceRoots through clear() is deprecated and will not work in Maven 4.0.0. Please use the add/remove methods instead. If you're using a plugin that causes this warning, please upgrade to the latest version and report an issue if the warning persists. To disable these warnings, set -Dmaven.project.sourceRoots.warningsDisabled=true on the command line, in the .mvn/maven.config file, or in project POM properties.
2025-11-29 21:15:32,043 [Worker-16: Building] WARN  o.apache.maven.project.MavenProject - Direct modification of testCompileSourceRoots through add() is deprecated and will not work in Maven 4.0.0. Please use the add/remove methods instead. If you're using a plugin that causes this warning, please upgrade to the latest version and report an issue if the warning persists. To disable these warnings, set -Dmaven.project.sourceRoots.warningsDisabled=true on the command line, in the .mvn/maven.config file, or in project POM properties.
2025-11-29 21:15:33,428 [Worker-20: Launching CurtainCall - CurtainCallApplication] INFO  o.a.m.s.f.DefaultMavenResourcesFiltering - Copying 1 resource from src\main\resources to target\classes
2025-11-29 21:15:33,436 [Worker-20: Launching CurtainCall - CurtainCallApplication] INFO  o.a.m.s.f.DefaultMavenResourcesFiltering - Copying 4 resources from src\main\resources to target\classes
2025-11-29 21:15:33,440 [Worker-20: Launching CurtainCall - CurtainCallApplication] INFO  o.a.m.s.f.DefaultMavenResourcesFiltering - skip non existing resourceDirectory C:\CurtainCall\CurtainCall\src\test\resources
2025-11-29 21:15:33,440 [Worker-20: Launching CurtainCall - CurtainCallApplication] WARN  o.apache.maven.project.MavenProject - Direct modification of compileSourceRoots through clear() is deprecated and will not work in Maven 4.0.0. Please use the add/remove methods instead. If you're using a plugin that causes this warning, please upgrade to the latest version and report an issue if the warning persists. To disable these warnings, set -Dmaven.project.sourceRoots.warningsDisabled=true on the command line, in the .mvn/maven.config file, or in project POM properties.
2025-11-29 21:15:33,441 [Worker-20: Launching CurtainCall - CurtainCallApplication] WARN  o.apache.maven.project.MavenProject - Direct modification of compileSourceRoots through add() is deprecated and will not work in Maven 4.0.0. Please use the add/remove methods instead. If you're using a plugin that causes this warning, please upgrade to the latest version and report an issue if the warning persists. To disable these warnings, set -Dmaven.project.sourceRoots.warningsDisabled=true on the command line, in the .mvn/maven.config file, or in project POM properties.
2025-11-29 21:15:33,441 [Worker-20: Launching CurtainCall - CurtainCallApplication] WARN  o.apache.maven.project.MavenProject - Direct modification of testCompileSourceRoots through clear() is deprecated and will not work in Maven 4.0.0. Please use the add/remove methods instead. If you're using a plugin that causes this warning, please upgrade to the latest version and report an issue if the warning persists. To disable these warnings, set -Dmaven.project.sourceRoots.warningsDisabled=true on the command line, in the .mvn/maven.config file, or in project POM properties.
2025-11-29 21:15:33,442 [Worker-20: Launching CurtainCall - CurtainCallApplication] WARN  o.apache.maven.project.MavenProject - Direct modification of testCompileSourceRoots through add() is deprecated and will not work in Maven 4.0.0. Please use the add/remove methods instead. If you're using a plugin that causes this warning, please upgrade to the latest version and report an issue if the warning persists. To disable these warnings, set -Dmaven.project.sourceRoots.warningsDisabled=true on the command line, in the .mvn/maven.config file, or in project POM properties.
2025-11-29 21:17:09,557 [Worker-14: Building] INFO  o.a.m.s.f.DefaultMavenResourcesFiltering - Copying 1 resource from src\main\resources to target\classes
2025-11-29 21:17:09,564 [Worker-14: Building] INFO  o.a.m.s.f.DefaultMavenResourcesFiltering - Copying 4 resources from src\main\resources to target\classes
2025-11-29 21:17:09,566 [Worker-14: Building] INFO  o.a.m.s.f.DefaultMavenResourcesFiltering - skip non existing resourceDirectory C:\CurtainCall\CurtainCall\src\test\resources
2025-11-29 21:17:09,567 [Worker-14: Building] WARN  o.apache.maven.project.MavenProject - Direct modification of compileSourceRoots through clear() is deprecated and will not work in Maven 4.0.0. Please use the add/remove methods instead. If you're using a plugin that causes this warning, please upgrade to the latest version and report an issue if the warning persists. To disable these warnings, set -Dmaven.project.sourceRoots.warningsDisabled=true on the command line, in the .mvn/maven.config file, or in project POM properties.
2025-11-29 21:17:09,567 [Worker-14: Building] WARN  o.apache.maven.project.MavenProject - Direct modification of compileSourceRoots through add() is deprecated and will not work in Maven 4.0.0. Please use the add/remove methods instead. If you're using a plugin that causes this warning, please upgrade to the latest version and report an issue if the warning persists. To disable these warnings, set -Dmaven.project.sourceRoots.warningsDisabled=true on the command line, in the .mvn/maven.config file, or in project POM properties.
2025-11-29 21:17:09,567 [Worker-14: Building] WARN  o.apache.maven.project.MavenProject - Direct modification of testCompileSourceRoots through clear() is deprecated and will not work in Maven 4.0.0. Please use the add/remove methods instead. If you're using a plugin that causes this warning, please upgrade to the latest version and report an issue if the warning persists. To disable these warnings, set -Dmaven.project.sourceRoots.warningsDisabled=true on the command line, in the .mvn/maven.config file, or in project POM properties.
2025-11-29 21:17:09,568 [Worker-14: Building] WARN  o.apache.maven.project.MavenProject - Direct modification of testCompileSourceRoots through add() is deprecated and will not work in Maven 4.0.0. Please use the add/remove methods instead. If you're using a plugin that causes this warning, please upgrade to the latest version and report an issue if the warning persists. To disable these warnings, set -Dmaven.project.sourceRoots.warningsDisabled=true on the command line, in the .mvn/maven.config file, or in project POM properties.
2025-11-29 21:17:59,293 [Worker-26: Building] INFO  o.a.m.s.f.DefaultMavenResourcesFiltering - Copying 1 resource from src\main\resources to target\classes
2025-11-29 21:17:59,300 [Worker-26: Building] INFO  o.a.m.s.f.DefaultMavenResourcesFiltering - Copying 4 resources from src\main\resources to target\classes
2025-11-29 21:17:59,302 [Worker-26: Building] INFO  o.a.m.s.f.DefaultMavenResourcesFiltering - skip non existing resourceDirectory C:\CurtainCall\CurtainCall\src\test\resources
2025-11-29 21:17:59,303 [Worker-26: Building] WARN  o.apache.maven.project.MavenProject - Direct modification of compileSourceRoots through clear() is deprecated and will not work in Maven 4.0.0. Please use the add/remove methods instead. If you're using a plugin that causes this warning, please upgrade to the latest version and report an issue if the warning persists. To disable these warnings, set -Dmaven.project.sourceRoots.warningsDisabled=true on the command line, in the .mvn/maven.config file, or in project POM properties.
2025-11-29 21:17:59,303 [Worker-26: Building] WARN  o.apache.maven.project.MavenProject - Direct modification of compileSourceRoots through add() is deprecated and will not work in Maven 4.0.0. Please use the add/remove methods instead. If you're using a plugin that causes this warning, please upgrade to the latest version and report an issue if the warning persists. To disable these warnings, set -Dmaven.project.sourceRoots.warningsDisabled=true on the command line, in the .mvn/maven.config file, or in project POM properties.
2025-11-29 21:17:59,304 [Worker-26: Building] WARN  o.apache.maven.project.MavenProject - Direct modification of testCompileSourceRoots through clear() is deprecated and will not work in Maven 4.0.0. Please use the add/remove methods instead. If you're using a plugin that causes this warning, please upgrade to the latest version and report an issue if the warning persists. To disable these warnings, set -Dmaven.project.sourceRoots.warningsDisabled=true on the command line, in the .mvn/maven.config file, or in project POM properties.
2025-11-29 21:17:59,305 [Worker-26: Building] WARN  o.apache.maven.project.MavenProject - Direct modification of testCompileSourceRoots through add() is deprecated and will not work in Maven 4.0.0. Please use the add/remove methods instead. If you're using a plugin that causes this warning, please upgrade to the latest version and report an issue if the warning persists. To disable these warnings, set -Dmaven.project.sourceRoots.warningsDisabled=true on the command line, in the .mvn/maven.config file, or in project POM properties.
2025-11-29 21:18:40,121 [Worker-19: Building] INFO  o.a.m.s.f.DefaultMavenResourcesFiltering - Copying 1 resource from src\main\resources to target\classes
2025-11-29 21:18:40,128 [Worker-19: Building] INFO  o.a.m.s.f.DefaultMavenResourcesFiltering - Copying 4 resources from src\main\resources to target\classes
2025-11-29 21:18:40,132 [Worker-19: Building] INFO  o.a.m.s.f.DefaultMavenResourcesFiltering - skip non existing resourceDirectory C:\CurtainCall\CurtainCall\src\test\resources
2025-11-29 21:18:40,132 [Worker-19: Building] WARN  o.apache.maven.project.MavenProject - Direct modification of compileSourceRoots through clear() is deprecated and will not work in Maven 4.0.0. Please use the add/remove methods instead. If you're using a plugin that causes this warning, please upgrade to the latest version and report an issue if the warning persists. To disable these warnings, set -Dmaven.project.sourceRoots.warningsDisabled=true on the command line, in the .mvn/maven.config file, or in project POM properties.
2025-11-29 21:18:40,133 [Worker-19: Building] WARN  o.apache.maven.project.MavenProject - Direct modification of compileSourceRoots through add() is deprecated and will not work in Maven 4.0.0. Please use the add/remove methods instead. If you're using a plugin that causes this warning, please upgrade to the latest version and report an issue if the warning persists. To disable these warnings, set -Dmaven.project.sourceRoots.warningsDisabled=true on the command line, in the .mvn/maven.config file, or in project POM properties.
2025-11-29 21:18:40,134 [Worker-19: Building] WARN  o.apache.maven.project.MavenProject - Direct modification of testCompileSourceRoots through clear() is deprecated and will not work in Maven 4.0.0. Please use the add/remove methods instead. If you're using a plugin that causes this warning, please upgrade to the latest version and report an issue if the warning persists. To disable these warnings, set -Dmaven.project.sourceRoots.warningsDisabled=true on the command line, in the .mvn/maven.config file, or in project POM properties.
2025-11-29 21:18:40,134 [Worker-19: Building] WARN  o.apache.maven.project.MavenProject - Direct modification of testCompileSourceRoots through add() is deprecated and will not work in Maven 4.0.0. Please use the add/remove methods instead. If you're using a plugin that causes this warning, please upgrade to the latest version and report an issue if the warning persists. To disable these warnings, set -Dmaven.project.sourceRoots.warningsDisabled=true on the command line, in the .mvn/maven.config file, or in project POM properties.
2025-11-29 21:18:52,609 [Worker-14: Launching CurtainCall - CurtainCallApplication] INFO  o.a.m.s.f.DefaultMavenResourcesFiltering - Copying 1 resource from src\main\resources to target\classes
2025-11-29 21:18:52,616 [Worker-14: Launching CurtainCall - CurtainCallApplication] INFO  o.a.m.s.f.DefaultMavenResourcesFiltering - Copying 4 resources from src\main\resources to target\classes
2025-11-29 21:18:52,621 [Worker-14: Launching CurtainCall - CurtainCallApplication] INFO  o.a.m.s.f.DefaultMavenResourcesFiltering - skip non existing resourceDirectory C:\CurtainCall\CurtainCall\src\test\resources
2025-11-29 21:18:52,622 [Worker-14: Launching CurtainCall - CurtainCallApplication] WARN  o.apache.maven.project.MavenProject - Direct modification of compileSourceRoots through clear() is deprecated and will not work in Maven 4.0.0. Please use the add/remove methods instead. If you're using a plugin that causes this warning, please upgrade to the latest version and report an issue if the warning persists. To disable these warnings, set -Dmaven.project.sourceRoots.warningsDisabled=true on the command line, in the .mvn/maven.config file, or in project POM properties.
2025-11-29 21:18:52,623 [Worker-14: Launching CurtainCall - CurtainCallApplication] WARN  o.apache.maven.project.MavenProject - Direct modification of compileSourceRoots through add() is deprecated and will not work in Maven 4.0.0. Please use the add/remove methods instead. If you're using a plugin that causes this warning, please upgrade to the latest version and report an issue if the warning persists. To disable these warnings, set -Dmaven.project.sourceRoots.warningsDisabled=true on the command line, in the .mvn/maven.config file, or in project POM properties.
2025-11-29 21:18:52,624 [Worker-14: Launching CurtainCall - CurtainCallApplication] WARN  o.apache.maven.project.MavenProject - Direct modification of testCompileSourceRoots through clear() is deprecated and will not work in Maven 4.0.0. Please use the add/remove methods instead. If you're using a plugin that causes this warning, please upgrade to the latest version and report an issue if the warning persists. To disable these warnings, set -Dmaven.project.sourceRoots.warningsDisabled=true on the command line, in the .mvn/maven.config file, or in project POM properties.
2025-11-29 21:18:52,625 [Worker-14: Launching CurtainCall - CurtainCallApplication] WARN  o.apache.maven.project.MavenProject - Direct modification of testCompileSourceRoots through add() is deprecated and will not work in Maven 4.0.0. Please use the add/remove methods instead. If you're using a plugin that causes this warning, please upgrade to the latest version and report an issue if the warning persists. To disable these warnings, set -Dmaven.project.sourceRoots.warningsDisabled=true on the command line, in the .mvn/maven.config file, or in project POM properties.
2025-11-29 21:20:51,265 [Worker-2: Building] INFO  o.a.m.s.f.DefaultMavenResourcesFiltering - Copying 1 resource from src\main\resources to target\classes
2025-11-29 21:20:51,270 [Worker-2: Building] INFO  o.a.m.s.f.DefaultMavenResourcesFiltering - Copying 4 resources from src\main\resources to target\classes
2025-11-29 21:20:51,272 [Worker-2: Building] INFO  o.a.m.s.f.DefaultMavenResourcesFiltering - skip non existing resourceDirectory C:\CurtainCall\CurtainCall\src\test\resources
2025-11-29 21:20:51,273 [Worker-2: Building] WARN  o.apache.maven.project.MavenProject - Direct modification of compileSourceRoots through clear() is deprecated and will not work in Maven 4.0.0. Please use the add/remove methods instead. If you're using a plugin that causes this warning, please upgrade to the latest version and report an issue if the warning persists. To disable these warnings, set -Dmaven.project.sourceRoots.warningsDisabled=true on the command line, in the .mvn/maven.config file, or in project POM properties.
2025-11-29 21:20:51,274 [Worker-2: Building] WARN  o.apache.maven.project.MavenProject - Direct modification of compileSourceRoots through add() is deprecated and will not work in Maven 4.0.0. Please use the add/remove methods instead. If you're using a plugin that causes this warning, please upgrade to the latest version and report an issue if the warning persists. To disable these warnings, set -Dmaven.project.sourceRoots.warningsDisabled=true on the command line, in the .mvn/maven.config file, or in project POM properties.
2025-11-29 21:20:51,274 [Worker-2: Building] WARN  o.apache.maven.project.MavenProject - Direct modification of testCompileSourceRoots through clear() is deprecated and will not work in Maven 4.0.0. Please use the add/remove methods instead. If you're using a plugin that causes this warning, please upgrade to the latest version and report an issue if the warning persists. To disable these warnings, set -Dmaven.project.sourceRoots.warningsDisabled=true on the command line, in the .mvn/maven.config file, or in project POM properties.
2025-11-29 21:20:51,275 [Worker-2: Building] WARN  o.apache.maven.project.MavenProject - Direct modification of testCompileSourceRoots through add() is deprecated and will not work in Maven 4.0.0. Please use the add/remove methods instead. If you're using a plugin that causes this warning, please upgrade to the latest version and report an issue if the warning persists. To disable these warnings, set -Dmaven.project.sourceRoots.warningsDisabled=true on the command line, in the .mvn/maven.config file, or in project POM properties.
2025-11-29 21:21:43,871 [Worker-3: Building] INFO  o.a.m.s.f.DefaultMavenResourcesFiltering - Copying 0 resource from src\main\resources to target\classes
2025-11-29 21:21:43,873 [Worker-3: Building] INFO  o.a.m.s.f.DefaultMavenResourcesFiltering - Copying 1 resource from src\main\resources to target\classes
2025-11-29 21:21:43,877 [Worker-3: Building] INFO  o.a.m.s.f.DefaultMavenResourcesFiltering - skip non existing resourceDirectory C:\CurtainCall\CurtainCall\src\test\resources
2025-11-29 21:21:43,878 [Worker-3: Building] WARN  o.apache.maven.project.MavenProject - Direct modification of compileSourceRoots through clear() is deprecated and will not work in Maven 4.0.0. Please use the add/remove methods instead. If you're using a plugin that causes this warning, please upgrade to the latest version and report an issue if the warning persists. To disable these warnings, set -Dmaven.project.sourceRoots.warningsDisabled=true on the command line, in the .mvn/maven.config file, or in project POM properties.
2025-11-29 21:21:43,879 [Worker-3: Building] WARN  o.apache.maven.project.MavenProject - Direct modification of compileSourceRoots through add() is deprecated and will not work in Maven 4.0.0. Please use the add/remove methods instead. If you're using a plugin that causes this warning, please upgrade to the latest version and report an issue if the warning persists. To disable these warnings, set -Dmaven.project.sourceRoots.warningsDisabled=true on the command line, in the .mvn/maven.config file, or in project POM properties.
2025-11-29 21:21:43,880 [Worker-3: Building] WARN  o.apache.maven.project.MavenProject - Direct modification of testCompileSourceRoots through clear() is deprecated and will not work in Maven 4.0.0. Please use the add/remove methods instead. If you're using a plugin that causes this warning, please upgrade to the latest version and report an issue if the warning persists. To disable these warnings, set -Dmaven.project.sourceRoots.warningsDisabled=true on the command line, in the .mvn/maven.config file, or in project POM properties.
2025-11-29 21:21:43,880 [Worker-3: Building] WARN  o.apache.maven.project.MavenProject - Direct modification of testCompileSourceRoots through add() is deprecated and will not work in Maven 4.0.0. Please use the add/remove methods instead. If you're using a plugin that causes this warning, please upgrade to the latest version and report an issue if the warning persists. To disable these warnings, set -Dmaven.project.sourceRoots.warningsDisabled=true on the command line, in the .mvn/maven.config file, or in project POM properties.
2025-11-29 21:31:11,074 [Worker-20: Building] INFO  o.a.m.s.f.DefaultMavenResourcesFiltering - Copying 0 resource from src\main\resources to target\classes
2025-11-29 21:31:11,077 [Worker-20: Building] INFO  o.a.m.s.f.DefaultMavenResourcesFiltering - Copying 1 resource from src\main\resources to target\classes
2025-11-29 21:31:11,084 [Worker-20: Building] INFO  o.a.m.s.f.DefaultMavenResourcesFiltering - skip non existing resourceDirectory C:\CurtainCall\CurtainCall\src\test\resources
2025-11-29 21:31:11,085 [Worker-20: Building] WARN  o.apache.maven.project.MavenProject - Direct modification of compileSourceRoots through clear() is deprecated and will not work in Maven 4.0.0. Please use the add/remove methods instead. If you're using a plugin that causes this warning, please upgrade to the latest version and report an issue if the warning persists. To disable these warnings, set -Dmaven.project.sourceRoots.warningsDisabled=true on the command line, in the .mvn/maven.config file, or in project POM properties.
2025-11-29 21:31:11,086 [Worker-20: Building] WARN  o.apache.maven.project.MavenProject - Direct modification of compileSourceRoots through add() is deprecated and will not work in Maven 4.0.0. Please use the add/remove methods instead. If you're using a plugin that causes this warning, please upgrade to the latest version and report an issue if the warning persists. To disable these warnings, set -Dmaven.project.sourceRoots.warningsDisabled=true on the command line, in the .mvn/maven.config file, or in project POM properties.
2025-11-29 21:31:11,086 [Worker-20: Building] WARN  o.apache.maven.project.MavenProject - Direct modification of testCompileSourceRoots through clear() is deprecated and will not work in Maven 4.0.0. Please use the add/remove methods instead. If you're using a plugin that causes this warning, please upgrade to the latest version and report an issue if the warning persists. To disable these warnings, set -Dmaven.project.sourceRoots.warningsDisabled=true on the command line, in the .mvn/maven.config file, or in project POM properties.
2025-11-29 21:31:11,087 [Worker-20: Building] WARN  o.apache.maven.project.MavenProject - Direct modification of testCompileSourceRoots through add() is deprecated and will not work in Maven 4.0.0. Please use the add/remove methods instead. If you're using a plugin that causes this warning, please upgrade to the latest version and report an issue if the warning persists. To disable these warnings, set -Dmaven.project.sourceRoots.warningsDisabled=true on the command line, in the .mvn/maven.config file, or in project POM properties.
2025-11-29 21:33:25,775 [Worker-1: Building] INFO  o.a.m.s.f.DefaultMavenResourcesFiltering - Copying 0 resource from src\main\resources to target\classes
2025-11-29 21:33:25,779 [Worker-1: Building] INFO  o.a.m.s.f.DefaultMavenResourcesFiltering - Copying 1 resource from src\main\resources to target\classes
2025-11-29 21:33:25,784 [Worker-1: Building] INFO  o.a.m.s.f.DefaultMavenResourcesFiltering - skip non existing resourceDirectory C:\CurtainCall\CurtainCall\src\test\resources
2025-11-29 21:33:25,785 [Worker-1: Building] WARN  o.apache.maven.project.MavenProject - Direct modification of compileSourceRoots through clear() is deprecated and will not work in Maven 4.0.0. Please use the add/remove methods instead. If you're using a plugin that causes this warning, please upgrade to the latest version and report an issue if the warning persists. To disable these warnings, set -Dmaven.project.sourceRoots.warningsDisabled=true on the command line, in the .mvn/maven.config file, or in project POM properties.
2025-11-29 21:33:25,786 [Worker-1: Building] WARN  o.apache.maven.project.MavenProject - Direct modification of compileSourceRoots through add() is deprecated and will not work in Maven 4.0.0. Please use the add/remove methods instead. If you're using a plugin that causes this warning, please upgrade to the latest version and report an issue if the warning persists. To disable these warnings, set -Dmaven.project.sourceRoots.warningsDisabled=true on the command line, in the .mvn/maven.config file, or in project POM properties.
2025-11-29 21:33:25,788 [Worker-1: Building] WARN  o.apache.maven.project.MavenProject - Direct modification of testCompileSourceRoots through clear() is deprecated and will not work in Maven 4.0.0. Please use the add/remove methods instead. If you're using a plugin that causes this warning, please upgrade to the latest version and report an issue if the warning persists. To disable these warnings, set -Dmaven.project.sourceRoots.warningsDisabled=true on the command line, in the .mvn/maven.config file, or in project POM properties.
2025-11-29 21:33:25,789 [Worker-1: Building] WARN  o.apache.maven.project.MavenProject - Direct modification of testCompileSourceRoots through add() is deprecated and will not work in Maven 4.0.0. Please use the add/remove methods instead. If you're using a plugin that causes this warning, please upgrade to the latest version and report an issue if the warning persists. To disable these warnings, set -Dmaven.project.sourceRoots.warningsDisabled=true on the command line, in the .mvn/maven.config file, or in project POM properties.
2025-11-29 21:35:51,183 [Worker-12: Building] INFO  o.a.m.s.f.DefaultMavenResourcesFiltering - Copying 0 resource from src\main\resources to target\classes
2025-11-29 21:35:51,185 [Worker-12: Building] INFO  o.a.m.s.f.DefaultMavenResourcesFiltering - Copying 1 resource from src\main\resources to target\classes
2025-11-29 21:35:51,190 [Worker-12: Building] INFO  o.a.m.s.f.DefaultMavenResourcesFiltering - skip non existing resourceDirectory C:\CurtainCall\CurtainCall\src\test\resources
2025-11-29 21:35:51,190 [Worker-12: Building] WARN  o.apache.maven.project.MavenProject - Direct modification of compileSourceRoots through clear() is deprecated and will not work in Maven 4.0.0. Please use the add/remove methods instead. If you're using a plugin that causes this warning, please upgrade to the latest version and report an issue if the warning persists. To disable these warnings, set -Dmaven.project.sourceRoots.warningsDisabled=true on the command line, in the .mvn/maven.config file, or in project POM properties.
2025-11-29 21:35:51,191 [Worker-12: Building] WARN  o.apache.maven.project.MavenProject - Direct modification of compileSourceRoots through add() is deprecated and will not work in Maven 4.0.0. Please use the add/remove methods instead. If you're using a plugin that causes this warning, please upgrade to the latest version and report an issue if the warning persists. To disable these warnings, set -Dmaven.project.sourceRoots.warningsDisabled=true on the command line, in the .mvn/maven.config file, or in project POM properties.
2025-11-29 21:35:51,192 [Worker-12: Building] WARN  o.apache.maven.project.MavenProject - Direct modification of testCompileSourceRoots through clear() is deprecated and will not work in Maven 4.0.0. Please use the add/remove methods instead. If you're using a plugin that causes this warning, please upgrade to the latest version and report an issue if the warning persists. To disable these warnings, set -Dmaven.project.sourceRoots.warningsDisabled=true on the command line, in the .mvn/maven.config file, or in project POM properties.
2025-11-29 21:35:51,192 [Worker-12: Building] WARN  o.apache.maven.project.MavenProject - Direct modification of testCompileSourceRoots through add() is deprecated and will not work in Maven 4.0.0. Please use the add/remove methods instead. If you're using a plugin that causes this warning, please upgrade to the latest version and report an issue if the warning persists. To disable these warnings, set -Dmaven.project.sourceRoots.warningsDisabled=true on the command line, in the .mvn/maven.config file, or in project POM properties.
2025-11-29 21:36:46,782 [Worker-9: Building] INFO  o.e.m.c.i.l.LifecycleMappingFactory - Using org.eclipse.m2e.jdt.JarLifecycleMapping lifecycle mapping for MavenProject: com.ssafy:CurtainCall:0.0.1-SNAPSHOT @ C:\CurtainCall\CurtainCall\pom.xml.
2025-11-29 21:36:47,532 [Worker-9: Building] INFO  o.a.m.s.f.DefaultMavenResourcesFiltering - Copying 0 resource from src\main\resources to target\classes
2025-11-29 21:36:47,533 [Worker-9: Building] INFO  o.a.m.s.f.DefaultMavenResourcesFiltering - Copying 0 resource from src\main\resources to target\classes
2025-11-29 21:36:47,539 [Worker-9: Building] INFO  o.a.m.s.f.DefaultMavenResourcesFiltering - skip non existing resourceDirectory C:\CurtainCall\CurtainCall\src\test\resources
2025-11-29 21:36:47,567 [Worker-9: Building] WARN  o.apache.maven.project.MavenProject - Direct modification of compileSourceRoots through clear() is deprecated and will not work in Maven 4.0.0. Please use the add/remove methods instead. If you're using a plugin that causes this warning, please upgrade to the latest version and report an issue if the warning persists. To disable these warnings, set -Dmaven.project.sourceRoots.warningsDisabled=true on the command line, in the .mvn/maven.config file, or in project POM properties.
2025-11-29 21:36:47,570 [Worker-9: Building] WARN  o.apache.maven.project.MavenProject - Direct modification of compileSourceRoots through add() is deprecated and will not work in Maven 4.0.0. Please use the add/remove methods instead. If you're using a plugin that causes this warning, please upgrade to the latest version and report an issue if the warning persists. To disable these warnings, set -Dmaven.project.sourceRoots.warningsDisabled=true on the command line, in the .mvn/maven.config file, or in project POM properties.
2025-11-29 21:36:47,571 [Worker-9: Building] WARN  o.apache.maven.project.MavenProject - Direct modification of testCompileSourceRoots through clear() is deprecated and will not work in Maven 4.0.0. Please use the add/remove methods instead. If you're using a plugin that causes this warning, please upgrade to the latest version and report an issue if the warning persists. To disable these warnings, set -Dmaven.project.sourceRoots.warningsDisabled=true on the command line, in the .mvn/maven.config file, or in project POM properties.
2025-11-29 21:36:47,573 [Worker-9: Building] WARN  o.apache.maven.project.MavenProject - Direct modification of testCompileSourceRoots through add() is deprecated and will not work in Maven 4.0.0. Please use the add/remove methods instead. If you're using a plugin that causes this warning, please upgrade to the latest version and report an issue if the warning persists. To disable these warnings, set -Dmaven.project.sourceRoots.warningsDisabled=true on the command line, in the .mvn/maven.config file, or in project POM properties.
2025-11-29 21:40:43,753 [Worker-15: Launching Executing clean in C__CurtainCall_CurtainCall] INFO  o.eclipse.m2e.core.internal.Bundles - getClasspathEntries(Bundle=org.eclipse.m2e.maven.runtime_3.9.1100.20250811-2018 [364])
2025-11-29 21:40:43,755 [Worker-15: Launching Executing clean in C__CurtainCall_CurtainCall] INFO  o.eclipse.m2e.core.internal.Bundles - 	Entry: C:\sts-4.32.2.RELEASE\plugins\org.eclipse.m2e.maven.runtime_3.9.1100.20250811-2018
2025-11-29 21:40:43,756 [Worker-15: Launching Executing clean in C__CurtainCall_CurtainCall] INFO  o.eclipse.m2e.core.internal.Bundles - 	Entry: C:\sts-4.32.2.RELEASE\plugins\org.eclipse.m2e.maven.runtime_3.9.1100.20250811-2018\jars\aopalliance-1.0.jar
2025-11-29 21:40:43,759 [Worker-15: Launching Executing clean in C__CurtainCall_CurtainCall] INFO  o.eclipse.m2e.core.internal.Bundles - 	Entry: C:\sts-4.32.2.RELEASE\plugins\org.eclipse.m2e.maven.runtime_3.9.1100.20250811-2018\jars\asm-9.8.jar
2025-11-29 21:40:43,759 [Worker-15: Launching Executing clean in C__CurtainCall_CurtainCall] INFO  o.eclipse.m2e.core.internal.Bundles - 	Entry: C:\sts-4.32.2.RELEASE\plugins\org.eclipse.m2e.maven.runtime_3.9.1100.20250811-2018\jars\error_prone_annotations-2.38.0.jar
2025-11-29 21:40:43,759 [Worker-15: Launching Executing clean in C__CurtainCall_CurtainCall] INFO  o.eclipse.m2e.core.internal.Bundles - 	Entry: C:\sts-4.32.2.RELEASE\plugins\org.eclipse.m2e.maven.runtime_3.9.1100.20250811-2018\jars\gson-2.13.1.jar
2025-11-29 21:40:43,759 [Worker-15: Launching Executing clean in C__CurtainCall_CurtainCall] INFO  o.eclipse.m2e.core.internal.Bundles - 	Entry: C:\sts-4.32.2.RELEASE\plugins\org.eclipse.m2e.maven.runtime_3.9.1100.20250811-2018\jars\guice-5.1.0-classes.jar
2025-11-29 21:40:43,759 [Worker-15: Launching Executing clean in C__CurtainCall_CurtainCall] INFO  o.eclipse.m2e.core.internal.Bundles - 	Entry: C:\sts-4.32.2.RELEASE\plugins\org.eclipse.m2e.maven.runtime_3.9.1100.20250811-2018\jars\httpclient-4.5.14.jar
2025-11-29 21:40:43,759 [Worker-15: Launching Executing clean in C__CurtainCall_CurtainCall] INFO  o.eclipse.m2e.core.internal.Bundles - 	Entry: C:\sts-4.32.2.RELEASE\plugins\org.eclipse.m2e.maven.runtime_3.9.1100.20250811-2018\jars\httpcore-4.4.16.jar
2025-11-29 21:40:43,760 [Worker-15: Launching Executing clean in C__CurtainCall_CurtainCall] INFO  o.eclipse.m2e.core.internal.Bundles - 	Entry: C:\sts-4.32.2.RELEASE\plugins\org.eclipse.m2e.maven.runtime_3.9.1100.20250811-2018\jars\jansi-2.4.2.jar
2025-11-29 21:40:43,760 [Worker-15: Launching Executing clean in C__CurtainCall_CurtainCall] INFO  o.eclipse.m2e.core.internal.Bundles - 	Entry: C:\sts-4.32.2.RELEASE\plugins\org.eclipse.m2e.maven.runtime_3.9.1100.20250811-2018\jars\jcl-over-slf4j-1.7.36.jar
2025-11-29 21:40:43,760 [Worker-15: Launching Executing clean in C__CurtainCall_CurtainCall] INFO  o.eclipse.m2e.core.internal.Bundles - 	Entry: C:\sts-4.32.2.RELEASE\plugins\org.eclipse.m2e.maven.runtime_3.9.1100.20250811-2018\jars\maven-artifact-3.9.11.jar
2025-11-29 21:40:43,760 [Worker-15: Launching Executing clean in C__CurtainCall_CurtainCall] INFO  o.eclipse.m2e.core.internal.Bundles - 	Entry: C:\sts-4.32.2.RELEASE\plugins\org.eclipse.m2e.maven.runtime_3.9.1100.20250811-2018\jars\maven-builder-support-3.9.11.jar
2025-11-29 21:40:43,760 [Worker-15: Launching Executing clean in C__CurtainCall_CurtainCall] INFO  o.eclipse.m2e.core.internal.Bundles - 	Entry: C:\sts-4.32.2.RELEASE\plugins\org.eclipse.m2e.maven.runtime_3.9.1100.20250811-2018\jars\maven-compat-3.9.11.jar
2025-11-29 21:40:43,760 [Worker-15: Launching Executing clean in C__CurtainCall_CurtainCall] INFO  o.eclipse.m2e.core.internal.Bundles - 	Entry: C:\sts-4.32.2.RELEASE\plugins\org.eclipse.m2e.maven.runtime_3.9.1100.20250811-2018\jars\maven-core-3.9.11.jar
2025-11-29 21:40:43,760 [Worker-15: Launching Executing clean in C__CurtainCall_CurtainCall] INFO  o.eclipse.m2e.core.internal.Bundles - 	Entry: C:\sts-4.32.2.RELEASE\plugins\org.eclipse.m2e.maven.runtime_3.9.1100.20250811-2018\jars\maven-embedder-3.9.11.jar
2025-11-29 21:40:43,761 [Worker-15: Launching Executing clean in C__CurtainCall_CurtainCall] INFO  o.eclipse.m2e.core.internal.Bundles - 	Entry: C:\sts-4.32.2.RELEASE\plugins\org.eclipse.m2e.maven.runtime_3.9.1100.20250811-2018\jars\maven-model-3.9.11.jar
2025-11-29 21:40:43,761 [Worker-15: Launching Executing clean in C__CurtainCall_CurtainCall] INFO  o.eclipse.m2e.core.internal.Bundles - 	Entry: C:\sts-4.32.2.RELEASE\plugins\org.eclipse.m2e.maven.runtime_3.9.1100.20250811-2018\jars\maven-model-builder-3.9.11.jar
2025-11-29 21:40:43,761 [Worker-15: Launching Executing clean in C__CurtainCall_CurtainCall] INFO  o.eclipse.m2e.core.internal.Bundles - 	Entry: C:\sts-4.32.2.RELEASE\plugins\org.eclipse.m2e.maven.runtime_3.9.1100.20250811-2018\jars\maven-plugin-api-3.9.11.jar
2025-11-29 21:40:43,761 [Worker-15: Launching Executing clean in C__CurtainCall_CurtainCall] INFO  o.eclipse.m2e.core.internal.Bundles - 	Entry: C:\sts-4.32.2.RELEASE\plugins\org.eclipse.m2e.maven.runtime_3.9.1100.20250811-2018\jars\maven-repository-metadata-3.9.11.jar
2025-11-29 21:40:43,761 [Worker-15: Launching Executing clean in C__CurtainCall_CurtainCall] INFO  o.eclipse.m2e.core.internal.Bundles - 	Entry: C:\sts-4.32.2.RELEASE\plugins\org.eclipse.m2e.maven.runtime_3.9.1100.20250811-2018\jars\maven-resolver-api-1.9.24.jar
2025-11-29 21:40:43,761 [Worker-15: Launching Executing clean in C__CurtainCall_CurtainCall] INFO  o.eclipse.m2e.core.internal.Bundles - 	Entry: C:\sts-4.32.2.RELEASE\plugins\org.eclipse.m2e.maven.runtime_3.9.1100.20250811-2018\jars\maven-resolver-connector-basic-1.9.24.jar
2025-11-29 21:40:43,762 [Worker-15: Launching Executing clean in C__CurtainCall_CurtainCall] INFO  o.eclipse.m2e.core.internal.Bundles - 	Entry: C:\sts-4.32.2.RELEASE\plugins\org.eclipse.m2e.maven.runtime_3.9.1100.20250811-2018\jars\maven-resolver-impl-1.9.24.jar
2025-11-29 21:40:43,762 [Worker-15: Launching Executing clean in C__CurtainCall_CurtainCall] INFO  o.eclipse.m2e.core.internal.Bundles - 	Entry: C:\sts-4.32.2.RELEASE\plugins\org.eclipse.m2e.maven.runtime_3.9.1100.20250811-2018\jars\maven-resolver-named-locks-1.9.24.jar
2025-11-29 21:40:43,762 [Worker-15: Launching Executing clean in C__CurtainCall_CurtainCall] INFO  o.eclipse.m2e.core.internal.Bundles - 	Entry: C:\sts-4.32.2.RELEASE\plugins\org.eclipse.m2e.maven.runtime_3.9.1100.20250811-2018\jars\maven-resolver-provider-3.9.11.jar
2025-11-29 21:40:43,762 [Worker-15: Launching Executing clean in C__CurtainCall_CurtainCall] INFO  o.eclipse.m2e.core.internal.Bundles - 	Entry: C:\sts-4.32.2.RELEASE\plugins\org.eclipse.m2e.maven.runtime_3.9.1100.20250811-2018\jars\maven-resolver-spi-1.9.24.jar
2025-11-29 21:40:43,762 [Worker-15: Launching Executing clean in C__CurtainCall_CurtainCall] INFO  o.eclipse.m2e.core.internal.Bundles - 	Entry: C:\sts-4.32.2.RELEASE\plugins\org.eclipse.m2e.maven.runtime_3.9.1100.20250811-2018\jars\maven-resolver-transport-file-1.9.24.jar
2025-11-29 21:40:43,762 [Worker-15: Launching Executing clean in C__CurtainCall_CurtainCall] INFO  o.eclipse.m2e.core.internal.Bundles - 	Entry: C:\sts-4.32.2.RELEASE\plugins\org.eclipse.m2e.maven.runtime_3.9.1100.20250811-2018\jars\maven-resolver-transport-http-1.9.24.jar
2025-11-29 21:40:43,762 [Worker-15: Launching Executing clean in C__CurtainCall_CurtainCall] INFO  o.eclipse.m2e.core.internal.Bundles - 	Entry: C:\sts-4.32.2.RELEASE\plugins\org.eclipse.m2e.maven.runtime_3.9.1100.20250811-2018\jars\maven-resolver-transport-wagon-1.9.24.jar
2025-11-29 21:40:43,763 [Worker-15: Launching Executing clean in C__CurtainCall_CurtainCall] INFO  o.eclipse.m2e.core.internal.Bundles - 	Entry: C:\sts-4.32.2.RELEASE\plugins\org.eclipse.m2e.maven.runtime_3.9.1100.20250811-2018\jars\maven-resolver-util-1.9.24.jar
2025-11-29 21:40:43,763 [Worker-15: Launching Executing clean in C__CurtainCall_CurtainCall] INFO  o.eclipse.m2e.core.internal.Bundles - 	Entry: C:\sts-4.32.2.RELEASE\plugins\org.eclipse.m2e.maven.runtime_3.9.1100.20250811-2018\jars\maven-settings-3.9.11.jar
2025-11-29 21:40:43,763 [Worker-15: Launching Executing clean in C__CurtainCall_CurtainCall] INFO  o.eclipse.m2e.core.internal.Bundles - 	Entry: C:\sts-4.32.2.RELEASE\plugins\org.eclipse.m2e.maven.runtime_3.9.1100.20250811-2018\jars\maven-settings-builder-3.9.11.jar
2025-11-29 21:40:43,763 [Worker-15: Launching Executing clean in C__CurtainCall_CurtainCall] INFO  o.eclipse.m2e.core.internal.Bundles - 	Entry: C:\sts-4.32.2.RELEASE\plugins\org.eclipse.m2e.maven.runtime_3.9.1100.20250811-2018\jars\maven-shared-utils-3.4.2.jar
2025-11-29 21:40:43,764 [Worker-15: Launching Executing clean in C__CurtainCall_CurtainCall] INFO  o.eclipse.m2e.core.internal.Bundles - 	Entry: C:\sts-4.32.2.RELEASE\plugins\org.eclipse.m2e.maven.runtime_3.9.1100.20250811-2018\jars\org.eclipse.sisu.inject-0.9.0.M4.jar
2025-11-29 21:40:43,764 [Worker-15: Launching Executing clean in C__CurtainCall_CurtainCall] INFO  o.eclipse.m2e.core.internal.Bundles - 	Entry: C:\sts-4.32.2.RELEASE\plugins\org.eclipse.m2e.maven.runtime_3.9.1100.20250811-2018\jars\org.eclipse.sisu.plexus-0.9.0.M4.jar
2025-11-29 21:40:43,764 [Worker-15: Launching Executing clean in C__CurtainCall_CurtainCall] INFO  o.eclipse.m2e.core.internal.Bundles - 	Entry: C:\sts-4.32.2.RELEASE\plugins\org.eclipse.m2e.maven.runtime_3.9.1100.20250811-2018\jars\plexus-build-api-0.0.7.jar
2025-11-29 21:40:43,764 [Worker-15: Launching Executing clean in C__CurtainCall_CurtainCall] INFO  o.eclipse.m2e.core.internal.Bundles - 	Entry: C:\sts-4.32.2.RELEASE\plugins\org.eclipse.m2e.maven.runtime_3.9.1100.20250811-2018\jars\plexus-build-api-1.2.0.jar
2025-11-29 21:40:43,765 [Worker-15: Launching Executing clean in C__CurtainCall_CurtainCall] INFO  o.eclipse.m2e.core.internal.Bundles - 	Entry: C:\sts-4.32.2.RELEASE\plugins\org.eclipse.m2e.maven.runtime_3.9.1100.20250811-2018\jars\plexus-cipher-2.0.jar
2025-11-29 21:40:43,765 [Worker-15: Launching Executing clean in C__CurtainCall_CurtainCall] INFO  o.eclipse.m2e.core.internal.Bundles - 	Entry: C:\sts-4.32.2.RELEASE\plugins\org.eclipse.m2e.maven.runtime_3.9.1100.20250811-2018\jars\plexus-classworlds-2.9.0.jar
2025-11-29 21:40:43,765 [Worker-15: Launching Executing clean in C__CurtainCall_CurtainCall] INFO  o.eclipse.m2e.core.internal.Bundles - 	Entry: C:\sts-4.32.2.RELEASE\plugins\org.eclipse.m2e.maven.runtime_3.9.1100.20250811-2018\jars\plexus-component-annotations-2.2.0.jar
2025-11-29 21:40:43,766 [Worker-15: Launching Executing clean in C__CurtainCall_CurtainCall] INFO  o.eclipse.m2e.core.internal.Bundles - 	Entry: C:\sts-4.32.2.RELEASE\plugins\org.eclipse.m2e.maven.runtime_3.9.1100.20250811-2018\jars\plexus-interpolation-1.28.jar
2025-11-29 21:40:43,766 [Worker-15: Launching Executing clean in C__CurtainCall_CurtainCall] INFO  o.eclipse.m2e.core.internal.Bundles - 	Entry: C:\sts-4.32.2.RELEASE\plugins\org.eclipse.m2e.maven.runtime_3.9.1100.20250811-2018\jars\plexus-sec-dispatcher-2.0.jar
2025-11-29 21:40:43,766 [Worker-15: Launching Executing clean in C__CurtainCall_CurtainCall] INFO  o.eclipse.m2e.core.internal.Bundles - 	Entry: C:\sts-4.32.2.RELEASE\plugins\org.eclipse.m2e.maven.runtime_3.9.1100.20250811-2018\jars\plexus-utils-3.6.0.jar
2025-11-29 21:40:43,766 [Worker-15: Launching Executing clean in C__CurtainCall_CurtainCall] INFO  o.eclipse.m2e.core.internal.Bundles - 	Entry: C:\sts-4.32.2.RELEASE\plugins\org.eclipse.m2e.maven.runtime_3.9.1100.20250811-2018\jars\wagon-file-3.5.3.jar
2025-11-29 21:40:43,766 [Worker-15: Launching Executing clean in C__CurtainCall_CurtainCall] INFO  o.eclipse.m2e.core.internal.Bundles - 	Entry: C:\sts-4.32.2.RELEASE\plugins\org.eclipse.m2e.maven.runtime_3.9.1100.20250811-2018\jars\wagon-http-3.5.3.jar
2025-11-29 21:40:43,766 [Worker-15: Launching Executing clean in C__CurtainCall_CurtainCall] INFO  o.eclipse.m2e.core.internal.Bundles - 	Entry: C:\sts-4.32.2.RELEASE\plugins\org.eclipse.m2e.maven.runtime_3.9.1100.20250811-2018\jars\wagon-http-shared-3.5.3.jar
2025-11-29 21:40:43,767 [Worker-15: Launching Executing clean in C__CurtainCall_CurtainCall] INFO  o.eclipse.m2e.core.internal.Bundles - 	Entry: C:\sts-4.32.2.RELEASE\plugins\org.eclipse.m2e.maven.runtime_3.9.1100.20250811-2018\jars\wagon-provider-api-3.5.3.jar
2025-11-29 21:40:43,767 [Worker-15: Launching Executing clean in C__CurtainCall_CurtainCall] INFO  o.eclipse.m2e.core.internal.Bundles - getClasspathEntries(Bundle=com.google.guava_33.4.8.jre [31])
2025-11-29 21:40:43,768 [Worker-15: Launching Executing clean in C__CurtainCall_CurtainCall] INFO  o.eclipse.m2e.core.internal.Bundles - 	Entry: C:\sts-4.32.2.RELEASE\plugins\com.google.guava_33.4.8.jre.jar
2025-11-29 21:40:43,768 [Worker-15: Launching Executing clean in C__CurtainCall_CurtainCall] INFO  o.eclipse.m2e.core.internal.Bundles - getClasspathEntries(Bundle=slf4j.api_2.0.17 [612])
2025-11-29 21:40:43,768 [Worker-15: Launching Executing clean in C__CurtainCall_CurtainCall] INFO  o.eclipse.m2e.core.internal.Bundles - 	Entry: C:\sts-4.32.2.RELEASE\plugins\slf4j.api_2.0.17.jar
2025-11-29 21:40:43,768 [Worker-15: Launching Executing clean in C__CurtainCall_CurtainCall] INFO  o.eclipse.m2e.core.internal.Bundles - getClasspathEntries(Bundle=jakarta.inject.jakarta.inject-api_1.0.5 [46])
2025-11-29 21:40:43,769 [Worker-15: Launching Executing clean in C__CurtainCall_CurtainCall] INFO  o.eclipse.m2e.core.internal.Bundles - 	Entry: C:\sts-4.32.2.RELEASE\plugins\jakarta.inject.jakarta.inject-api_1.0.5.jar
2025-11-29 21:40:43,770 [Worker-15: Launching Executing clean in C__CurtainCall_CurtainCall] INFO  o.eclipse.m2e.core.internal.Bundles - getClasspathEntries(Bundle=jakarta.annotation-api_1.3.5 [43])
2025-11-29 21:40:43,770 [Worker-15: Launching Executing clean in C__CurtainCall_CurtainCall] INFO  o.eclipse.m2e.core.internal.Bundles - 	Entry: C:\sts-4.32.2.RELEASE\plugins\jakarta.annotation-api_1.3.5.jar
2025-11-29 21:40:43,770 [Worker-15: Launching Executing clean in C__CurtainCall_CurtainCall] INFO  o.eclipse.m2e.core.internal.Bundles - getClasspathEntries(Bundle=org.apache.commons.cli_1.10.0 [78])
2025-11-29 21:40:43,770 [Worker-15: Launching Executing clean in C__CurtainCall_CurtainCall] INFO  o.eclipse.m2e.core.internal.Bundles - 	Entry: C:\sts-4.32.2.RELEASE\plugins\org.apache.commons.cli_1.10.0.jar
2025-11-29 21:40:43,770 [Worker-15: Launching Executing clean in C__CurtainCall_CurtainCall] INFO  o.eclipse.m2e.core.internal.Bundles - getClasspathEntries(Bundle=org.apache.commons.commons-codec_1.19.0 [80])
2025-11-29 21:40:43,770 [Worker-15: Launching Executing clean in C__CurtainCall_CurtainCall] INFO  o.eclipse.m2e.core.internal.Bundles - 	Entry: C:\sts-4.32.2.RELEASE\plugins\org.apache.commons.commons-codec_1.19.0.jar
2025-11-29 21:40:43,771 [Worker-15: Launching Executing clean in C__CurtainCall_CurtainCall] INFO  o.eclipse.m2e.core.internal.Bundles - getClasspathEntries(Bundle=com.google.guava.failureaccess_1.0.3 [32])
2025-11-29 21:40:43,771 [Worker-15: Launching Executing clean in C__CurtainCall_CurtainCall] INFO  o.eclipse.m2e.core.internal.Bundles - 	Entry: C:\sts-4.32.2.RELEASE\plugins\com.google.guava.failureaccess_1.0.3.jar
2025-11-29 21:40:43,773 [Worker-15: Launching Executing clean in C__CurtainCall_CurtainCall] INFO  o.e.m.i.launch.MavenLaunchDelegate - Run build in "C:\CurtainCall\CurtainCall":
2025-11-29 21:40:43,774 [Worker-15: Launching Executing clean in C__CurtainCall_CurtainCall] INFO  o.e.m.i.launch.MavenLaunchDelegate -  mvn  -B -Dstyle.color=always clean
2025-11-29 21:40:46,933 [Worker-22: Building] INFO  o.a.m.s.f.DefaultMavenResourcesFiltering - Copying 1 resource from src\main\resources to target\classes
2025-11-29 21:40:46,957 [Worker-22: Building] INFO  o.a.m.s.f.DefaultMavenResourcesFiltering - Copying 4 resources from src\main\resources to target\classes
2025-11-29 21:40:46,967 [Worker-22: Building] INFO  o.a.m.s.f.DefaultMavenResourcesFiltering - skip non existing resourceDirectory C:\CurtainCall\CurtainCall\src\test\resources
2025-11-29 21:40:46,977 [Worker-22: Building] WARN  o.apache.maven.project.MavenProject - Direct modification of compileSourceRoots through clear() is deprecated and will not work in Maven 4.0.0. Please use the add/remove methods instead. If you're using a plugin that causes this warning, please upgrade to the latest version and report an issue if the warning persists. To disable these warnings, set -Dmaven.project.sourceRoots.warningsDisabled=true on the command line, in the .mvn/maven.config file, or in project POM properties.
2025-11-29 21:40:46,978 [Worker-22: Building] WARN  o.apache.maven.project.MavenProject - Direct modification of compileSourceRoots through add() is deprecated and will not work in Maven 4.0.0. Please use the add/remove methods instead. If you're using a plugin that causes this warning, please upgrade to the latest version and report an issue if the warning persists. To disable these warnings, set -Dmaven.project.sourceRoots.warningsDisabled=true on the command line, in the .mvn/maven.config file, or in project POM properties.
2025-11-29 21:40:46,978 [Worker-22: Building] WARN  o.apache.maven.project.MavenProject - Direct modification of testCompileSourceRoots through clear() is deprecated and will not work in Maven 4.0.0. Please use the add/remove methods instead. If you're using a plugin that causes this warning, please upgrade to the latest version and report an issue if the warning persists. To disable these warnings, set -Dmaven.project.sourceRoots.warningsDisabled=true on the command line, in the .mvn/maven.config file, or in project POM properties.
2025-11-29 21:40:46,979 [Worker-22: Building] WARN  o.apache.maven.project.MavenProject - Direct modification of testCompileSourceRoots through add() is deprecated and will not work in Maven 4.0.0. Please use the add/remove methods instead. If you're using a plugin that causes this warning, please upgrade to the latest version and report an issue if the warning persists. To disable these warnings, set -Dmaven.project.sourceRoots.warningsDisabled=true on the command line, in the .mvn/maven.config file, or in project POM properties.
2025-11-29 21:41:06,866 [Worker-9: Launching Executing install in C__CurtainCall_CurtainCall] INFO  o.eclipse.m2e.core.internal.Bundles - getClasspathEntries(Bundle=org.eclipse.m2e.maven.runtime_3.9.1100.20250811-2018 [364])
2025-11-29 21:41:06,867 [Worker-9: Launching Executing install in C__CurtainCall_CurtainCall] INFO  o.eclipse.m2e.core.internal.Bundles - 	Entry: C:\sts-4.32.2.RELEASE\plugins\org.eclipse.m2e.maven.runtime_3.9.1100.20250811-2018
2025-11-29 21:41:06,868 [Worker-9: Launching Executing install in C__CurtainCall_CurtainCall] INFO  o.eclipse.m2e.core.internal.Bundles - 	Entry: C:\sts-4.32.2.RELEASE\plugins\org.eclipse.m2e.maven.runtime_3.9.1100.20250811-2018\jars\aopalliance-1.0.jar
2025-11-29 21:41:06,868 [Worker-9: Launching Executing install in C__CurtainCall_CurtainCall] INFO  o.eclipse.m2e.core.internal.Bundles - 	Entry: C:\sts-4.32.2.RELEASE\plugins\org.eclipse.m2e.maven.runtime_3.9.1100.20250811-2018\jars\asm-9.8.jar
2025-11-29 21:41:06,868 [Worker-9: Launching Executing install in C__CurtainCall_CurtainCall] INFO  o.eclipse.m2e.core.internal.Bundles - 	Entry: C:\sts-4.32.2.RELEASE\plugins\org.eclipse.m2e.maven.runtime_3.9.1100.20250811-2018\jars\error_prone_annotations-2.38.0.jar
2025-11-29 21:41:06,868 [Worker-9: Launching Executing install in C__CurtainCall_CurtainCall] INFO  o.eclipse.m2e.core.internal.Bundles - 	Entry: C:\sts-4.32.2.RELEASE\plugins\org.eclipse.m2e.maven.runtime_3.9.1100.20250811-2018\jars\gson-2.13.1.jar
2025-11-29 21:41:06,869 [Worker-9: Launching Executing install in C__CurtainCall_CurtainCall] INFO  o.eclipse.m2e.core.internal.Bundles - 	Entry: C:\sts-4.32.2.RELEASE\plugins\org.eclipse.m2e.maven.runtime_3.9.1100.20250811-2018\jars\guice-5.1.0-classes.jar
2025-11-29 21:41:06,869 [Worker-9: Launching Executing install in C__CurtainCall_CurtainCall] INFO  o.eclipse.m2e.core.internal.Bundles - 	Entry: C:\sts-4.32.2.RELEASE\plugins\org.eclipse.m2e.maven.runtime_3.9.1100.20250811-2018\jars\httpclient-4.5.14.jar
2025-11-29 21:41:06,869 [Worker-9: Launching Executing install in C__CurtainCall_CurtainCall] INFO  o.eclipse.m2e.core.internal.Bundles - 	Entry: C:\sts-4.32.2.RELEASE\plugins\org.eclipse.m2e.maven.runtime_3.9.1100.20250811-2018\jars\httpcore-4.4.16.jar
2025-11-29 21:41:06,869 [Worker-9: Launching Executing install in C__CurtainCall_CurtainCall] INFO  o.eclipse.m2e.core.internal.Bundles - 	Entry: C:\sts-4.32.2.RELEASE\plugins\org.eclipse.m2e.maven.runtime_3.9.1100.20250811-2018\jars\jansi-2.4.2.jar
2025-11-29 21:41:06,869 [Worker-9: Launching Executing install in C__CurtainCall_CurtainCall] INFO  o.eclipse.m2e.core.internal.Bundles - 	Entry: C:\sts-4.32.2.RELEASE\plugins\org.eclipse.m2e.maven.runtime_3.9.1100.20250811-2018\jars\jcl-over-slf4j-1.7.36.jar
2025-11-29 21:41:06,869 [Worker-9: Launching Executing install in C__CurtainCall_CurtainCall] INFO  o.eclipse.m2e.core.internal.Bundles - 	Entry: C:\sts-4.32.2.RELEASE\plugins\org.eclipse.m2e.maven.runtime_3.9.1100.20250811-2018\jars\maven-artifact-3.9.11.jar
2025-11-29 21:41:06,870 [Worker-9: Launching Executing install in C__CurtainCall_CurtainCall] INFO  o.eclipse.m2e.core.internal.Bundles - 	Entry: C:\sts-4.32.2.RELEASE\plugins\org.eclipse.m2e.maven.runtime_3.9.1100.20250811-2018\jars\maven-builder-support-3.9.11.jar
2025-11-29 21:41:06,870 [Worker-9: Launching Executing install in C__CurtainCall_CurtainCall] INFO  o.eclipse.m2e.core.internal.Bundles - 	Entry: C:\sts-4.32.2.RELEASE\plugins\org.eclipse.m2e.maven.runtime_3.9.1100.20250811-2018\jars\maven-compat-3.9.11.jar
2025-11-29 21:41:06,870 [Worker-9: Launching Executing install in C__CurtainCall_CurtainCall] INFO  o.eclipse.m2e.core.internal.Bundles - 	Entry: C:\sts-4.32.2.RELEASE\plugins\org.eclipse.m2e.maven.runtime_3.9.1100.20250811-2018\jars\maven-core-3.9.11.jar
2025-11-29 21:41:06,871 [Worker-9: Launching Executing install in C__CurtainCall_CurtainCall] INFO  o.eclipse.m2e.core.internal.Bundles - 	Entry: C:\sts-4.32.2.RELEASE\plugins\org.eclipse.m2e.maven.runtime_3.9.1100.20250811-2018\jars\maven-embedder-3.9.11.jar
2025-11-29 21:41:06,871 [Worker-9: Launching Executing install in C__CurtainCall_CurtainCall] INFO  o.eclipse.m2e.core.internal.Bundles - 	Entry: C:\sts-4.32.2.RELEASE\plugins\org.eclipse.m2e.maven.runtime_3.9.1100.20250811-2018\jars\maven-model-3.9.11.jar
2025-11-29 21:41:06,871 [Worker-9: Launching Executing install in C__CurtainCall_CurtainCall] INFO  o.eclipse.m2e.core.internal.Bundles - 	Entry: C:\sts-4.32.2.RELEASE\plugins\org.eclipse.m2e.maven.runtime_3.9.1100.20250811-2018\jars\maven-model-builder-3.9.11.jar
2025-11-29 21:41:06,871 [Worker-9: Launching Executing install in C__CurtainCall_CurtainCall] INFO  o.eclipse.m2e.core.internal.Bundles - 	Entry: C:\sts-4.32.2.RELEASE\plugins\org.eclipse.m2e.maven.runtime_3.9.1100.20250811-2018\jars\maven-plugin-api-3.9.11.jar
2025-11-29 21:41:06,871 [Worker-9: Launching Executing install in C__CurtainCall_CurtainCall] INFO  o.eclipse.m2e.core.internal.Bundles - 	Entry: C:\sts-4.32.2.RELEASE\plugins\org.eclipse.m2e.maven.runtime_3.9.1100.20250811-2018\jars\maven-repository-metadata-3.9.11.jar
2025-11-29 21:41:06,871 [Worker-9: Launching Executing install in C__CurtainCall_CurtainCall] INFO  o.eclipse.m2e.core.internal.Bundles - 	Entry: C:\sts-4.32.2.RELEASE\plugins\org.eclipse.m2e.maven.runtime_3.9.1100.20250811-2018\jars\maven-resolver-api-1.9.24.jar
2025-11-29 21:41:06,872 [Worker-9: Launching Executing install in C__CurtainCall_CurtainCall] INFO  o.eclipse.m2e.core.internal.Bundles - 	Entry: C:\sts-4.32.2.RELEASE\plugins\org.eclipse.m2e.maven.runtime_3.9.1100.20250811-2018\jars\maven-resolver-connector-basic-1.9.24.jar
2025-11-29 21:41:06,872 [Worker-9: Launching Executing install in C__CurtainCall_CurtainCall] INFO  o.eclipse.m2e.core.internal.Bundles - 	Entry: C:\sts-4.32.2.RELEASE\plugins\org.eclipse.m2e.maven.runtime_3.9.1100.20250811-2018\jars\maven-resolver-impl-1.9.24.jar
2025-11-29 21:41:06,872 [Worker-9: Launching Executing install in C__CurtainCall_CurtainCall] INFO  o.eclipse.m2e.core.internal.Bundles - 	Entry: C:\sts-4.32.2.RELEASE\plugins\org.eclipse.m2e.maven.runtime_3.9.1100.20250811-2018\jars\maven-resolver-named-locks-1.9.24.jar
2025-11-29 21:41:06,872 [Worker-9: Launching Executing install in C__CurtainCall_CurtainCall] INFO  o.eclipse.m2e.core.internal.Bundles - 	Entry: C:\sts-4.32.2.RELEASE\plugins\org.eclipse.m2e.maven.runtime_3.9.1100.20250811-2018\jars\maven-resolver-provider-3.9.11.jar
2025-11-29 21:41:06,872 [Worker-9: Launching Executing install in C__CurtainCall_CurtainCall] INFO  o.eclipse.m2e.core.internal.Bundles - 	Entry: C:\sts-4.32.2.RELEASE\plugins\org.eclipse.m2e.maven.runtime_3.9.1100.20250811-2018\jars\maven-resolver-spi-1.9.24.jar
2025-11-29 21:41:06,873 [Worker-9: Launching Executing install in C__CurtainCall_CurtainCall] INFO  o.eclipse.m2e.core.internal.Bundles - 	Entry: C:\sts-4.32.2.RELEASE\plugins\org.eclipse.m2e.maven.runtime_3.9.1100.20250811-2018\jars\maven-resolver-transport-file-1.9.24.jar
2025-11-29 21:41:06,873 [Worker-9: Launching Executing install in C__CurtainCall_CurtainCall] INFO  o.eclipse.m2e.core.internal.Bundles - 	Entry: C:\sts-4.32.2.RELEASE\plugins\org.eclipse.m2e.maven.runtime_3.9.1100.20250811-2018\jars\maven-resolver-transport-http-1.9.24.jar
2025-11-29 21:41:06,873 [Worker-9: Launching Executing install in C__CurtainCall_CurtainCall] INFO  o.eclipse.m2e.core.internal.Bundles - 	Entry: C:\sts-4.32.2.RELEASE\plugins\org.eclipse.m2e.maven.runtime_3.9.1100.20250811-2018\jars\maven-resolver-transport-wagon-1.9.24.jar
2025-11-29 21:41:06,873 [Worker-9: Launching Executing install in C__CurtainCall_CurtainCall] INFO  o.eclipse.m2e.core.internal.Bundles - 	Entry: C:\sts-4.32.2.RELEASE\plugins\org.eclipse.m2e.maven.runtime_3.9.1100.20250811-2018\jars\maven-resolver-util-1.9.24.jar
2025-11-29 21:41:06,873 [Worker-9: Launching Executing install in C__CurtainCall_CurtainCall] INFO  o.eclipse.m2e.core.internal.Bundles - 	Entry: C:\sts-4.32.2.RELEASE\plugins\org.eclipse.m2e.maven.runtime_3.9.1100.20250811-2018\jars\maven-settings-3.9.11.jar
2025-11-29 21:41:06,874 [Worker-9: Launching Executing install in C__CurtainCall_CurtainCall] INFO  o.eclipse.m2e.core.internal.Bundles - 	Entry: C:\sts-4.32.2.RELEASE\plugins\org.eclipse.m2e.maven.runtime_3.9.1100.20250811-2018\jars\maven-settings-builder-3.9.11.jar
2025-11-29 21:41:06,874 [Worker-9: Launching Executing install in C__CurtainCall_CurtainCall] INFO  o.eclipse.m2e.core.internal.Bundles - 	Entry: C:\sts-4.32.2.RELEASE\plugins\org.eclipse.m2e.maven.runtime_3.9.1100.20250811-2018\jars\maven-shared-utils-3.4.2.jar
2025-11-29 21:41:06,874 [Worker-9: Launching Executing install in C__CurtainCall_CurtainCall] INFO  o.eclipse.m2e.core.internal.Bundles - 	Entry: C:\sts-4.32.2.RELEASE\plugins\org.eclipse.m2e.maven.runtime_3.9.1100.20250811-2018\jars\org.eclipse.sisu.inject-0.9.0.M4.jar
2025-11-29 21:41:06,874 [Worker-9: Launching Executing install in C__CurtainCall_CurtainCall] INFO  o.eclipse.m2e.core.internal.Bundles - 	Entry: C:\sts-4.32.2.RELEASE\plugins\org.eclipse.m2e.maven.runtime_3.9.1100.20250811-2018\jars\org.eclipse.sisu.plexus-0.9.0.M4.jar
2025-11-29 21:41:06,874 [Worker-9: Launching Executing install in C__CurtainCall_CurtainCall] INFO  o.eclipse.m2e.core.internal.Bundles - 	Entry: C:\sts-4.32.2.RELEASE\plugins\org.eclipse.m2e.maven.runtime_3.9.1100.20250811-2018\jars\plexus-build-api-0.0.7.jar
2025-11-29 21:41:06,875 [Worker-9: Launching Executing install in C__CurtainCall_CurtainCall] INFO  o.eclipse.m2e.core.internal.Bundles - 	Entry: C:\sts-4.32.2.RELEASE\plugins\org.eclipse.m2e.maven.runtime_3.9.1100.20250811-2018\jars\plexus-build-api-1.2.0.jar
2025-11-29 21:41:06,875 [Worker-9: Launching Executing install in C__CurtainCall_CurtainCall] INFO  o.eclipse.m2e.core.internal.Bundles - 	Entry: C:\sts-4.32.2.RELEASE\plugins\org.eclipse.m2e.maven.runtime_3.9.1100.20250811-2018\jars\plexus-cipher-2.0.jar
2025-11-29 21:41:06,875 [Worker-9: Launching Executing install in C__CurtainCall_CurtainCall] INFO  o.eclipse.m2e.core.internal.Bundles - 	Entry: C:\sts-4.32.2.RELEASE\plugins\org.eclipse.m2e.maven.runtime_3.9.1100.20250811-2018\jars\plexus-classworlds-2.9.0.jar
2025-11-29 21:41:06,875 [Worker-9: Launching Executing install in C__CurtainCall_CurtainCall] INFO  o.eclipse.m2e.core.internal.Bundles - 	Entry: C:\sts-4.32.2.RELEASE\plugins\org.eclipse.m2e.maven.runtime_3.9.1100.20250811-2018\jars\plexus-component-annotations-2.2.0.jar
2025-11-29 21:41:06,875 [Worker-9: Launching Executing install in C__CurtainCall_CurtainCall] INFO  o.eclipse.m2e.core.internal.Bundles - 	Entry: C:\sts-4.32.2.RELEASE\plugins\org.eclipse.m2e.maven.runtime_3.9.1100.20250811-2018\jars\plexus-interpolation-1.28.jar
2025-11-29 21:41:06,876 [Worker-9: Launching Executing install in C__CurtainCall_CurtainCall] INFO  o.eclipse.m2e.core.internal.Bundles - 	Entry: C:\sts-4.32.2.RELEASE\plugins\org.eclipse.m2e.maven.runtime_3.9.1100.20250811-2018\jars\plexus-sec-dispatcher-2.0.jar
2025-11-29 21:41:06,876 [Worker-9: Launching Executing install in C__CurtainCall_CurtainCall] INFO  o.eclipse.m2e.core.internal.Bundles - 	Entry: C:\sts-4.32.2.RELEASE\plugins\org.eclipse.m2e.maven.runtime_3.9.1100.20250811-2018\jars\plexus-utils-3.6.0.jar
2025-11-29 21:41:06,876 [Worker-9: Launching Executing install in C__CurtainCall_CurtainCall] INFO  o.eclipse.m2e.core.internal.Bundles - 	Entry: C:\sts-4.32.2.RELEASE\plugins\org.eclipse.m2e.maven.runtime_3.9.1100.20250811-2018\jars\wagon-file-3.5.3.jar
2025-11-29 21:41:06,876 [Worker-9: Launching Executing install in C__CurtainCall_CurtainCall] INFO  o.eclipse.m2e.core.internal.Bundles - 	Entry: C:\sts-4.32.2.RELEASE\plugins\org.eclipse.m2e.maven.runtime_3.9.1100.20250811-2018\jars\wagon-http-3.5.3.jar
2025-11-29 21:41:06,876 [Worker-9: Launching Executing install in C__CurtainCall_CurtainCall] INFO  o.eclipse.m2e.core.internal.Bundles - 	Entry: C:\sts-4.32.2.RELEASE\plugins\org.eclipse.m2e.maven.runtime_3.9.1100.20250811-2018\jars\wagon-http-shared-3.5.3.jar
2025-11-29 21:41:06,877 [Worker-9: Launching Executing install in C__CurtainCall_CurtainCall] INFO  o.eclipse.m2e.core.internal.Bundles - 	Entry: C:\sts-4.32.2.RELEASE\plugins\org.eclipse.m2e.maven.runtime_3.9.1100.20250811-2018\jars\wagon-provider-api-3.5.3.jar
2025-11-29 21:41:06,877 [Worker-9: Launching Executing install in C__CurtainCall_CurtainCall] INFO  o.eclipse.m2e.core.internal.Bundles - getClasspathEntries(Bundle=com.google.guava_33.4.8.jre [31])
2025-11-29 21:41:06,877 [Worker-9: Launching Executing install in C__CurtainCall_CurtainCall] INFO  o.eclipse.m2e.core.internal.Bundles - 	Entry: C:\sts-4.32.2.RELEASE\plugins\com.google.guava_33.4.8.jre.jar
2025-11-29 21:41:06,877 [Worker-9: Launching Executing install in C__CurtainCall_CurtainCall] INFO  o.eclipse.m2e.core.internal.Bundles - getClasspathEntries(Bundle=slf4j.api_2.0.17 [612])
2025-11-29 21:41:06,878 [Worker-9: Launching Executing install in C__CurtainCall_CurtainCall] INFO  o.eclipse.m2e.core.internal.Bundles - 	Entry: C:\sts-4.32.2.RELEASE\plugins\slf4j.api_2.0.17.jar
2025-11-29 21:41:06,878 [Worker-9: Launching Executing install in C__CurtainCall_CurtainCall] INFO  o.eclipse.m2e.core.internal.Bundles - getClasspathEntries(Bundle=jakarta.inject.jakarta.inject-api_1.0.5 [46])
2025-11-29 21:41:06,878 [Worker-9: Launching Executing install in C__CurtainCall_CurtainCall] INFO  o.eclipse.m2e.core.internal.Bundles - 	Entry: C:\sts-4.32.2.RELEASE\plugins\jakarta.inject.jakarta.inject-api_1.0.5.jar
2025-11-29 21:41:06,878 [Worker-9: Launching Executing install in C__CurtainCall_CurtainCall] INFO  o.eclipse.m2e.core.internal.Bundles - getClasspathEntries(Bundle=jakarta.annotation-api_1.3.5 [43])
2025-11-29 21:41:06,878 [Worker-9: Launching Executing install in C__CurtainCall_CurtainCall] INFO  o.eclipse.m2e.core.internal.Bundles - 	Entry: C:\sts-4.32.2.RELEASE\plugins\jakarta.annotation-api_1.3.5.jar
2025-11-29 21:41:06,878 [Worker-9: Launching Executing install in C__CurtainCall_CurtainCall] INFO  o.eclipse.m2e.core.internal.Bundles - getClasspathEntries(Bundle=org.apache.commons.cli_1.10.0 [78])
2025-11-29 21:41:06,878 [Worker-9: Launching Executing install in C__CurtainCall_CurtainCall] INFO  o.eclipse.m2e.core.internal.Bundles - 	Entry: C:\sts-4.32.2.RELEASE\plugins\org.apache.commons.cli_1.10.0.jar
2025-11-29 21:41:06,879 [Worker-9: Launching Executing install in C__CurtainCall_CurtainCall] INFO  o.eclipse.m2e.core.internal.Bundles - getClasspathEntries(Bundle=org.apache.commons.commons-codec_1.19.0 [80])
2025-11-29 21:41:06,879 [Worker-9: Launching Executing install in C__CurtainCall_CurtainCall] INFO  o.eclipse.m2e.core.internal.Bundles - 	Entry: C:\sts-4.32.2.RELEASE\plugins\org.apache.commons.commons-codec_1.19.0.jar
2025-11-29 21:41:06,879 [Worker-9: Launching Executing install in C__CurtainCall_CurtainCall] INFO  o.eclipse.m2e.core.internal.Bundles - getClasspathEntries(Bundle=com.google.guava.failureaccess_1.0.3 [32])
2025-11-29 21:41:06,879 [Worker-9: Launching Executing install in C__CurtainCall_CurtainCall] INFO  o.eclipse.m2e.core.internal.Bundles - 	Entry: C:\sts-4.32.2.RELEASE\plugins\com.google.guava.failureaccess_1.0.3.jar
2025-11-29 21:41:06,884 [Worker-9: Launching Executing install in C__CurtainCall_CurtainCall] INFO  o.e.m.i.launch.MavenLaunchDelegate - Run build in "C:\CurtainCall\CurtainCall":
2025-11-29 21:41:06,884 [Worker-9: Launching Executing install in C__CurtainCall_CurtainCall] INFO  o.e.m.i.launch.MavenLaunchDelegate -  mvn  -B -Dstyle.color=always install
2025-11-29 21:42:10,253 [Worker-2: Building] INFO  o.a.m.s.f.DefaultMavenResourcesFiltering - Copying 1 resource from src\main\resources to target\classes
2025-11-29 21:42:10,264 [Worker-2: Building] INFO  o.a.m.s.f.DefaultMavenResourcesFiltering - Copying 4 resources from src\main\resources to target\classes
2025-11-29 21:42:10,267 [Worker-2: Building] INFO  o.a.m.s.f.DefaultMavenResourcesFiltering - skip non existing resourceDirectory C:\CurtainCall\CurtainCall\src\test\resources
2025-11-29 21:42:10,267 [Worker-2: Building] WARN  o.apache.maven.project.MavenProject - Direct modification of compileSourceRoots through clear() is deprecated and will not work in Maven 4.0.0. Please use the add/remove methods instead. If you're using a plugin that causes this warning, please upgrade to the latest version and report an issue if the warning persists. To disable these warnings, set -Dmaven.project.sourceRoots.warningsDisabled=true on the command line, in the .mvn/maven.config file, or in project POM properties.
2025-11-29 21:42:10,267 [Worker-2: Building] WARN  o.apache.maven.project.MavenProject - Direct modification of compileSourceRoots through add() is deprecated and will not work in Maven 4.0.0. Please use the add/remove methods instead. If you're using a plugin that causes this warning, please upgrade to the latest version and report an issue if the warning persists. To disable these warnings, set -Dmaven.project.sourceRoots.warningsDisabled=true on the command line, in the .mvn/maven.config file, or in project POM properties.
2025-11-29 21:42:10,268 [Worker-2: Building] WARN  o.apache.maven.project.MavenProject - Direct modification of testCompileSourceRoots through clear() is deprecated and will not work in Maven 4.0.0. Please use the add/remove methods instead. If you're using a plugin that causes this warning, please upgrade to the latest version and report an issue if the warning persists. To disable these warnings, set -Dmaven.project.sourceRoots.warningsDisabled=true on the command line, in the .mvn/maven.config file, or in project POM properties.
2025-11-29 21:42:10,268 [Worker-2: Building] WARN  o.apache.maven.project.MavenProject - Direct modification of testCompileSourceRoots through add() is deprecated and will not work in Maven 4.0.0. Please use the add/remove methods instead. If you're using a plugin that causes this warning, please upgrade to the latest version and report an issue if the warning persists. To disable these warnings, set -Dmaven.project.sourceRoots.warningsDisabled=true on the command line, in the .mvn/maven.config file, or in project POM properties.
2025-11-29 21:42:33,971 [Worker-16: Building] INFO  o.a.m.s.f.DefaultMavenResourcesFiltering - Copying 1 resource from src\main\resources to target\classes
2025-11-29 21:42:34,294 [Worker-16: Building] INFO  o.a.m.s.f.DefaultMavenResourcesFiltering - Copying 4 resources from src\main\resources to target\classes
2025-11-29 21:42:34,299 [Worker-16: Building] INFO  o.a.m.s.f.DefaultMavenResourcesFiltering - skip non existing resourceDirectory C:\CurtainCall\CurtainCall\src\test\resources
2025-11-29 21:42:34,299 [Worker-16: Building] WARN  o.apache.maven.project.MavenProject - Direct modification of compileSourceRoots through clear() is deprecated and will not work in Maven 4.0.0. Please use the add/remove methods instead. If you're using a plugin that causes this warning, please upgrade to the latest version and report an issue if the warning persists. To disable these warnings, set -Dmaven.project.sourceRoots.warningsDisabled=true on the command line, in the .mvn/maven.config file, or in project POM properties.
2025-11-29 21:42:34,300 [Worker-16: Building] WARN  o.apache.maven.project.MavenProject - Direct modification of compileSourceRoots through add() is deprecated and will not work in Maven 4.0.0. Please use the add/remove methods instead. If you're using a plugin that causes this warning, please upgrade to the latest version and report an issue if the warning persists. To disable these warnings, set -Dmaven.project.sourceRoots.warningsDisabled=true on the command line, in the .mvn/maven.config file, or in project POM properties.
2025-11-29 21:42:34,301 [Worker-16: Building] WARN  o.apache.maven.project.MavenProject - Direct modification of testCompileSourceRoots through clear() is deprecated and will not work in Maven 4.0.0. Please use the add/remove methods instead. If you're using a plugin that causes this warning, please upgrade to the latest version and report an issue if the warning persists. To disable these warnings, set -Dmaven.project.sourceRoots.warningsDisabled=true on the command line, in the .mvn/maven.config file, or in project POM properties.
2025-11-29 21:42:34,302 [Worker-16: Building] WARN  o.apache.maven.project.MavenProject - Direct modification of testCompileSourceRoots through add() is deprecated and will not work in Maven 4.0.0. Please use the add/remove methods instead. If you're using a plugin that causes this warning, please upgrade to the latest version and report an issue if the warning persists. To disable these warnings, set -Dmaven.project.sourceRoots.warningsDisabled=true on the command line, in the .mvn/maven.config file, or in project POM properties.
2025-11-29 21:42:50,747 [Worker-16: Building] INFO  o.a.m.s.f.DefaultMavenResourcesFiltering - Copying 1 resource from src\main\resources to target\classes
2025-11-29 21:42:50,755 [Worker-16: Building] INFO  o.a.m.s.f.DefaultMavenResourcesFiltering - Copying 4 resources from src\main\resources to target\classes
2025-11-29 21:42:50,759 [Worker-16: Building] INFO  o.a.m.s.f.DefaultMavenResourcesFiltering - skip non existing resourceDirectory C:\CurtainCall\CurtainCall\src\test\resources
2025-11-29 21:42:50,759 [Worker-16: Building] WARN  o.apache.maven.project.MavenProject - Direct modification of compileSourceRoots through clear() is deprecated and will not work in Maven 4.0.0. Please use the add/remove methods instead. If you're using a plugin that causes this warning, please upgrade to the latest version and report an issue if the warning persists. To disable these warnings, set -Dmaven.project.sourceRoots.warningsDisabled=true on the command line, in the .mvn/maven.config file, or in project POM properties.
2025-11-29 21:42:50,760 [Worker-16: Building] WARN  o.apache.maven.project.MavenProject - Direct modification of compileSourceRoots through add() is deprecated and will not work in Maven 4.0.0. Please use the add/remove methods instead. If you're using a plugin that causes this warning, please upgrade to the latest version and report an issue if the warning persists. To disable these warnings, set -Dmaven.project.sourceRoots.warningsDisabled=true on the command line, in the .mvn/maven.config file, or in project POM properties.
2025-11-29 21:42:50,760 [Worker-16: Building] WARN  o.apache.maven.project.MavenProject - Direct modification of testCompileSourceRoots through clear() is deprecated and will not work in Maven 4.0.0. Please use the add/remove methods instead. If you're using a plugin that causes this warning, please upgrade to the latest version and report an issue if the warning persists. To disable these warnings, set -Dmaven.project.sourceRoots.warningsDisabled=true on the command line, in the .mvn/maven.config file, or in project POM properties.
2025-11-29 21:42:50,761 [Worker-16: Building] WARN  o.apache.maven.project.MavenProject - Direct modification of testCompileSourceRoots through add() is deprecated and will not work in Maven 4.0.0. Please use the add/remove methods instead. If you're using a plugin that causes this warning, please upgrade to the latest version and report an issue if the warning persists. To disable these warnings, set -Dmaven.project.sourceRoots.warningsDisabled=true on the command line, in the .mvn/maven.config file, or in project POM properties.
2025-11-29 21:43:30,826 [Worker-11: Building] INFO  o.a.m.s.f.DefaultMavenResourcesFiltering - Copying 1 resource from src\main\resources to target\classes
2025-11-29 21:43:30,836 [Worker-11: Building] INFO  o.a.m.s.f.DefaultMavenResourcesFiltering - Copying 4 resources from src\main\resources to target\classes
2025-11-29 21:43:30,840 [Worker-11: Building] INFO  o.a.m.s.f.DefaultMavenResourcesFiltering - skip non existing resourceDirectory C:\CurtainCall\CurtainCall\src\test\resources
2025-11-29 21:43:30,841 [Worker-11: Building] WARN  o.apache.maven.project.MavenProject - Direct modification of compileSourceRoots through clear() is deprecated and will not work in Maven 4.0.0. Please use the add/remove methods instead. If you're using a plugin that causes this warning, please upgrade to the latest version and report an issue if the warning persists. To disable these warnings, set -Dmaven.project.sourceRoots.warningsDisabled=true on the command line, in the .mvn/maven.config file, or in project POM properties.
2025-11-29 21:43:30,842 [Worker-11: Building] WARN  o.apache.maven.project.MavenProject - Direct modification of compileSourceRoots through add() is deprecated and will not work in Maven 4.0.0. Please use the add/remove methods instead. If you're using a plugin that causes this warning, please upgrade to the latest version and report an issue if the warning persists. To disable these warnings, set -Dmaven.project.sourceRoots.warningsDisabled=true on the command line, in the .mvn/maven.config file, or in project POM properties.
2025-11-29 21:43:30,843 [Worker-11: Building] WARN  o.apache.maven.project.MavenProject - Direct modification of testCompileSourceRoots through clear() is deprecated and will not work in Maven 4.0.0. Please use the add/remove methods instead. If you're using a plugin that causes this warning, please upgrade to the latest version and report an issue if the warning persists. To disable these warnings, set -Dmaven.project.sourceRoots.warningsDisabled=true on the command line, in the .mvn/maven.config file, or in project POM properties.
2025-11-29 21:43:30,844 [Worker-11: Building] WARN  o.apache.maven.project.MavenProject - Direct modification of testCompileSourceRoots through add() is deprecated and will not work in Maven 4.0.0. Please use the add/remove methods instead. If you're using a plugin that causes this warning, please upgrade to the latest version and report an issue if the warning persists. To disable these warnings, set -Dmaven.project.sourceRoots.warningsDisabled=true on the command line, in the .mvn/maven.config file, or in project POM properties.
2025-11-29 22:12:12,903 [Worker-22: Building] INFO  o.a.m.s.f.DefaultMavenResourcesFiltering - Copying 1 resource from src\main\resources to target\classes
2025-11-29 22:12:12,914 [Worker-22: Building] INFO  o.a.m.s.f.DefaultMavenResourcesFiltering - Copying 4 resources from src\main\resources to target\classes
2025-11-29 22:12:12,919 [Worker-22: Building] INFO  o.a.m.s.f.DefaultMavenResourcesFiltering - skip non existing resourceDirectory C:\CurtainCall\CurtainCall\src\test\resources
2025-11-29 22:12:12,920 [Worker-22: Building] WARN  o.apache.maven.project.MavenProject - Direct modification of compileSourceRoots through clear() is deprecated and will not work in Maven 4.0.0. Please use the add/remove methods instead. If you're using a plugin that causes this warning, please upgrade to the latest version and report an issue if the warning persists. To disable these warnings, set -Dmaven.project.sourceRoots.warningsDisabled=true on the command line, in the .mvn/maven.config file, or in project POM properties.
2025-11-29 22:12:12,920 [Worker-22: Building] WARN  o.apache.maven.project.MavenProject - Direct modification of compileSourceRoots through add() is deprecated and will not work in Maven 4.0.0. Please use the add/remove methods instead. If you're using a plugin that causes this warning, please upgrade to the latest version and report an issue if the warning persists. To disable these warnings, set -Dmaven.project.sourceRoots.warningsDisabled=true on the command line, in the .mvn/maven.config file, or in project POM properties.
2025-11-29 22:12:12,921 [Worker-22: Building] WARN  o.apache.maven.project.MavenProject - Direct modification of testCompileSourceRoots through clear() is deprecated and will not work in Maven 4.0.0. Please use the add/remove methods instead. If you're using a plugin that causes this warning, please upgrade to the latest version and report an issue if the warning persists. To disable these warnings, set -Dmaven.project.sourceRoots.warningsDisabled=true on the command line, in the .mvn/maven.config file, or in project POM properties.
2025-11-29 22:12:12,922 [Worker-22: Building] WARN  o.apache.maven.project.MavenProject - Direct modification of testCompileSourceRoots through add() is deprecated and will not work in Maven 4.0.0. Please use the add/remove methods instead. If you're using a plugin that causes this warning, please upgrade to the latest version and report an issue if the warning persists. To disable these warnings, set -Dmaven.project.sourceRoots.warningsDisabled=true on the command line, in the .mvn/maven.config file, or in project POM properties.
2025-11-29 22:12:29,461 [Worker-26: Launching CurtainCall - CurtainCallApplication] INFO  o.a.m.s.f.DefaultMavenResourcesFiltering - Copying 1 resource from src\main\resources to target\classes
2025-11-29 22:12:29,488 [Worker-26: Launching CurtainCall - CurtainCallApplication] INFO  o.a.m.s.f.DefaultMavenResourcesFiltering - Copying 4 resources from src\main\resources to target\classes
2025-11-29 22:12:29,497 [Worker-26: Launching CurtainCall - CurtainCallApplication] INFO  o.a.m.s.f.DefaultMavenResourcesFiltering - skip non existing resourceDirectory C:\CurtainCall\CurtainCall\src\test\resources
2025-11-29 22:12:29,497 [Worker-26: Launching CurtainCall - CurtainCallApplication] WARN  o.apache.maven.project.MavenProject - Direct modification of compileSourceRoots through clear() is deprecated and will not work in Maven 4.0.0. Please use the add/remove methods instead. If you're using a plugin that causes this warning, please upgrade to the latest version and report an issue if the warning persists. To disable these warnings, set -Dmaven.project.sourceRoots.warningsDisabled=true on the command line, in the .mvn/maven.config file, or in project POM properties.
2025-11-29 22:12:29,498 [Worker-26: Launching CurtainCall - CurtainCallApplication] WARN  o.apache.maven.project.MavenProject - Direct modification of compileSourceRoots through add() is deprecated and will not work in Maven 4.0.0. Please use the add/remove methods instead. If you're using a plugin that causes this warning, please upgrade to the latest version and report an issue if the warning persists. To disable these warnings, set -Dmaven.project.sourceRoots.warningsDisabled=true on the command line, in the .mvn/maven.config file, or in project POM properties.
2025-11-29 22:12:29,499 [Worker-26: Launching CurtainCall - CurtainCallApplication] WARN  o.apache.maven.project.MavenProject - Direct modification of testCompileSourceRoots through clear() is deprecated and will not work in Maven 4.0.0. Please use the add/remove methods instead. If you're using a plugin that causes this warning, please upgrade to the latest version and report an issue if the warning persists. To disable these warnings, set -Dmaven.project.sourceRoots.warningsDisabled=true on the command line, in the .mvn/maven.config file, or in project POM properties.
2025-11-29 22:12:29,500 [Worker-26: Launching CurtainCall - CurtainCallApplication] WARN  o.apache.maven.project.MavenProject - Direct modification of testCompileSourceRoots through add() is deprecated and will not work in Maven 4.0.0. Please use the add/remove methods instead. If you're using a plugin that causes this warning, please upgrade to the latest version and report an issue if the warning persists. To disable these warnings, set -Dmaven.project.sourceRoots.warningsDisabled=true on the command line, in the .mvn/maven.config file, or in project POM properties.
2025-11-29 22:12:49,695 [Worker-12: Building] INFO  o.a.m.s.f.DefaultMavenResourcesFiltering - Copying 0 resource from src\main\resources to target\classes
2025-11-29 22:12:49,698 [Worker-12: Building] INFO  o.a.m.s.f.DefaultMavenResourcesFiltering - Copying 1 resource from src\main\resources to target\classes
2025-11-29 22:12:49,705 [Worker-12: Building] INFO  o.a.m.s.f.DefaultMavenResourcesFiltering - skip non existing resourceDirectory C:\CurtainCall\CurtainCall\src\test\resources
2025-11-29 22:12:49,705 [Worker-12: Building] WARN  o.apache.maven.project.MavenProject - Direct modification of compileSourceRoots through clear() is deprecated and will not work in Maven 4.0.0. Please use the add/remove methods instead. If you're using a plugin that causes this warning, please upgrade to the latest version and report an issue if the warning persists. To disable these warnings, set -Dmaven.project.sourceRoots.warningsDisabled=true on the command line, in the .mvn/maven.config file, or in project POM properties.
2025-11-29 22:12:49,705 [Worker-12: Building] WARN  o.apache.maven.project.MavenProject - Direct modification of compileSourceRoots through add() is deprecated and will not work in Maven 4.0.0. Please use the add/remove methods instead. If you're using a plugin that causes this warning, please upgrade to the latest version and report an issue if the warning persists. To disable these warnings, set -Dmaven.project.sourceRoots.warningsDisabled=true on the command line, in the .mvn/maven.config file, or in project POM properties.
2025-11-29 22:12:49,709 [Worker-12: Building] WARN  o.apache.maven.project.MavenProject - Direct modification of testCompileSourceRoots through clear() is deprecated and will not work in Maven 4.0.0. Please use the add/remove methods instead. If you're using a plugin that causes this warning, please upgrade to the latest version and report an issue if the warning persists. To disable these warnings, set -Dmaven.project.sourceRoots.warningsDisabled=true on the command line, in the .mvn/maven.config file, or in project POM properties.
2025-11-29 22:12:49,709 [Worker-12: Building] WARN  o.apache.maven.project.MavenProject - Direct modification of testCompileSourceRoots through add() is deprecated and will not work in Maven 4.0.0. Please use the add/remove methods instead. If you're using a plugin that causes this warning, please upgrade to the latest version and report an issue if the warning persists. To disable these warnings, set -Dmaven.project.sourceRoots.warningsDisabled=true on the command line, in the .mvn/maven.config file, or in project POM properties.
2025-11-29 22:12:57,814 [Worker-11: Launching CurtainCall - CurtainCallApplication] INFO  o.a.m.s.f.DefaultMavenResourcesFiltering - Copying 0 resource from src\main\resources to target\classes
2025-11-29 22:12:57,815 [Worker-11: Launching CurtainCall - CurtainCallApplication] INFO  o.a.m.s.f.DefaultMavenResourcesFiltering - Copying 1 resource from src\main\resources to target\classes
2025-11-29 22:12:57,820 [Worker-11: Launching CurtainCall - CurtainCallApplication] INFO  o.a.m.s.f.DefaultMavenResourcesFiltering - skip non existing resourceDirectory C:\CurtainCall\CurtainCall\src\test\resources
2025-11-29 22:12:57,820 [Worker-11: Launching CurtainCall - CurtainCallApplication] WARN  o.apache.maven.project.MavenProject - Direct modification of compileSourceRoots through clear() is deprecated and will not work in Maven 4.0.0. Please use the add/remove methods instead. If you're using a plugin that causes this warning, please upgrade to the latest version and report an issue if the warning persists. To disable these warnings, set -Dmaven.project.sourceRoots.warningsDisabled=true on the command line, in the .mvn/maven.config file, or in project POM properties.
2025-11-29 22:12:57,821 [Worker-11: Launching CurtainCall - CurtainCallApplication] WARN  o.apache.maven.project.MavenProject - Direct modification of compileSourceRoots through add() is deprecated and will not work in Maven 4.0.0. Please use the add/remove methods instead. If you're using a plugin that causes this warning, please upgrade to the latest version and report an issue if the warning persists. To disable these warnings, set -Dmaven.project.sourceRoots.warningsDisabled=true on the command line, in the .mvn/maven.config file, or in project POM properties.
2025-11-29 22:12:57,823 [Worker-11: Launching CurtainCall - CurtainCallApplication] WARN  o.apache.maven.project.MavenProject - Direct modification of testCompileSourceRoots through clear() is deprecated and will not work in Maven 4.0.0. Please use the add/remove methods instead. If you're using a plugin that causes this warning, please upgrade to the latest version and report an issue if the warning persists. To disable these warnings, set -Dmaven.project.sourceRoots.warningsDisabled=true on the command line, in the .mvn/maven.config file, or in project POM properties.
2025-11-29 22:12:57,823 [Worker-11: Launching CurtainCall - CurtainCallApplication] WARN  o.apache.maven.project.MavenProject - Direct modification of testCompileSourceRoots through add() is deprecated and will not work in Maven 4.0.0. Please use the add/remove methods instead. If you're using a plugin that causes this warning, please upgrade to the latest version and report an issue if the warning persists. To disable these warnings, set -Dmaven.project.sourceRoots.warningsDisabled=true on the command line, in the .mvn/maven.config file, or in project POM properties.
2025-11-29 22:14:33,816 [Worker-9: Building] INFO  o.a.m.s.f.DefaultMavenResourcesFiltering - Copying 1 resource from src\main\resources to target\classes
2025-11-29 22:14:33,822 [Worker-9: Building] INFO  o.a.m.s.f.DefaultMavenResourcesFiltering - Copying 4 resources from src\main\resources to target\classes
2025-11-29 22:14:33,827 [Worker-9: Building] INFO  o.a.m.s.f.DefaultMavenResourcesFiltering - skip non existing resourceDirectory C:\CurtainCall\CurtainCall\src\test\resources
2025-11-29 22:14:33,827 [Worker-9: Building] WARN  o.apache.maven.project.MavenProject - Direct modification of compileSourceRoots through clear() is deprecated and will not work in Maven 4.0.0. Please use the add/remove methods instead. If you're using a plugin that causes this warning, please upgrade to the latest version and report an issue if the warning persists. To disable these warnings, set -Dmaven.project.sourceRoots.warningsDisabled=true on the command line, in the .mvn/maven.config file, or in project POM properties.
2025-11-29 22:14:33,829 [Worker-9: Building] WARN  o.apache.maven.project.MavenProject - Direct modification of compileSourceRoots through add() is deprecated and will not work in Maven 4.0.0. Please use the add/remove methods instead. If you're using a plugin that causes this warning, please upgrade to the latest version and report an issue if the warning persists. To disable these warnings, set -Dmaven.project.sourceRoots.warningsDisabled=true on the command line, in the .mvn/maven.config file, or in project POM properties.
2025-11-29 22:14:33,830 [Worker-9: Building] WARN  o.apache.maven.project.MavenProject - Direct modification of testCompileSourceRoots through clear() is deprecated and will not work in Maven 4.0.0. Please use the add/remove methods instead. If you're using a plugin that causes this warning, please upgrade to the latest version and report an issue if the warning persists. To disable these warnings, set -Dmaven.project.sourceRoots.warningsDisabled=true on the command line, in the .mvn/maven.config file, or in project POM properties.
2025-11-29 22:14:33,831 [Worker-9: Building] WARN  o.apache.maven.project.MavenProject - Direct modification of testCompileSourceRoots through add() is deprecated and will not work in Maven 4.0.0. Please use the add/remove methods instead. If you're using a plugin that causes this warning, please upgrade to the latest version and report an issue if the warning persists. To disable these warnings, set -Dmaven.project.sourceRoots.warningsDisabled=true on the command line, in the .mvn/maven.config file, or in project POM properties.
2025-11-29 22:15:18,883 [Worker-3: Building] INFO  o.a.m.s.f.DefaultMavenResourcesFiltering - Copying 1 resource from src\main\resources to target\classes
2025-11-29 22:15:18,895 [Worker-3: Building] INFO  o.a.m.s.f.DefaultMavenResourcesFiltering - Copying 4 resources from src\main\resources to target\classes
2025-11-29 22:15:18,900 [Worker-3: Building] INFO  o.a.m.s.f.DefaultMavenResourcesFiltering - skip non existing resourceDirectory C:\CurtainCall\CurtainCall\src\test\resources
2025-11-29 22:15:18,900 [Worker-3: Building] WARN  o.apache.maven.project.MavenProject - Direct modification of compileSourceRoots through clear() is deprecated and will not work in Maven 4.0.0. Please use the add/remove methods instead. If you're using a plugin that causes this warning, please upgrade to the latest version and report an issue if the warning persists. To disable these warnings, set -Dmaven.project.sourceRoots.warningsDisabled=true on the command line, in the .mvn/maven.config file, or in project POM properties.
2025-11-29 22:15:18,901 [Worker-3: Building] WARN  o.apache.maven.project.MavenProject - Direct modification of compileSourceRoots through add() is deprecated and will not work in Maven 4.0.0. Please use the add/remove methods instead. If you're using a plugin that causes this warning, please upgrade to the latest version and report an issue if the warning persists. To disable these warnings, set -Dmaven.project.sourceRoots.warningsDisabled=true on the command line, in the .mvn/maven.config file, or in project POM properties.
2025-11-29 22:15:18,902 [Worker-3: Building] WARN  o.apache.maven.project.MavenProject - Direct modification of testCompileSourceRoots through clear() is deprecated and will not work in Maven 4.0.0. Please use the add/remove methods instead. If you're using a plugin that causes this warning, please upgrade to the latest version and report an issue if the warning persists. To disable these warnings, set -Dmaven.project.sourceRoots.warningsDisabled=true on the command line, in the .mvn/maven.config file, or in project POM properties.
2025-11-29 22:15:18,903 [Worker-3: Building] WARN  o.apache.maven.project.MavenProject - Direct modification of testCompileSourceRoots through add() is deprecated and will not work in Maven 4.0.0. Please use the add/remove methods instead. If you're using a plugin that causes this warning, please upgrade to the latest version and report an issue if the warning persists. To disable these warnings, set -Dmaven.project.sourceRoots.warningsDisabled=true on the command line, in the .mvn/maven.config file, or in project POM properties.
2025-11-29 22:16:40,663 [Worker-19: Launching CurtainCall - CurtainCallApplication] INFO  o.a.m.s.f.DefaultMavenResourcesFiltering - Copying 1 resource from src\main\resources to target\classes
2025-11-29 22:16:40,671 [Worker-19: Launching CurtainCall - CurtainCallApplication] INFO  o.a.m.s.f.DefaultMavenResourcesFiltering - Copying 4 resources from src\main\resources to target\classes
2025-11-29 22:16:40,679 [Worker-19: Launching CurtainCall - CurtainCallApplication] INFO  o.a.m.s.f.DefaultMavenResourcesFiltering - skip non existing resourceDirectory C:\CurtainCall\CurtainCall\src\test\resources
2025-11-29 22:16:40,680 [Worker-19: Launching CurtainCall - CurtainCallApplication] WARN  o.apache.maven.project.MavenProject - Direct modification of compileSourceRoots through clear() is deprecated and will not work in Maven 4.0.0. Please use the add/remove methods instead. If you're using a plugin that causes this warning, please upgrade to the latest version and report an issue if the warning persists. To disable these warnings, set -Dmaven.project.sourceRoots.warningsDisabled=true on the command line, in the .mvn/maven.config file, or in project POM properties.
2025-11-29 22:16:40,681 [Worker-19: Launching CurtainCall - CurtainCallApplication] WARN  o.apache.maven.project.MavenProject - Direct modification of compileSourceRoots through add() is deprecated and will not work in Maven 4.0.0. Please use the add/remove methods instead. If you're using a plugin that causes this warning, please upgrade to the latest version and report an issue if the warning persists. To disable these warnings, set -Dmaven.project.sourceRoots.warningsDisabled=true on the command line, in the .mvn/maven.config file, or in project POM properties.
2025-11-29 22:16:40,682 [Worker-19: Launching CurtainCall - CurtainCallApplication] WARN  o.apache.maven.project.MavenProject - Direct modification of testCompileSourceRoots through clear() is deprecated and will not work in Maven 4.0.0. Please use the add/remove methods instead. If you're using a plugin that causes this warning, please upgrade to the latest version and report an issue if the warning persists. To disable these warnings, set -Dmaven.project.sourceRoots.warningsDisabled=true on the command line, in the .mvn/maven.config file, or in project POM properties.
2025-11-29 22:16:40,683 [Worker-19: Launching CurtainCall - CurtainCallApplication] WARN  o.apache.maven.project.MavenProject - Direct modification of testCompileSourceRoots through add() is deprecated and will not work in Maven 4.0.0. Please use the add/remove methods instead. If you're using a plugin that causes this warning, please upgrade to the latest version and report an issue if the warning persists. To disable these warnings, set -Dmaven.project.sourceRoots.warningsDisabled=true on the command line, in the .mvn/maven.config file, or in project POM properties.
2025-11-29 22:21:28,588 [Worker-11: Building] INFO  o.a.m.s.f.DefaultMavenResourcesFiltering - Copying 1 resource from src\main\resources to target\classes
2025-11-29 22:21:28,596 [Worker-11: Building] INFO  o.a.m.s.f.DefaultMavenResourcesFiltering - Copying 4 resources from src\main\resources to target\classes
2025-11-29 22:21:28,599 [Worker-11: Building] INFO  o.a.m.s.f.DefaultMavenResourcesFiltering - skip non existing resourceDirectory C:\CurtainCall\CurtainCall\src\test\resources
2025-11-29 22:21:28,600 [Worker-11: Building] WARN  o.apache.maven.project.MavenProject - Direct modification of compileSourceRoots through clear() is deprecated and will not work in Maven 4.0.0. Please use the add/remove methods instead. If you're using a plugin that causes this warning, please upgrade to the latest version and report an issue if the warning persists. To disable these warnings, set -Dmaven.project.sourceRoots.warningsDisabled=true on the command line, in the .mvn/maven.config file, or in project POM properties.
2025-11-29 22:21:28,600 [Worker-11: Building] WARN  o.apache.maven.project.MavenProject - Direct modification of compileSourceRoots through add() is deprecated and will not work in Maven 4.0.0. Please use the add/remove methods instead. If you're using a plugin that causes this warning, please upgrade to the latest version and report an issue if the warning persists. To disable these warnings, set -Dmaven.project.sourceRoots.warningsDisabled=true on the command line, in the .mvn/maven.config file, or in project POM properties.
2025-11-29 22:21:28,601 [Worker-11: Building] WARN  o.apache.maven.project.MavenProject - Direct modification of testCompileSourceRoots through clear() is deprecated and will not work in Maven 4.0.0. Please use the add/remove methods instead. If you're using a plugin that causes this warning, please upgrade to the latest version and report an issue if the warning persists. To disable these warnings, set -Dmaven.project.sourceRoots.warningsDisabled=true on the command line, in the .mvn/maven.config file, or in project POM properties.
2025-11-29 22:21:28,601 [Worker-11: Building] WARN  o.apache.maven.project.MavenProject - Direct modification of testCompileSourceRoots through add() is deprecated and will not work in Maven 4.0.0. Please use the add/remove methods instead. If you're using a plugin that causes this warning, please upgrade to the latest version and report an issue if the warning persists. To disable these warnings, set -Dmaven.project.sourceRoots.warningsDisabled=true on the command line, in the .mvn/maven.config file, or in project POM properties.
2025-11-29 22:23:10,898 [Worker-16: Building] INFO  o.a.m.s.f.DefaultMavenResourcesFiltering - Copying 1 resource from src\main\resources to target\classes
2025-11-29 22:23:10,907 [Worker-16: Building] INFO  o.a.m.s.f.DefaultMavenResourcesFiltering - Copying 4 resources from src\main\resources to target\classes
2025-11-29 22:23:10,912 [Worker-16: Building] INFO  o.a.m.s.f.DefaultMavenResourcesFiltering - skip non existing resourceDirectory C:\CurtainCall\CurtainCall\src\test\resources
2025-11-29 22:23:10,913 [Worker-16: Building] WARN  o.apache.maven.project.MavenProject - Direct modification of compileSourceRoots through clear() is deprecated and will not work in Maven 4.0.0. Please use the add/remove methods instead. If you're using a plugin that causes this warning, please upgrade to the latest version and report an issue if the warning persists. To disable these warnings, set -Dmaven.project.sourceRoots.warningsDisabled=true on the command line, in the .mvn/maven.config file, or in project POM properties.
2025-11-29 22:23:10,914 [Worker-16: Building] WARN  o.apache.maven.project.MavenProject - Direct modification of compileSourceRoots through add() is deprecated and will not work in Maven 4.0.0. Please use the add/remove methods instead. If you're using a plugin that causes this warning, please upgrade to the latest version and report an issue if the warning persists. To disable these warnings, set -Dmaven.project.sourceRoots.warningsDisabled=true on the command line, in the .mvn/maven.config file, or in project POM properties.
2025-11-29 22:23:10,915 [Worker-16: Building] WARN  o.apache.maven.project.MavenProject - Direct modification of testCompileSourceRoots through clear() is deprecated and will not work in Maven 4.0.0. Please use the add/remove methods instead. If you're using a plugin that causes this warning, please upgrade to the latest version and report an issue if the warning persists. To disable these warnings, set -Dmaven.project.sourceRoots.warningsDisabled=true on the command line, in the .mvn/maven.config file, or in project POM properties.
2025-11-29 22:23:10,915 [Worker-16: Building] WARN  o.apache.maven.project.MavenProject - Direct modification of testCompileSourceRoots through add() is deprecated and will not work in Maven 4.0.0. Please use the add/remove methods instead. If you're using a plugin that causes this warning, please upgrade to the latest version and report an issue if the warning persists. To disable these warnings, set -Dmaven.project.sourceRoots.warningsDisabled=true on the command line, in the .mvn/maven.config file, or in project POM properties.
2025-11-29 22:24:22,757 [Worker-3: Building] INFO  o.a.m.s.f.DefaultMavenResourcesFiltering - Copying 1 resource from src\main\resources to target\classes
2025-11-29 22:24:22,763 [Worker-3: Building] INFO  o.a.m.s.f.DefaultMavenResourcesFiltering - Copying 4 resources from src\main\resources to target\classes
2025-11-29 22:24:22,767 [Worker-3: Building] INFO  o.a.m.s.f.DefaultMavenResourcesFiltering - skip non existing resourceDirectory C:\CurtainCall\CurtainCall\src\test\resources
2025-11-29 22:24:22,769 [Worker-3: Building] WARN  o.apache.maven.project.MavenProject - Direct modification of compileSourceRoots through clear() is deprecated and will not work in Maven 4.0.0. Please use the add/remove methods instead. If you're using a plugin that causes this warning, please upgrade to the latest version and report an issue if the warning persists. To disable these warnings, set -Dmaven.project.sourceRoots.warningsDisabled=true on the command line, in the .mvn/maven.config file, or in project POM properties.
2025-11-29 22:24:22,770 [Worker-3: Building] WARN  o.apache.maven.project.MavenProject - Direct modification of compileSourceRoots through add() is deprecated and will not work in Maven 4.0.0. Please use the add/remove methods instead. If you're using a plugin that causes this warning, please upgrade to the latest version and report an issue if the warning persists. To disable these warnings, set -Dmaven.project.sourceRoots.warningsDisabled=true on the command line, in the .mvn/maven.config file, or in project POM properties.
2025-11-29 22:24:22,771 [Worker-3: Building] WARN  o.apache.maven.project.MavenProject - Direct modification of testCompileSourceRoots through clear() is deprecated and will not work in Maven 4.0.0. Please use the add/remove methods instead. If you're using a plugin that causes this warning, please upgrade to the latest version and report an issue if the warning persists. To disable these warnings, set -Dmaven.project.sourceRoots.warningsDisabled=true on the command line, in the .mvn/maven.config file, or in project POM properties.
2025-11-29 22:24:22,772 [Worker-3: Building] WARN  o.apache.maven.project.MavenProject - Direct modification of testCompileSourceRoots through add() is deprecated and will not work in Maven 4.0.0. Please use the add/remove methods instead. If you're using a plugin that causes this warning, please upgrade to the latest version and report an issue if the warning persists. To disable these warnings, set -Dmaven.project.sourceRoots.warningsDisabled=true on the command line, in the .mvn/maven.config file, or in project POM properties.
2025-11-29 22:25:17,199 [Worker-22: Building] INFO  o.a.m.s.f.DefaultMavenResourcesFiltering - Copying 1 resource from src\main\resources to target\classes
2025-11-29 22:25:17,208 [Worker-22: Building] INFO  o.a.m.s.f.DefaultMavenResourcesFiltering - Copying 4 resources from src\main\resources to target\classes
2025-11-29 22:25:17,218 [Worker-22: Building] INFO  o.a.m.s.f.DefaultMavenResourcesFiltering - skip non existing resourceDirectory C:\CurtainCall\CurtainCall\src\test\resources
2025-11-29 22:25:17,219 [Worker-22: Building] WARN  o.apache.maven.project.MavenProject - Direct modification of compileSourceRoots through clear() is deprecated and will not work in Maven 4.0.0. Please use the add/remove methods instead. If you're using a plugin that causes this warning, please upgrade to the latest version and report an issue if the warning persists. To disable these warnings, set -Dmaven.project.sourceRoots.warningsDisabled=true on the command line, in the .mvn/maven.config file, or in project POM properties.
2025-11-29 22:25:17,221 [Worker-22: Building] WARN  o.apache.maven.project.MavenProject - Direct modification of compileSourceRoots through add() is deprecated and will not work in Maven 4.0.0. Please use the add/remove methods instead. If you're using a plugin that causes this warning, please upgrade to the latest version and report an issue if the warning persists. To disable these warnings, set -Dmaven.project.sourceRoots.warningsDisabled=true on the command line, in the .mvn/maven.config file, or in project POM properties.
2025-11-29 22:25:17,222 [Worker-22: Building] WARN  o.apache.maven.project.MavenProject - Direct modification of testCompileSourceRoots through clear() is deprecated and will not work in Maven 4.0.0. Please use the add/remove methods instead. If you're using a plugin that causes this warning, please upgrade to the latest version and report an issue if the warning persists. To disable these warnings, set -Dmaven.project.sourceRoots.warningsDisabled=true on the command line, in the .mvn/maven.config file, or in project POM properties.
2025-11-29 22:25:17,223 [Worker-22: Building] WARN  o.apache.maven.project.MavenProject - Direct modification of testCompileSourceRoots through add() is deprecated and will not work in Maven 4.0.0. Please use the add/remove methods instead. If you're using a plugin that causes this warning, please upgrade to the latest version and report an issue if the warning persists. To disable these warnings, set -Dmaven.project.sourceRoots.warningsDisabled=true on the command line, in the .mvn/maven.config file, or in project POM properties.
2025-11-29 22:28:56,250 [Worker-3: Building] INFO  o.a.m.s.f.DefaultMavenResourcesFiltering - Copying 1 resource from src\main\resources to target\classes
2025-11-29 22:28:56,262 [Worker-3: Building] INFO  o.a.m.s.f.DefaultMavenResourcesFiltering - Copying 4 resources from src\main\resources to target\classes
2025-11-29 22:28:56,267 [Worker-3: Building] INFO  o.a.m.s.f.DefaultMavenResourcesFiltering - skip non existing resourceDirectory C:\CurtainCall\CurtainCall\src\test\resources
2025-11-29 22:28:56,267 [Worker-3: Building] WARN  o.apache.maven.project.MavenProject - Direct modification of compileSourceRoots through clear() is deprecated and will not work in Maven 4.0.0. Please use the add/remove methods instead. If you're using a plugin that causes this warning, please upgrade to the latest version and report an issue if the warning persists. To disable these warnings, set -Dmaven.project.sourceRoots.warningsDisabled=true on the command line, in the .mvn/maven.config file, or in project POM properties.
2025-11-29 22:28:56,269 [Worker-3: Building] WARN  o.apache.maven.project.MavenProject - Direct modification of compileSourceRoots through add() is deprecated and will not work in Maven 4.0.0. Please use the add/remove methods instead. If you're using a plugin that causes this warning, please upgrade to the latest version and report an issue if the warning persists. To disable these warnings, set -Dmaven.project.sourceRoots.warningsDisabled=true on the command line, in the .mvn/maven.config file, or in project POM properties.
2025-11-29 22:28:56,269 [Worker-3: Building] WARN  o.apache.maven.project.MavenProject - Direct modification of testCompileSourceRoots through clear() is deprecated and will not work in Maven 4.0.0. Please use the add/remove methods instead. If you're using a plugin that causes this warning, please upgrade to the latest version and report an issue if the warning persists. To disable these warnings, set -Dmaven.project.sourceRoots.warningsDisabled=true on the command line, in the .mvn/maven.config file, or in project POM properties.
2025-11-29 22:28:56,270 [Worker-3: Building] WARN  o.apache.maven.project.MavenProject - Direct modification of testCompileSourceRoots through add() is deprecated and will not work in Maven 4.0.0. Please use the add/remove methods instead. If you're using a plugin that causes this warning, please upgrade to the latest version and report an issue if the warning persists. To disable these warnings, set -Dmaven.project.sourceRoots.warningsDisabled=true on the command line, in the .mvn/maven.config file, or in project POM properties.
2025-11-30 11:56:16,716 [Worker-6: Loading available Gradle versions] INFO  o.e.b.c.i.u.g.PublishedGradleVersions - Gradle version information cache is up-to-date. Trying to read.
2025-11-30 14:40:34,423 [Worker-2: Loading available Gradle versions] INFO  o.e.b.c.i.u.g.PublishedGradleVersions - Gradle version information cache is up-to-date. Trying to read.
2025-11-30 14:40:48,930 [Worker-10: Building] INFO  o.a.m.s.f.DefaultMavenResourcesFiltering - Copying 1 resource from src\main\resources to target\classes
2025-11-30 14:40:48,989 [Worker-10: Building] INFO  o.a.m.s.f.DefaultMavenResourcesFiltering - Copying 4 resources from src\main\resources to target\classes
2025-11-30 14:40:49,017 [Worker-10: Building] INFO  o.a.m.s.f.DefaultMavenResourcesFiltering - skip non existing resourceDirectory C:\CurtainCall\CurtainCall\src\test\resources
2025-11-30 14:40:51,831 [Worker-10: Building] WARN  o.apache.maven.project.MavenProject - Direct modification of compileSourceRoots through clear() is deprecated and will not work in Maven 4.0.0. Please use the add/remove methods instead. If you're using a plugin that causes this warning, please upgrade to the latest version and report an issue if the warning persists. To disable these warnings, set -Dmaven.project.sourceRoots.warningsDisabled=true on the command line, in the .mvn/maven.config file, or in project POM properties.
2025-11-30 14:40:51,832 [Worker-10: Building] WARN  o.apache.maven.project.MavenProject - Direct modification of compileSourceRoots through add() is deprecated and will not work in Maven 4.0.0. Please use the add/remove methods instead. If you're using a plugin that causes this warning, please upgrade to the latest version and report an issue if the warning persists. To disable these warnings, set -Dmaven.project.sourceRoots.warningsDisabled=true on the command line, in the .mvn/maven.config file, or in project POM properties.
2025-11-30 14:40:51,833 [Worker-10: Building] WARN  o.apache.maven.project.MavenProject - Direct modification of testCompileSourceRoots through clear() is deprecated and will not work in Maven 4.0.0. Please use the add/remove methods instead. If you're using a plugin that causes this warning, please upgrade to the latest version and report an issue if the warning persists. To disable these warnings, set -Dmaven.project.sourceRoots.warningsDisabled=true on the command line, in the .mvn/maven.config file, or in project POM properties.
2025-11-30 14:40:51,834 [Worker-10: Building] WARN  o.apache.maven.project.MavenProject - Direct modification of testCompileSourceRoots through add() is deprecated and will not work in Maven 4.0.0. Please use the add/remove methods instead. If you're using a plugin that causes this warning, please upgrade to the latest version and report an issue if the warning persists. To disable these warnings, set -Dmaven.project.sourceRoots.warningsDisabled=true on the command line, in the .mvn/maven.config file, or in project POM properties.
2025-11-30 14:40:53,297 [Worker-1: Building] INFO  o.a.m.s.f.DefaultMavenResourcesFiltering - Copying 1 resource from src\main\resources to target\classes
2025-11-30 14:40:53,300 [Worker-1: Building] INFO  o.a.m.s.f.DefaultMavenResourcesFiltering - Copying 4 resources from src\main\resources to target\classes
2025-11-30 14:40:53,312 [Worker-1: Building] INFO  o.a.m.s.f.DefaultMavenResourcesFiltering - skip non existing resourceDirectory C:\CurtainCall\CurtainCall\src\test\resources
2025-11-30 14:40:53,343 [Worker-1: Building] WARN  o.apache.maven.project.MavenProject - Direct modification of compileSourceRoots through clear() is deprecated and will not work in Maven 4.0.0. Please use the add/remove methods instead. If you're using a plugin that causes this warning, please upgrade to the latest version and report an issue if the warning persists. To disable these warnings, set -Dmaven.project.sourceRoots.warningsDisabled=true on the command line, in the .mvn/maven.config file, or in project POM properties.
2025-11-30 14:40:53,345 [Worker-1: Building] WARN  o.apache.maven.project.MavenProject - Direct modification of compileSourceRoots through add() is deprecated and will not work in Maven 4.0.0. Please use the add/remove methods instead. If you're using a plugin that causes this warning, please upgrade to the latest version and report an issue if the warning persists. To disable these warnings, set -Dmaven.project.sourceRoots.warningsDisabled=true on the command line, in the .mvn/maven.config file, or in project POM properties.
2025-11-30 14:40:53,347 [Worker-1: Building] WARN  o.apache.maven.project.MavenProject - Direct modification of testCompileSourceRoots through clear() is deprecated and will not work in Maven 4.0.0. Please use the add/remove methods instead. If you're using a plugin that causes this warning, please upgrade to the latest version and report an issue if the warning persists. To disable these warnings, set -Dmaven.project.sourceRoots.warningsDisabled=true on the command line, in the .mvn/maven.config file, or in project POM properties.
2025-11-30 14:40:53,349 [Worker-1: Building] WARN  o.apache.maven.project.MavenProject - Direct modification of testCompileSourceRoots through add() is deprecated and will not work in Maven 4.0.0. Please use the add/remove methods instead. If you're using a plugin that causes this warning, please upgrade to the latest version and report an issue if the warning persists. To disable these warnings, set -Dmaven.project.sourceRoots.warningsDisabled=true on the command line, in the .mvn/maven.config file, or in project POM properties.
2025-11-30 15:21:07,303 [Worker-6: Loading available Gradle versions] INFO  o.e.b.c.i.u.g.PublishedGradleVersions - Gradle version information cache is up-to-date. Trying to read.
2025-11-30 15:22:33,952 [Worker-6: Building] INFO  o.a.m.s.f.DefaultMavenResourcesFiltering - Copying 1 resource from src\main\resources to target\classes
2025-11-30 15:22:33,975 [Worker-6: Building] INFO  o.a.m.s.f.DefaultMavenResourcesFiltering - Copying 4 resources from src\main\resources to target\classes
2025-11-30 15:22:33,982 [Worker-6: Building] INFO  o.a.m.s.f.DefaultMavenResourcesFiltering - skip non existing resourceDirectory C:\CurtainCall\CurtainCall\src\test\resources
2025-11-30 15:22:34,707 [Worker-6: Building] WARN  o.apache.maven.project.MavenProject - Direct modification of compileSourceRoots through clear() is deprecated and will not work in Maven 4.0.0. Please use the add/remove methods instead. If you're using a plugin that causes this warning, please upgrade to the latest version and report an issue if the warning persists. To disable these warnings, set -Dmaven.project.sourceRoots.warningsDisabled=true on the command line, in the .mvn/maven.config file, or in project POM properties.
2025-11-30 15:22:34,710 [Worker-6: Building] WARN  o.apache.maven.project.MavenProject - Direct modification of compileSourceRoots through add() is deprecated and will not work in Maven 4.0.0. Please use the add/remove methods instead. If you're using a plugin that causes this warning, please upgrade to the latest version and report an issue if the warning persists. To disable these warnings, set -Dmaven.project.sourceRoots.warningsDisabled=true on the command line, in the .mvn/maven.config file, or in project POM properties.
2025-11-30 15:22:34,711 [Worker-6: Building] WARN  o.apache.maven.project.MavenProject - Direct modification of testCompileSourceRoots through clear() is deprecated and will not work in Maven 4.0.0. Please use the add/remove methods instead. If you're using a plugin that causes this warning, please upgrade to the latest version and report an issue if the warning persists. To disable these warnings, set -Dmaven.project.sourceRoots.warningsDisabled=true on the command line, in the .mvn/maven.config file, or in project POM properties.
2025-11-30 15:22:34,713 [Worker-6: Building] WARN  o.apache.maven.project.MavenProject - Direct modification of testCompileSourceRoots through add() is deprecated and will not work in Maven 4.0.0. Please use the add/remove methods instead. If you're using a plugin that causes this warning, please upgrade to the latest version and report an issue if the warning persists. To disable these warnings, set -Dmaven.project.sourceRoots.warningsDisabled=true on the command line, in the .mvn/maven.config file, or in project POM properties.
2025-11-30 15:23:43,843 [Worker-21: Building] INFO  o.a.m.s.f.DefaultMavenResourcesFiltering - Copying 1 resource from src\main\resources to target\classes
2025-11-30 15:23:43,851 [Worker-21: Building] INFO  o.a.m.s.f.DefaultMavenResourcesFiltering - Copying 4 resources from src\main\resources to target\classes
2025-11-30 15:23:43,857 [Worker-21: Building] INFO  o.a.m.s.f.DefaultMavenResourcesFiltering - skip non existing resourceDirectory C:\CurtainCall\CurtainCall\src\test\resources
2025-11-30 15:23:43,857 [Worker-21: Building] WARN  o.apache.maven.project.MavenProject - Direct modification of compileSourceRoots through clear() is deprecated and will not work in Maven 4.0.0. Please use the add/remove methods instead. If you're using a plugin that causes this warning, please upgrade to the latest version and report an issue if the warning persists. To disable these warnings, set -Dmaven.project.sourceRoots.warningsDisabled=true on the command line, in the .mvn/maven.config file, or in project POM properties.
2025-11-30 15:23:43,859 [Worker-21: Building] WARN  o.apache.maven.project.MavenProject - Direct modification of compileSourceRoots through add() is deprecated and will not work in Maven 4.0.0. Please use the add/remove methods instead. If you're using a plugin that causes this warning, please upgrade to the latest version and report an issue if the warning persists. To disable these warnings, set -Dmaven.project.sourceRoots.warningsDisabled=true on the command line, in the .mvn/maven.config file, or in project POM properties.
2025-11-30 15:23:43,860 [Worker-21: Building] WARN  o.apache.maven.project.MavenProject - Direct modification of testCompileSourceRoots through clear() is deprecated and will not work in Maven 4.0.0. Please use the add/remove methods instead. If you're using a plugin that causes this warning, please upgrade to the latest version and report an issue if the warning persists. To disable these warnings, set -Dmaven.project.sourceRoots.warningsDisabled=true on the command line, in the .mvn/maven.config file, or in project POM properties.
2025-11-30 15:23:43,863 [Worker-21: Building] WARN  o.apache.maven.project.MavenProject - Direct modification of testCompileSourceRoots through add() is deprecated and will not work in Maven 4.0.0. Please use the add/remove methods instead. If you're using a plugin that causes this warning, please upgrade to the latest version and report an issue if the warning persists. To disable these warnings, set -Dmaven.project.sourceRoots.warningsDisabled=true on the command line, in the .mvn/maven.config file, or in project POM properties.
2025-11-30 15:26:07,798 [Worker-19: Building] INFO  o.a.m.s.f.DefaultMavenResourcesFiltering - Copying 1 resource from src\main\resources to target\classes
2025-11-30 15:26:07,811 [Worker-19: Building] INFO  o.a.m.s.f.DefaultMavenResourcesFiltering - Copying 4 resources from src\main\resources to target\classes
2025-11-30 15:26:07,818 [Worker-19: Building] INFO  o.a.m.s.f.DefaultMavenResourcesFiltering - skip non existing resourceDirectory C:\CurtainCall\CurtainCall\src\test\resources
2025-11-30 15:26:07,818 [Worker-19: Building] WARN  o.apache.maven.project.MavenProject - Direct modification of compileSourceRoots through clear() is deprecated and will not work in Maven 4.0.0. Please use the add/remove methods instead. If you're using a plugin that causes this warning, please upgrade to the latest version and report an issue if the warning persists. To disable these warnings, set -Dmaven.project.sourceRoots.warningsDisabled=true on the command line, in the .mvn/maven.config file, or in project POM properties.
2025-11-30 15:26:07,820 [Worker-19: Building] WARN  o.apache.maven.project.MavenProject - Direct modification of compileSourceRoots through add() is deprecated and will not work in Maven 4.0.0. Please use the add/remove methods instead. If you're using a plugin that causes this warning, please upgrade to the latest version and report an issue if the warning persists. To disable these warnings, set -Dmaven.project.sourceRoots.warningsDisabled=true on the command line, in the .mvn/maven.config file, or in project POM properties.
2025-11-30 15:26:07,822 [Worker-19: Building] WARN  o.apache.maven.project.MavenProject - Direct modification of testCompileSourceRoots through clear() is deprecated and will not work in Maven 4.0.0. Please use the add/remove methods instead. If you're using a plugin that causes this warning, please upgrade to the latest version and report an issue if the warning persists. To disable these warnings, set -Dmaven.project.sourceRoots.warningsDisabled=true on the command line, in the .mvn/maven.config file, or in project POM properties.
2025-11-30 15:26:07,825 [Worker-19: Building] WARN  o.apache.maven.project.MavenProject - Direct modification of testCompileSourceRoots through add() is deprecated and will not work in Maven 4.0.0. Please use the add/remove methods instead. If you're using a plugin that causes this warning, please upgrade to the latest version and report an issue if the warning persists. To disable these warnings, set -Dmaven.project.sourceRoots.warningsDisabled=true on the command line, in the .mvn/maven.config file, or in project POM properties.
2025-11-30 15:26:29,874 [Worker-3: Building] INFO  o.a.m.s.f.DefaultMavenResourcesFiltering - Copying 1 resource from src\main\resources to target\classes
2025-11-30 15:26:29,882 [Worker-3: Building] INFO  o.a.m.s.f.DefaultMavenResourcesFiltering - Copying 4 resources from src\main\resources to target\classes
2025-11-30 15:26:29,889 [Worker-3: Building] INFO  o.a.m.s.f.DefaultMavenResourcesFiltering - skip non existing resourceDirectory C:\CurtainCall\CurtainCall\src\test\resources
2025-11-30 15:26:29,889 [Worker-3: Building] WARN  o.apache.maven.project.MavenProject - Direct modification of compileSourceRoots through clear() is deprecated and will not work in Maven 4.0.0. Please use the add/remove methods instead. If you're using a plugin that causes this warning, please upgrade to the latest version and report an issue if the warning persists. To disable these warnings, set -Dmaven.project.sourceRoots.warningsDisabled=true on the command line, in the .mvn/maven.config file, or in project POM properties.
2025-11-30 15:26:29,892 [Worker-3: Building] WARN  o.apache.maven.project.MavenProject - Direct modification of compileSourceRoots through add() is deprecated and will not work in Maven 4.0.0. Please use the add/remove methods instead. If you're using a plugin that causes this warning, please upgrade to the latest version and report an issue if the warning persists. To disable these warnings, set -Dmaven.project.sourceRoots.warningsDisabled=true on the command line, in the .mvn/maven.config file, or in project POM properties.
2025-11-30 15:26:29,895 [Worker-3: Building] WARN  o.apache.maven.project.MavenProject - Direct modification of testCompileSourceRoots through clear() is deprecated and will not work in Maven 4.0.0. Please use the add/remove methods instead. If you're using a plugin that causes this warning, please upgrade to the latest version and report an issue if the warning persists. To disable these warnings, set -Dmaven.project.sourceRoots.warningsDisabled=true on the command line, in the .mvn/maven.config file, or in project POM properties.
2025-11-30 15:26:29,897 [Worker-3: Building] WARN  o.apache.maven.project.MavenProject - Direct modification of testCompileSourceRoots through add() is deprecated and will not work in Maven 4.0.0. Please use the add/remove methods instead. If you're using a plugin that causes this warning, please upgrade to the latest version and report an issue if the warning persists. To disable these warnings, set -Dmaven.project.sourceRoots.warningsDisabled=true on the command line, in the .mvn/maven.config file, or in project POM properties.
2025-11-30 15:29:28,311 [Worker-19: Building] INFO  o.a.m.s.f.DefaultMavenResourcesFiltering - Copying 1 resource from src\main\resources to target\classes
2025-11-30 15:29:28,328 [Worker-19: Building] INFO  o.a.m.s.f.DefaultMavenResourcesFiltering - Copying 4 resources from src\main\resources to target\classes
2025-11-30 15:29:28,344 [Worker-19: Building] INFO  o.a.m.s.f.DefaultMavenResourcesFiltering - skip non existing resourceDirectory C:\CurtainCall\CurtainCall\src\test\resources
2025-11-30 15:29:28,346 [Worker-19: Building] WARN  o.apache.maven.project.MavenProject - Direct modification of compileSourceRoots through clear() is deprecated and will not work in Maven 4.0.0. Please use the add/remove methods instead. If you're using a plugin that causes this warning, please upgrade to the latest version and report an issue if the warning persists. To disable these warnings, set -Dmaven.project.sourceRoots.warningsDisabled=true on the command line, in the .mvn/maven.config file, or in project POM properties.
2025-11-30 15:29:28,349 [Worker-19: Building] WARN  o.apache.maven.project.MavenProject - Direct modification of compileSourceRoots through add() is deprecated and will not work in Maven 4.0.0. Please use the add/remove methods instead. If you're using a plugin that causes this warning, please upgrade to the latest version and report an issue if the warning persists. To disable these warnings, set -Dmaven.project.sourceRoots.warningsDisabled=true on the command line, in the .mvn/maven.config file, or in project POM properties.
2025-11-30 15:29:28,352 [Worker-19: Building] WARN  o.apache.maven.project.MavenProject - Direct modification of testCompileSourceRoots through clear() is deprecated and will not work in Maven 4.0.0. Please use the add/remove methods instead. If you're using a plugin that causes this warning, please upgrade to the latest version and report an issue if the warning persists. To disable these warnings, set -Dmaven.project.sourceRoots.warningsDisabled=true on the command line, in the .mvn/maven.config file, or in project POM properties.
2025-11-30 15:29:28,354 [Worker-19: Building] WARN  o.apache.maven.project.MavenProject - Direct modification of testCompileSourceRoots through add() is deprecated and will not work in Maven 4.0.0. Please use the add/remove methods instead. If you're using a plugin that causes this warning, please upgrade to the latest version and report an issue if the warning persists. To disable these warnings, set -Dmaven.project.sourceRoots.warningsDisabled=true on the command line, in the .mvn/maven.config file, or in project POM properties.
2025-11-30 15:29:47,101 [Worker-1: Building] INFO  o.a.m.s.f.DefaultMavenResourcesFiltering - Copying 1 resource from src\main\resources to target\classes
2025-11-30 15:29:47,110 [Worker-1: Building] INFO  o.a.m.s.f.DefaultMavenResourcesFiltering - Copying 4 resources from src\main\resources to target\classes
2025-11-30 15:29:47,119 [Worker-1: Building] INFO  o.a.m.s.f.DefaultMavenResourcesFiltering - skip non existing resourceDirectory C:\CurtainCall\CurtainCall\src\test\resources
2025-11-30 15:29:47,121 [Worker-1: Building] WARN  o.apache.maven.project.MavenProject - Direct modification of compileSourceRoots through clear() is deprecated and will not work in Maven 4.0.0. Please use the add/remove methods instead. If you're using a plugin that causes this warning, please upgrade to the latest version and report an issue if the warning persists. To disable these warnings, set -Dmaven.project.sourceRoots.warningsDisabled=true on the command line, in the .mvn/maven.config file, or in project POM properties.
2025-11-30 15:29:47,124 [Worker-1: Building] WARN  o.apache.maven.project.MavenProject - Direct modification of compileSourceRoots through add() is deprecated and will not work in Maven 4.0.0. Please use the add/remove methods instead. If you're using a plugin that causes this warning, please upgrade to the latest version and report an issue if the warning persists. To disable these warnings, set -Dmaven.project.sourceRoots.warningsDisabled=true on the command line, in the .mvn/maven.config file, or in project POM properties.
2025-11-30 15:29:47,126 [Worker-1: Building] WARN  o.apache.maven.project.MavenProject - Direct modification of testCompileSourceRoots through clear() is deprecated and will not work in Maven 4.0.0. Please use the add/remove methods instead. If you're using a plugin that causes this warning, please upgrade to the latest version and report an issue if the warning persists. To disable these warnings, set -Dmaven.project.sourceRoots.warningsDisabled=true on the command line, in the .mvn/maven.config file, or in project POM properties.
2025-11-30 15:29:47,127 [Worker-1: Building] WARN  o.apache.maven.project.MavenProject - Direct modification of testCompileSourceRoots through add() is deprecated and will not work in Maven 4.0.0. Please use the add/remove methods instead. If you're using a plugin that causes this warning, please upgrade to the latest version and report an issue if the warning persists. To disable these warnings, set -Dmaven.project.sourceRoots.warningsDisabled=true on the command line, in the .mvn/maven.config file, or in project POM properties.
2025-11-30 15:30:03,995 [Worker-17: Building] INFO  o.a.m.s.f.DefaultMavenResourcesFiltering - Copying 1 resource from src\main\resources to target\classes
2025-11-30 15:30:04,008 [Worker-17: Building] INFO  o.a.m.s.f.DefaultMavenResourcesFiltering - Copying 4 resources from src\main\resources to target\classes
2025-11-30 15:30:04,015 [Worker-17: Building] INFO  o.a.m.s.f.DefaultMavenResourcesFiltering - skip non existing resourceDirectory C:\CurtainCall\CurtainCall\src\test\resources
2025-11-30 15:30:04,016 [Worker-17: Building] WARN  o.apache.maven.project.MavenProject - Direct modification of compileSourceRoots through clear() is deprecated and will not work in Maven 4.0.0. Please use the add/remove methods instead. If you're using a plugin that causes this warning, please upgrade to the latest version and report an issue if the warning persists. To disable these warnings, set -Dmaven.project.sourceRoots.warningsDisabled=true on the command line, in the .mvn/maven.config file, or in project POM properties.
2025-11-30 15:30:04,017 [Worker-17: Building] WARN  o.apache.maven.project.MavenProject - Direct modification of compileSourceRoots through add() is deprecated and will not work in Maven 4.0.0. Please use the add/remove methods instead. If you're using a plugin that causes this warning, please upgrade to the latest version and report an issue if the warning persists. To disable these warnings, set -Dmaven.project.sourceRoots.warningsDisabled=true on the command line, in the .mvn/maven.config file, or in project POM properties.
2025-11-30 15:30:04,018 [Worker-17: Building] WARN  o.apache.maven.project.MavenProject - Direct modification of testCompileSourceRoots through clear() is deprecated and will not work in Maven 4.0.0. Please use the add/remove methods instead. If you're using a plugin that causes this warning, please upgrade to the latest version and report an issue if the warning persists. To disable these warnings, set -Dmaven.project.sourceRoots.warningsDisabled=true on the command line, in the .mvn/maven.config file, or in project POM properties.
2025-11-30 15:30:04,019 [Worker-17: Building] WARN  o.apache.maven.project.MavenProject - Direct modification of testCompileSourceRoots through add() is deprecated and will not work in Maven 4.0.0. Please use the add/remove methods instead. If you're using a plugin that causes this warning, please upgrade to the latest version and report an issue if the warning persists. To disable these warnings, set -Dmaven.project.sourceRoots.warningsDisabled=true on the command line, in the .mvn/maven.config file, or in project POM properties.
2025-11-30 15:30:25,145 [Worker-23: Building] INFO  o.a.m.s.f.DefaultMavenResourcesFiltering - Copying 1 resource from src\main\resources to target\classes
2025-11-30 15:30:25,154 [Worker-23: Building] INFO  o.a.m.s.f.DefaultMavenResourcesFiltering - Copying 4 resources from src\main\resources to target\classes
2025-11-30 15:30:25,161 [Worker-23: Building] INFO  o.a.m.s.f.DefaultMavenResourcesFiltering - skip non existing resourceDirectory C:\CurtainCall\CurtainCall\src\test\resources
2025-11-30 15:30:25,162 [Worker-23: Building] WARN  o.apache.maven.project.MavenProject - Direct modification of compileSourceRoots through clear() is deprecated and will not work in Maven 4.0.0. Please use the add/remove methods instead. If you're using a plugin that causes this warning, please upgrade to the latest version and report an issue if the warning persists. To disable these warnings, set -Dmaven.project.sourceRoots.warningsDisabled=true on the command line, in the .mvn/maven.config file, or in project POM properties.
2025-11-30 15:30:25,163 [Worker-23: Building] WARN  o.apache.maven.project.MavenProject - Direct modification of compileSourceRoots through add() is deprecated and will not work in Maven 4.0.0. Please use the add/remove methods instead. If you're using a plugin that causes this warning, please upgrade to the latest version and report an issue if the warning persists. To disable these warnings, set -Dmaven.project.sourceRoots.warningsDisabled=true on the command line, in the .mvn/maven.config file, or in project POM properties.
2025-11-30 15:30:25,164 [Worker-23: Building] WARN  o.apache.maven.project.MavenProject - Direct modification of testCompileSourceRoots through clear() is deprecated and will not work in Maven 4.0.0. Please use the add/remove methods instead. If you're using a plugin that causes this warning, please upgrade to the latest version and report an issue if the warning persists. To disable these warnings, set -Dmaven.project.sourceRoots.warningsDisabled=true on the command line, in the .mvn/maven.config file, or in project POM properties.
2025-11-30 15:30:25,166 [Worker-23: Building] WARN  o.apache.maven.project.MavenProject - Direct modification of testCompileSourceRoots through add() is deprecated and will not work in Maven 4.0.0. Please use the add/remove methods instead. If you're using a plugin that causes this warning, please upgrade to the latest version and report an issue if the warning persists. To disable these warnings, set -Dmaven.project.sourceRoots.warningsDisabled=true on the command line, in the .mvn/maven.config file, or in project POM properties.
2025-11-30 15:30:33,516 [Worker-21: Building] INFO  o.a.m.s.f.DefaultMavenResourcesFiltering - Copying 1 resource from src\main\resources to target\classes
2025-11-30 15:30:33,525 [Worker-21: Building] INFO  o.a.m.s.f.DefaultMavenResourcesFiltering - Copying 4 resources from src\main\resources to target\classes
2025-11-30 15:30:33,535 [Worker-21: Building] INFO  o.a.m.s.f.DefaultMavenResourcesFiltering - skip non existing resourceDirectory C:\CurtainCall\CurtainCall\src\test\resources
2025-11-30 15:30:33,536 [Worker-21: Building] WARN  o.apache.maven.project.MavenProject - Direct modification of compileSourceRoots through clear() is deprecated and will not work in Maven 4.0.0. Please use the add/remove methods instead. If you're using a plugin that causes this warning, please upgrade to the latest version and report an issue if the warning persists. To disable these warnings, set -Dmaven.project.sourceRoots.warningsDisabled=true on the command line, in the .mvn/maven.config file, or in project POM properties.
2025-11-30 15:30:33,537 [Worker-21: Building] WARN  o.apache.maven.project.MavenProject - Direct modification of compileSourceRoots through add() is deprecated and will not work in Maven 4.0.0. Please use the add/remove methods instead. If you're using a plugin that causes this warning, please upgrade to the latest version and report an issue if the warning persists. To disable these warnings, set -Dmaven.project.sourceRoots.warningsDisabled=true on the command line, in the .mvn/maven.config file, or in project POM properties.
2025-11-30 15:30:33,538 [Worker-21: Building] WARN  o.apache.maven.project.MavenProject - Direct modification of testCompileSourceRoots through clear() is deprecated and will not work in Maven 4.0.0. Please use the add/remove methods instead. If you're using a plugin that causes this warning, please upgrade to the latest version and report an issue if the warning persists. To disable these warnings, set -Dmaven.project.sourceRoots.warningsDisabled=true on the command line, in the .mvn/maven.config file, or in project POM properties.
2025-11-30 15:30:33,540 [Worker-21: Building] WARN  o.apache.maven.project.MavenProject - Direct modification of testCompileSourceRoots through add() is deprecated and will not work in Maven 4.0.0. Please use the add/remove methods instead. If you're using a plugin that causes this warning, please upgrade to the latest version and report an issue if the warning persists. To disable these warnings, set -Dmaven.project.sourceRoots.warningsDisabled=true on the command line, in the .mvn/maven.config file, or in project POM properties.
2025-11-30 15:31:04,302 [Worker-20: Building] INFO  o.a.m.s.f.DefaultMavenResourcesFiltering - Copying 1 resource from src\main\resources to target\classes
2025-11-30 15:31:04,315 [Worker-20: Building] INFO  o.a.m.s.f.DefaultMavenResourcesFiltering - Copying 4 resources from src\main\resources to target\classes
2025-11-30 15:31:04,322 [Worker-20: Building] INFO  o.a.m.s.f.DefaultMavenResourcesFiltering - skip non existing resourceDirectory C:\CurtainCall\CurtainCall\src\test\resources
2025-11-30 15:31:04,323 [Worker-20: Building] WARN  o.apache.maven.project.MavenProject - Direct modification of compileSourceRoots through clear() is deprecated and will not work in Maven 4.0.0. Please use the add/remove methods instead. If you're using a plugin that causes this warning, please upgrade to the latest version and report an issue if the warning persists. To disable these warnings, set -Dmaven.project.sourceRoots.warningsDisabled=true on the command line, in the .mvn/maven.config file, or in project POM properties.
2025-11-30 15:31:04,328 [Worker-20: Building] WARN  o.apache.maven.project.MavenProject - Direct modification of compileSourceRoots through add() is deprecated and will not work in Maven 4.0.0. Please use the add/remove methods instead. If you're using a plugin that causes this warning, please upgrade to the latest version and report an issue if the warning persists. To disable these warnings, set -Dmaven.project.sourceRoots.warningsDisabled=true on the command line, in the .mvn/maven.config file, or in project POM properties.
2025-11-30 15:31:04,330 [Worker-20: Building] WARN  o.apache.maven.project.MavenProject - Direct modification of testCompileSourceRoots through clear() is deprecated and will not work in Maven 4.0.0. Please use the add/remove methods instead. If you're using a plugin that causes this warning, please upgrade to the latest version and report an issue if the warning persists. To disable these warnings, set -Dmaven.project.sourceRoots.warningsDisabled=true on the command line, in the .mvn/maven.config file, or in project POM properties.
2025-11-30 15:31:04,333 [Worker-20: Building] WARN  o.apache.maven.project.MavenProject - Direct modification of testCompileSourceRoots through add() is deprecated and will not work in Maven 4.0.0. Please use the add/remove methods instead. If you're using a plugin that causes this warning, please upgrade to the latest version and report an issue if the warning persists. To disable these warnings, set -Dmaven.project.sourceRoots.warningsDisabled=true on the command line, in the .mvn/maven.config file, or in project POM properties.
2025-11-30 15:32:14,540 [Worker-0: Building] INFO  o.a.m.s.f.DefaultMavenResourcesFiltering - Copying 1 resource from src\main\resources to target\classes
2025-11-30 15:32:14,553 [Worker-0: Building] INFO  o.a.m.s.f.DefaultMavenResourcesFiltering - Copying 4 resources from src\main\resources to target\classes
2025-11-30 15:32:14,566 [Worker-0: Building] INFO  o.a.m.s.f.DefaultMavenResourcesFiltering - skip non existing resourceDirectory C:\CurtainCall\CurtainCall\src\test\resources
2025-11-30 15:32:14,567 [Worker-0: Building] WARN  o.apache.maven.project.MavenProject - Direct modification of compileSourceRoots through clear() is deprecated and will not work in Maven 4.0.0. Please use the add/remove methods instead. If you're using a plugin that causes this warning, please upgrade to the latest version and report an issue if the warning persists. To disable these warnings, set -Dmaven.project.sourceRoots.warningsDisabled=true on the command line, in the .mvn/maven.config file, or in project POM properties.
2025-11-30 15:32:14,569 [Worker-0: Building] WARN  o.apache.maven.project.MavenProject - Direct modification of compileSourceRoots through add() is deprecated and will not work in Maven 4.0.0. Please use the add/remove methods instead. If you're using a plugin that causes this warning, please upgrade to the latest version and report an issue if the warning persists. To disable these warnings, set -Dmaven.project.sourceRoots.warningsDisabled=true on the command line, in the .mvn/maven.config file, or in project POM properties.
2025-11-30 15:32:14,570 [Worker-0: Building] WARN  o.apache.maven.project.MavenProject - Direct modification of testCompileSourceRoots through clear() is deprecated and will not work in Maven 4.0.0. Please use the add/remove methods instead. If you're using a plugin that causes this warning, please upgrade to the latest version and report an issue if the warning persists. To disable these warnings, set -Dmaven.project.sourceRoots.warningsDisabled=true on the command line, in the .mvn/maven.config file, or in project POM properties.
2025-11-30 15:32:14,571 [Worker-0: Building] WARN  o.apache.maven.project.MavenProject - Direct modification of testCompileSourceRoots through add() is deprecated and will not work in Maven 4.0.0. Please use the add/remove methods instead. If you're using a plugin that causes this warning, please upgrade to the latest version and report an issue if the warning persists. To disable these warnings, set -Dmaven.project.sourceRoots.warningsDisabled=true on the command line, in the .mvn/maven.config file, or in project POM properties.
2025-11-30 15:32:30,571 [Worker-0: Building] INFO  o.a.m.s.f.DefaultMavenResourcesFiltering - Copying 1 resource from src\main\resources to target\classes
2025-11-30 15:32:30,578 [Worker-0: Building] INFO  o.a.m.s.f.DefaultMavenResourcesFiltering - Copying 4 resources from src\main\resources to target\classes
2025-11-30 15:32:30,582 [Worker-0: Building] INFO  o.a.m.s.f.DefaultMavenResourcesFiltering - skip non existing resourceDirectory C:\CurtainCall\CurtainCall\src\test\resources
2025-11-30 15:32:30,582 [Worker-0: Building] WARN  o.apache.maven.project.MavenProject - Direct modification of compileSourceRoots through clear() is deprecated and will not work in Maven 4.0.0. Please use the add/remove methods instead. If you're using a plugin that causes this warning, please upgrade to the latest version and report an issue if the warning persists. To disable these warnings, set -Dmaven.project.sourceRoots.warningsDisabled=true on the command line, in the .mvn/maven.config file, or in project POM properties.
2025-11-30 15:32:30,583 [Worker-0: Building] WARN  o.apache.maven.project.MavenProject - Direct modification of compileSourceRoots through add() is deprecated and will not work in Maven 4.0.0. Please use the add/remove methods instead. If you're using a plugin that causes this warning, please upgrade to the latest version and report an issue if the warning persists. To disable these warnings, set -Dmaven.project.sourceRoots.warningsDisabled=true on the command line, in the .mvn/maven.config file, or in project POM properties.
2025-11-30 15:32:30,584 [Worker-0: Building] WARN  o.apache.maven.project.MavenProject - Direct modification of testCompileSourceRoots through clear() is deprecated and will not work in Maven 4.0.0. Please use the add/remove methods instead. If you're using a plugin that causes this warning, please upgrade to the latest version and report an issue if the warning persists. To disable these warnings, set -Dmaven.project.sourceRoots.warningsDisabled=true on the command line, in the .mvn/maven.config file, or in project POM properties.
2025-11-30 15:32:30,584 [Worker-0: Building] WARN  o.apache.maven.project.MavenProject - Direct modification of testCompileSourceRoots through add() is deprecated and will not work in Maven 4.0.0. Please use the add/remove methods instead. If you're using a plugin that causes this warning, please upgrade to the latest version and report an issue if the warning persists. To disable these warnings, set -Dmaven.project.sourceRoots.warningsDisabled=true on the command line, in the .mvn/maven.config file, or in project POM properties.
2025-11-30 15:32:43,001 [Worker-6: Building] INFO  o.a.m.s.f.DefaultMavenResourcesFiltering - Copying 1 resource from src\main\resources to target\classes
2025-11-30 15:32:43,010 [Worker-6: Building] INFO  o.a.m.s.f.DefaultMavenResourcesFiltering - Copying 4 resources from src\main\resources to target\classes
2025-11-30 15:32:43,022 [Worker-6: Building] INFO  o.a.m.s.f.DefaultMavenResourcesFiltering - skip non existing resourceDirectory C:\CurtainCall\CurtainCall\src\test\resources
2025-11-30 15:32:43,024 [Worker-6: Building] WARN  o.apache.maven.project.MavenProject - Direct modification of compileSourceRoots through clear() is deprecated and will not work in Maven 4.0.0. Please use the add/remove methods instead. If you're using a plugin that causes this warning, please upgrade to the latest version and report an issue if the warning persists. To disable these warnings, set -Dmaven.project.sourceRoots.warningsDisabled=true on the command line, in the .mvn/maven.config file, or in project POM properties.
2025-11-30 15:32:43,026 [Worker-6: Building] WARN  o.apache.maven.project.MavenProject - Direct modification of compileSourceRoots through add() is deprecated and will not work in Maven 4.0.0. Please use the add/remove methods instead. If you're using a plugin that causes this warning, please upgrade to the latest version and report an issue if the warning persists. To disable these warnings, set -Dmaven.project.sourceRoots.warningsDisabled=true on the command line, in the .mvn/maven.config file, or in project POM properties.
2025-11-30 15:32:43,027 [Worker-6: Building] WARN  o.apache.maven.project.MavenProject - Direct modification of testCompileSourceRoots through clear() is deprecated and will not work in Maven 4.0.0. Please use the add/remove methods instead. If you're using a plugin that causes this warning, please upgrade to the latest version and report an issue if the warning persists. To disable these warnings, set -Dmaven.project.sourceRoots.warningsDisabled=true on the command line, in the .mvn/maven.config file, or in project POM properties.
2025-11-30 15:32:43,029 [Worker-6: Building] WARN  o.apache.maven.project.MavenProject - Direct modification of testCompileSourceRoots through add() is deprecated and will not work in Maven 4.0.0. Please use the add/remove methods instead. If you're using a plugin that causes this warning, please upgrade to the latest version and report an issue if the warning persists. To disable these warnings, set -Dmaven.project.sourceRoots.warningsDisabled=true on the command line, in the .mvn/maven.config file, or in project POM properties.
2025-11-30 15:32:55,940 [Worker-14: Building] INFO  o.a.m.s.f.DefaultMavenResourcesFiltering - Copying 1 resource from src\main\resources to target\classes
2025-11-30 15:32:55,966 [Worker-14: Building] INFO  o.a.m.s.f.DefaultMavenResourcesFiltering - Copying 4 resources from src\main\resources to target\classes
2025-11-30 15:32:55,983 [Worker-14: Building] INFO  o.a.m.s.f.DefaultMavenResourcesFiltering - skip non existing resourceDirectory C:\CurtainCall\CurtainCall\src\test\resources
2025-11-30 15:32:55,985 [Worker-14: Building] WARN  o.apache.maven.project.MavenProject - Direct modification of compileSourceRoots through clear() is deprecated and will not work in Maven 4.0.0. Please use the add/remove methods instead. If you're using a plugin that causes this warning, please upgrade to the latest version and report an issue if the warning persists. To disable these warnings, set -Dmaven.project.sourceRoots.warningsDisabled=true on the command line, in the .mvn/maven.config file, or in project POM properties.
2025-11-30 15:32:55,986 [Worker-14: Building] WARN  o.apache.maven.project.MavenProject - Direct modification of compileSourceRoots through add() is deprecated and will not work in Maven 4.0.0. Please use the add/remove methods instead. If you're using a plugin that causes this warning, please upgrade to the latest version and report an issue if the warning persists. To disable these warnings, set -Dmaven.project.sourceRoots.warningsDisabled=true on the command line, in the .mvn/maven.config file, or in project POM properties.
2025-11-30 15:32:55,988 [Worker-14: Building] WARN  o.apache.maven.project.MavenProject - Direct modification of testCompileSourceRoots through clear() is deprecated and will not work in Maven 4.0.0. Please use the add/remove methods instead. If you're using a plugin that causes this warning, please upgrade to the latest version and report an issue if the warning persists. To disable these warnings, set -Dmaven.project.sourceRoots.warningsDisabled=true on the command line, in the .mvn/maven.config file, or in project POM properties.
2025-11-30 15:32:55,988 [Worker-14: Building] WARN  o.apache.maven.project.MavenProject - Direct modification of testCompileSourceRoots through add() is deprecated and will not work in Maven 4.0.0. Please use the add/remove methods instead. If you're using a plugin that causes this warning, please upgrade to the latest version and report an issue if the warning persists. To disable these warnings, set -Dmaven.project.sourceRoots.warningsDisabled=true on the command line, in the .mvn/maven.config file, or in project POM properties.
2025-11-30 15:33:00,561 [Worker-17: Building] INFO  o.a.m.s.f.DefaultMavenResourcesFiltering - Copying 1 resource from src\main\resources to target\classes
2025-11-30 15:33:00,569 [Worker-17: Building] INFO  o.a.m.s.f.DefaultMavenResourcesFiltering - Copying 4 resources from src\main\resources to target\classes
2025-11-30 15:33:00,577 [Worker-17: Building] INFO  o.a.m.s.f.DefaultMavenResourcesFiltering - skip non existing resourceDirectory C:\CurtainCall\CurtainCall\src\test\resources
2025-11-30 15:33:00,578 [Worker-17: Building] WARN  o.apache.maven.project.MavenProject - Direct modification of compileSourceRoots through clear() is deprecated and will not work in Maven 4.0.0. Please use the add/remove methods instead. If you're using a plugin that causes this warning, please upgrade to the latest version and report an issue if the warning persists. To disable these warnings, set -Dmaven.project.sourceRoots.warningsDisabled=true on the command line, in the .mvn/maven.config file, or in project POM properties.
2025-11-30 15:33:00,579 [Worker-17: Building] WARN  o.apache.maven.project.MavenProject - Direct modification of compileSourceRoots through add() is deprecated and will not work in Maven 4.0.0. Please use the add/remove methods instead. If you're using a plugin that causes this warning, please upgrade to the latest version and report an issue if the warning persists. To disable these warnings, set -Dmaven.project.sourceRoots.warningsDisabled=true on the command line, in the .mvn/maven.config file, or in project POM properties.
2025-11-30 15:33:00,580 [Worker-17: Building] WARN  o.apache.maven.project.MavenProject - Direct modification of testCompileSourceRoots through clear() is deprecated and will not work in Maven 4.0.0. Please use the add/remove methods instead. If you're using a plugin that causes this warning, please upgrade to the latest version and report an issue if the warning persists. To disable these warnings, set -Dmaven.project.sourceRoots.warningsDisabled=true on the command line, in the .mvn/maven.config file, or in project POM properties.
2025-11-30 15:33:00,581 [Worker-17: Building] WARN  o.apache.maven.project.MavenProject - Direct modification of testCompileSourceRoots through add() is deprecated and will not work in Maven 4.0.0. Please use the add/remove methods instead. If you're using a plugin that causes this warning, please upgrade to the latest version and report an issue if the warning persists. To disable these warnings, set -Dmaven.project.sourceRoots.warningsDisabled=true on the command line, in the .mvn/maven.config file, or in project POM properties.
2025-11-30 15:33:34,353 [Worker-0: Building] INFO  o.a.m.s.f.DefaultMavenResourcesFiltering - Copying 1 resource from src\main\resources to target\classes
2025-11-30 15:33:34,370 [Worker-0: Building] INFO  o.a.m.s.f.DefaultMavenResourcesFiltering - Copying 4 resources from src\main\resources to target\classes
2025-11-30 15:33:34,378 [Worker-0: Building] INFO  o.a.m.s.f.DefaultMavenResourcesFiltering - skip non existing resourceDirectory C:\CurtainCall\CurtainCall\src\test\resources
2025-11-30 15:33:34,378 [Worker-0: Building] WARN  o.apache.maven.project.MavenProject - Direct modification of compileSourceRoots through clear() is deprecated and will not work in Maven 4.0.0. Please use the add/remove methods instead. If you're using a plugin that causes this warning, please upgrade to the latest version and report an issue if the warning persists. To disable these warnings, set -Dmaven.project.sourceRoots.warningsDisabled=true on the command line, in the .mvn/maven.config file, or in project POM properties.
2025-11-30 15:33:34,380 [Worker-0: Building] WARN  o.apache.maven.project.MavenProject - Direct modification of compileSourceRoots through add() is deprecated and will not work in Maven 4.0.0. Please use the add/remove methods instead. If you're using a plugin that causes this warning, please upgrade to the latest version and report an issue if the warning persists. To disable these warnings, set -Dmaven.project.sourceRoots.warningsDisabled=true on the command line, in the .mvn/maven.config file, or in project POM properties.
2025-11-30 15:33:34,381 [Worker-0: Building] WARN  o.apache.maven.project.MavenProject - Direct modification of testCompileSourceRoots through clear() is deprecated and will not work in Maven 4.0.0. Please use the add/remove methods instead. If you're using a plugin that causes this warning, please upgrade to the latest version and report an issue if the warning persists. To disable these warnings, set -Dmaven.project.sourceRoots.warningsDisabled=true on the command line, in the .mvn/maven.config file, or in project POM properties.
2025-11-30 15:33:34,382 [Worker-0: Building] WARN  o.apache.maven.project.MavenProject - Direct modification of testCompileSourceRoots through add() is deprecated and will not work in Maven 4.0.0. Please use the add/remove methods instead. If you're using a plugin that causes this warning, please upgrade to the latest version and report an issue if the warning persists. To disable these warnings, set -Dmaven.project.sourceRoots.warningsDisabled=true on the command line, in the .mvn/maven.config file, or in project POM properties.
2025-11-30 15:33:46,279 [Worker-17: Building] INFO  o.a.m.s.f.DefaultMavenResourcesFiltering - Copying 0 resource from src\main\resources to target\classes
2025-11-30 15:33:46,283 [Worker-17: Building] INFO  o.a.m.s.f.DefaultMavenResourcesFiltering - Copying 1 resource from src\main\resources to target\classes
2025-11-30 15:33:46,293 [Worker-17: Building] INFO  o.a.m.s.f.DefaultMavenResourcesFiltering - skip non existing resourceDirectory C:\CurtainCall\CurtainCall\src\test\resources
2025-11-30 15:33:46,294 [Worker-17: Building] WARN  o.apache.maven.project.MavenProject - Direct modification of compileSourceRoots through clear() is deprecated and will not work in Maven 4.0.0. Please use the add/remove methods instead. If you're using a plugin that causes this warning, please upgrade to the latest version and report an issue if the warning persists. To disable these warnings, set -Dmaven.project.sourceRoots.warningsDisabled=true on the command line, in the .mvn/maven.config file, or in project POM properties.
2025-11-30 15:33:46,294 [Worker-17: Building] WARN  o.apache.maven.project.MavenProject - Direct modification of compileSourceRoots through add() is deprecated and will not work in Maven 4.0.0. Please use the add/remove methods instead. If you're using a plugin that causes this warning, please upgrade to the latest version and report an issue if the warning persists. To disable these warnings, set -Dmaven.project.sourceRoots.warningsDisabled=true on the command line, in the .mvn/maven.config file, or in project POM properties.
2025-11-30 15:33:46,295 [Worker-17: Building] WARN  o.apache.maven.project.MavenProject - Direct modification of testCompileSourceRoots through clear() is deprecated and will not work in Maven 4.0.0. Please use the add/remove methods instead. If you're using a plugin that causes this warning, please upgrade to the latest version and report an issue if the warning persists. To disable these warnings, set -Dmaven.project.sourceRoots.warningsDisabled=true on the command line, in the .mvn/maven.config file, or in project POM properties.
2025-11-30 15:33:46,296 [Worker-17: Building] WARN  o.apache.maven.project.MavenProject - Direct modification of testCompileSourceRoots through add() is deprecated and will not work in Maven 4.0.0. Please use the add/remove methods instead. If you're using a plugin that causes this warning, please upgrade to the latest version and report an issue if the warning persists. To disable these warnings, set -Dmaven.project.sourceRoots.warningsDisabled=true on the command line, in the .mvn/maven.config file, or in project POM properties.
2025-11-30 15:34:36,579 [Worker-6: Building] INFO  o.a.m.s.f.DefaultMavenResourcesFiltering - Copying 0 resource from src\main\resources to target\classes
2025-11-30 15:34:36,580 [Worker-6: Building] INFO  o.a.m.s.f.DefaultMavenResourcesFiltering - Copying 1 resource from src\main\resources to target\classes
2025-11-30 15:34:36,586 [Worker-6: Building] INFO  o.a.m.s.f.DefaultMavenResourcesFiltering - skip non existing resourceDirectory C:\CurtainCall\CurtainCall\src\test\resources
2025-11-30 15:34:36,587 [Worker-6: Building] WARN  o.apache.maven.project.MavenProject - Direct modification of compileSourceRoots through clear() is deprecated and will not work in Maven 4.0.0. Please use the add/remove methods instead. If you're using a plugin that causes this warning, please upgrade to the latest version and report an issue if the warning persists. To disable these warnings, set -Dmaven.project.sourceRoots.warningsDisabled=true on the command line, in the .mvn/maven.config file, or in project POM properties.
2025-11-30 15:34:36,589 [Worker-6: Building] WARN  o.apache.maven.project.MavenProject - Direct modification of compileSourceRoots through add() is deprecated and will not work in Maven 4.0.0. Please use the add/remove methods instead. If you're using a plugin that causes this warning, please upgrade to the latest version and report an issue if the warning persists. To disable these warnings, set -Dmaven.project.sourceRoots.warningsDisabled=true on the command line, in the .mvn/maven.config file, or in project POM properties.
2025-11-30 15:34:36,590 [Worker-6: Building] WARN  o.apache.maven.project.MavenProject - Direct modification of testCompileSourceRoots through clear() is deprecated and will not work in Maven 4.0.0. Please use the add/remove methods instead. If you're using a plugin that causes this warning, please upgrade to the latest version and report an issue if the warning persists. To disable these warnings, set -Dmaven.project.sourceRoots.warningsDisabled=true on the command line, in the .mvn/maven.config file, or in project POM properties.
2025-11-30 15:34:36,592 [Worker-6: Building] WARN  o.apache.maven.project.MavenProject - Direct modification of testCompileSourceRoots through add() is deprecated and will not work in Maven 4.0.0. Please use the add/remove methods instead. If you're using a plugin that causes this warning, please upgrade to the latest version and report an issue if the warning persists. To disable these warnings, set -Dmaven.project.sourceRoots.warningsDisabled=true on the command line, in the .mvn/maven.config file, or in project POM properties.
2025-11-30 15:34:42,477 [Worker-17: Building] INFO  o.a.m.s.f.DefaultMavenResourcesFiltering - Copying 0 resource from src\main\resources to target\classes
2025-11-30 15:34:42,478 [Worker-17: Building] INFO  o.a.m.s.f.DefaultMavenResourcesFiltering - Copying 1 resource from src\main\resources to target\classes
2025-11-30 15:34:42,483 [Worker-17: Building] INFO  o.a.m.s.f.DefaultMavenResourcesFiltering - skip non existing resourceDirectory C:\CurtainCall\CurtainCall\src\test\resources
2025-11-30 15:34:42,483 [Worker-17: Building] WARN  o.apache.maven.project.MavenProject - Direct modification of compileSourceRoots through clear() is deprecated and will not work in Maven 4.0.0. Please use the add/remove methods instead. If you're using a plugin that causes this warning, please upgrade to the latest version and report an issue if the warning persists. To disable these warnings, set -Dmaven.project.sourceRoots.warningsDisabled=true on the command line, in the .mvn/maven.config file, or in project POM properties.
2025-11-30 15:34:42,484 [Worker-17: Building] WARN  o.apache.maven.project.MavenProject - Direct modification of compileSourceRoots through add() is deprecated and will not work in Maven 4.0.0. Please use the add/remove methods instead. If you're using a plugin that causes this warning, please upgrade to the latest version and report an issue if the warning persists. To disable these warnings, set -Dmaven.project.sourceRoots.warningsDisabled=true on the command line, in the .mvn/maven.config file, or in project POM properties.
2025-11-30 15:34:42,485 [Worker-17: Building] WARN  o.apache.maven.project.MavenProject - Direct modification of testCompileSourceRoots through clear() is deprecated and will not work in Maven 4.0.0. Please use the add/remove methods instead. If you're using a plugin that causes this warning, please upgrade to the latest version and report an issue if the warning persists. To disable these warnings, set -Dmaven.project.sourceRoots.warningsDisabled=true on the command line, in the .mvn/maven.config file, or in project POM properties.
2025-11-30 15:34:42,486 [Worker-17: Building] WARN  o.apache.maven.project.MavenProject - Direct modification of testCompileSourceRoots through add() is deprecated and will not work in Maven 4.0.0. Please use the add/remove methods instead. If you're using a plugin that causes this warning, please upgrade to the latest version and report an issue if the warning persists. To disable these warnings, set -Dmaven.project.sourceRoots.warningsDisabled=true on the command line, in the .mvn/maven.config file, or in project POM properties.
2025-11-30 15:37:39,014 [Worker-15: Building] INFO  o.a.m.s.f.DefaultMavenResourcesFiltering - Copying 0 resource from src\main\resources to target\classes
2025-11-30 15:37:39,016 [Worker-15: Building] INFO  o.a.m.s.f.DefaultMavenResourcesFiltering - Copying 1 resource from src\main\resources to target\classes
2025-11-30 15:37:39,024 [Worker-15: Building] INFO  o.a.m.s.f.DefaultMavenResourcesFiltering - skip non existing resourceDirectory C:\CurtainCall\CurtainCall\src\test\resources
2025-11-30 15:37:39,024 [Worker-15: Building] WARN  o.apache.maven.project.MavenProject - Direct modification of compileSourceRoots through clear() is deprecated and will not work in Maven 4.0.0. Please use the add/remove methods instead. If you're using a plugin that causes this warning, please upgrade to the latest version and report an issue if the warning persists. To disable these warnings, set -Dmaven.project.sourceRoots.warningsDisabled=true on the command line, in the .mvn/maven.config file, or in project POM properties.
2025-11-30 15:37:39,026 [Worker-15: Building] WARN  o.apache.maven.project.MavenProject - Direct modification of compileSourceRoots through add() is deprecated and will not work in Maven 4.0.0. Please use the add/remove methods instead. If you're using a plugin that causes this warning, please upgrade to the latest version and report an issue if the warning persists. To disable these warnings, set -Dmaven.project.sourceRoots.warningsDisabled=true on the command line, in the .mvn/maven.config file, or in project POM properties.
2025-11-30 15:37:39,027 [Worker-15: Building] WARN  o.apache.maven.project.MavenProject - Direct modification of testCompileSourceRoots through clear() is deprecated and will not work in Maven 4.0.0. Please use the add/remove methods instead. If you're using a plugin that causes this warning, please upgrade to the latest version and report an issue if the warning persists. To disable these warnings, set -Dmaven.project.sourceRoots.warningsDisabled=true on the command line, in the .mvn/maven.config file, or in project POM properties.
2025-11-30 15:37:39,028 [Worker-15: Building] WARN  o.apache.maven.project.MavenProject - Direct modification of testCompileSourceRoots through add() is deprecated and will not work in Maven 4.0.0. Please use the add/remove methods instead. If you're using a plugin that causes this warning, please upgrade to the latest version and report an issue if the warning persists. To disable these warnings, set -Dmaven.project.sourceRoots.warningsDisabled=true on the command line, in the .mvn/maven.config file, or in project POM properties.
2025-11-30 15:39:37,684 [Worker-17: Building] INFO  o.a.m.s.f.DefaultMavenResourcesFiltering - Copying 1 resource from src\main\resources to target\classes
2025-11-30 15:39:37,695 [Worker-17: Building] INFO  o.a.m.s.f.DefaultMavenResourcesFiltering - Copying 5 resources from src\main\resources to target\classes
2025-11-30 15:39:37,704 [Worker-17: Building] INFO  o.a.m.s.f.DefaultMavenResourcesFiltering - skip non existing resourceDirectory C:\CurtainCall\CurtainCall\src\test\resources
2025-11-30 15:39:37,704 [Worker-17: Building] WARN  o.apache.maven.project.MavenProject - Direct modification of compileSourceRoots through clear() is deprecated and will not work in Maven 4.0.0. Please use the add/remove methods instead. If you're using a plugin that causes this warning, please upgrade to the latest version and report an issue if the warning persists. To disable these warnings, set -Dmaven.project.sourceRoots.warningsDisabled=true on the command line, in the .mvn/maven.config file, or in project POM properties.
2025-11-30 15:39:37,712 [Worker-17: Building] WARN  o.apache.maven.project.MavenProject - Direct modification of compileSourceRoots through add() is deprecated and will not work in Maven 4.0.0. Please use the add/remove methods instead. If you're using a plugin that causes this warning, please upgrade to the latest version and report an issue if the warning persists. To disable these warnings, set -Dmaven.project.sourceRoots.warningsDisabled=true on the command line, in the .mvn/maven.config file, or in project POM properties.
2025-11-30 15:39:37,714 [Worker-17: Building] WARN  o.apache.maven.project.MavenProject - Direct modification of testCompileSourceRoots through clear() is deprecated and will not work in Maven 4.0.0. Please use the add/remove methods instead. If you're using a plugin that causes this warning, please upgrade to the latest version and report an issue if the warning persists. To disable these warnings, set -Dmaven.project.sourceRoots.warningsDisabled=true on the command line, in the .mvn/maven.config file, or in project POM properties.
2025-11-30 15:39:37,716 [Worker-17: Building] WARN  o.apache.maven.project.MavenProject - Direct modification of testCompileSourceRoots through add() is deprecated and will not work in Maven 4.0.0. Please use the add/remove methods instead. If you're using a plugin that causes this warning, please upgrade to the latest version and report an issue if the warning persists. To disable these warnings, set -Dmaven.project.sourceRoots.warningsDisabled=true on the command line, in the .mvn/maven.config file, or in project POM properties.
2025-11-30 15:39:45,523 [Worker-17: Building] INFO  o.a.m.s.f.DefaultMavenResourcesFiltering - Copying 1 resource from src\main\resources to target\classes
2025-11-30 15:39:45,528 [Worker-17: Building] INFO  o.a.m.s.f.DefaultMavenResourcesFiltering - Copying 5 resources from src\main\resources to target\classes
2025-11-30 15:39:45,532 [Worker-17: Building] INFO  o.a.m.s.f.DefaultMavenResourcesFiltering - skip non existing resourceDirectory C:\CurtainCall\CurtainCall\src\test\resources
2025-11-30 15:39:45,532 [Worker-17: Building] WARN  o.apache.maven.project.MavenProject - Direct modification of compileSourceRoots through clear() is deprecated and will not work in Maven 4.0.0. Please use the add/remove methods instead. If you're using a plugin that causes this warning, please upgrade to the latest version and report an issue if the warning persists. To disable these warnings, set -Dmaven.project.sourceRoots.warningsDisabled=true on the command line, in the .mvn/maven.config file, or in project POM properties.
2025-11-30 15:39:45,533 [Worker-17: Building] WARN  o.apache.maven.project.MavenProject - Direct modification of compileSourceRoots through add() is deprecated and will not work in Maven 4.0.0. Please use the add/remove methods instead. If you're using a plugin that causes this warning, please upgrade to the latest version and report an issue if the warning persists. To disable these warnings, set -Dmaven.project.sourceRoots.warningsDisabled=true on the command line, in the .mvn/maven.config file, or in project POM properties.
2025-11-30 15:39:45,534 [Worker-17: Building] WARN  o.apache.maven.project.MavenProject - Direct modification of testCompileSourceRoots through clear() is deprecated and will not work in Maven 4.0.0. Please use the add/remove methods instead. If you're using a plugin that causes this warning, please upgrade to the latest version and report an issue if the warning persists. To disable these warnings, set -Dmaven.project.sourceRoots.warningsDisabled=true on the command line, in the .mvn/maven.config file, or in project POM properties.
2025-11-30 15:39:45,536 [Worker-17: Building] WARN  o.apache.maven.project.MavenProject - Direct modification of testCompileSourceRoots through add() is deprecated and will not work in Maven 4.0.0. Please use the add/remove methods instead. If you're using a plugin that causes this warning, please upgrade to the latest version and report an issue if the warning persists. To disable these warnings, set -Dmaven.project.sourceRoots.warningsDisabled=true on the command line, in the .mvn/maven.config file, or in project POM properties.
2025-11-30 15:39:50,761 [Worker-17: Building] INFO  o.a.m.s.f.DefaultMavenResourcesFiltering - Copying 0 resource from src\main\resources to target\classes
2025-11-30 15:39:50,764 [Worker-17: Building] INFO  o.a.m.s.f.DefaultMavenResourcesFiltering - Copying 1 resource from src\main\resources to target\classes
2025-11-30 15:39:50,770 [Worker-17: Building] INFO  o.a.m.s.f.DefaultMavenResourcesFiltering - skip non existing resourceDirectory C:\CurtainCall\CurtainCall\src\test\resources
2025-11-30 15:39:50,770 [Worker-17: Building] WARN  o.apache.maven.project.MavenProject - Direct modification of compileSourceRoots through clear() is deprecated and will not work in Maven 4.0.0. Please use the add/remove methods instead. If you're using a plugin that causes this warning, please upgrade to the latest version and report an issue if the warning persists. To disable these warnings, set -Dmaven.project.sourceRoots.warningsDisabled=true on the command line, in the .mvn/maven.config file, or in project POM properties.
2025-11-30 15:39:50,772 [Worker-17: Building] WARN  o.apache.maven.project.MavenProject - Direct modification of compileSourceRoots through add() is deprecated and will not work in Maven 4.0.0. Please use the add/remove methods instead. If you're using a plugin that causes this warning, please upgrade to the latest version and report an issue if the warning persists. To disable these warnings, set -Dmaven.project.sourceRoots.warningsDisabled=true on the command line, in the .mvn/maven.config file, or in project POM properties.
2025-11-30 15:39:50,773 [Worker-17: Building] WARN  o.apache.maven.project.MavenProject - Direct modification of testCompileSourceRoots through clear() is deprecated and will not work in Maven 4.0.0. Please use the add/remove methods instead. If you're using a plugin that causes this warning, please upgrade to the latest version and report an issue if the warning persists. To disable these warnings, set -Dmaven.project.sourceRoots.warningsDisabled=true on the command line, in the .mvn/maven.config file, or in project POM properties.
2025-11-30 15:39:50,774 [Worker-17: Building] WARN  o.apache.maven.project.MavenProject - Direct modification of testCompileSourceRoots through add() is deprecated and will not work in Maven 4.0.0. Please use the add/remove methods instead. If you're using a plugin that causes this warning, please upgrade to the latest version and report an issue if the warning persists. To disable these warnings, set -Dmaven.project.sourceRoots.warningsDisabled=true on the command line, in the .mvn/maven.config file, or in project POM properties.
2025-11-30 15:39:57,834 [Worker-15: Building] INFO  o.a.m.s.f.DefaultMavenResourcesFiltering - Copying 1 resource from src\main\resources to target\classes
2025-11-30 15:39:57,841 [Worker-15: Building] INFO  o.a.m.s.f.DefaultMavenResourcesFiltering - Copying 5 resources from src\main\resources to target\classes
2025-11-30 15:39:57,845 [Worker-15: Building] INFO  o.a.m.s.f.DefaultMavenResourcesFiltering - skip non existing resourceDirectory C:\CurtainCall\CurtainCall\src\test\resources
2025-11-30 15:39:57,845 [Worker-15: Building] WARN  o.apache.maven.project.MavenProject - Direct modification of compileSourceRoots through clear() is deprecated and will not work in Maven 4.0.0. Please use the add/remove methods instead. If you're using a plugin that causes this warning, please upgrade to the latest version and report an issue if the warning persists. To disable these warnings, set -Dmaven.project.sourceRoots.warningsDisabled=true on the command line, in the .mvn/maven.config file, or in project POM properties.
2025-11-30 15:39:57,846 [Worker-15: Building] WARN  o.apache.maven.project.MavenProject - Direct modification of compileSourceRoots through add() is deprecated and will not work in Maven 4.0.0. Please use the add/remove methods instead. If you're using a plugin that causes this warning, please upgrade to the latest version and report an issue if the warning persists. To disable these warnings, set -Dmaven.project.sourceRoots.warningsDisabled=true on the command line, in the .mvn/maven.config file, or in project POM properties.
2025-11-30 15:39:57,847 [Worker-15: Building] WARN  o.apache.maven.project.MavenProject - Direct modification of testCompileSourceRoots through clear() is deprecated and will not work in Maven 4.0.0. Please use the add/remove methods instead. If you're using a plugin that causes this warning, please upgrade to the latest version and report an issue if the warning persists. To disable these warnings, set -Dmaven.project.sourceRoots.warningsDisabled=true on the command line, in the .mvn/maven.config file, or in project POM properties.
2025-11-30 15:39:57,847 [Worker-15: Building] WARN  o.apache.maven.project.MavenProject - Direct modification of testCompileSourceRoots through add() is deprecated and will not work in Maven 4.0.0. Please use the add/remove methods instead. If you're using a plugin that causes this warning, please upgrade to the latest version and report an issue if the warning persists. To disable these warnings, set -Dmaven.project.sourceRoots.warningsDisabled=true on the command line, in the .mvn/maven.config file, or in project POM properties.
2025-11-30 15:40:05,586 [Worker-26: Building] INFO  o.a.m.s.f.DefaultMavenResourcesFiltering - Copying 1 resource from src\main\resources to target\classes
2025-11-30 15:40:05,592 [Worker-26: Building] INFO  o.a.m.s.f.DefaultMavenResourcesFiltering - Copying 5 resources from src\main\resources to target\classes
2025-11-30 15:40:05,597 [Worker-26: Building] INFO  o.a.m.s.f.DefaultMavenResourcesFiltering - skip non existing resourceDirectory C:\CurtainCall\CurtainCall\src\test\resources
2025-11-30 15:40:05,598 [Worker-26: Building] WARN  o.apache.maven.project.MavenProject - Direct modification of compileSourceRoots through clear() is deprecated and will not work in Maven 4.0.0. Please use the add/remove methods instead. If you're using a plugin that causes this warning, please upgrade to the latest version and report an issue if the warning persists. To disable these warnings, set -Dmaven.project.sourceRoots.warningsDisabled=true on the command line, in the .mvn/maven.config file, or in project POM properties.
2025-11-30 15:40:05,599 [Worker-26: Building] WARN  o.apache.maven.project.MavenProject - Direct modification of compileSourceRoots through add() is deprecated and will not work in Maven 4.0.0. Please use the add/remove methods instead. If you're using a plugin that causes this warning, please upgrade to the latest version and report an issue if the warning persists. To disable these warnings, set -Dmaven.project.sourceRoots.warningsDisabled=true on the command line, in the .mvn/maven.config file, or in project POM properties.
2025-11-30 15:40:05,599 [Worker-26: Building] WARN  o.apache.maven.project.MavenProject - Direct modification of testCompileSourceRoots through clear() is deprecated and will not work in Maven 4.0.0. Please use the add/remove methods instead. If you're using a plugin that causes this warning, please upgrade to the latest version and report an issue if the warning persists. To disable these warnings, set -Dmaven.project.sourceRoots.warningsDisabled=true on the command line, in the .mvn/maven.config file, or in project POM properties.
2025-11-30 15:40:05,600 [Worker-26: Building] WARN  o.apache.maven.project.MavenProject - Direct modification of testCompileSourceRoots through add() is deprecated and will not work in Maven 4.0.0. Please use the add/remove methods instead. If you're using a plugin that causes this warning, please upgrade to the latest version and report an issue if the warning persists. To disable these warnings, set -Dmaven.project.sourceRoots.warningsDisabled=true on the command line, in the .mvn/maven.config file, or in project POM properties.
2025-11-30 15:41:43,846 [Worker-26: Launching Executing clean in C__CurtainCall_CurtainCall] INFO  o.eclipse.m2e.core.internal.Bundles - getClasspathEntries(Bundle=org.eclipse.m2e.maven.runtime_3.9.1100.20250811-2018 [364])
2025-11-30 15:41:43,850 [Worker-26: Launching Executing clean in C__CurtainCall_CurtainCall] INFO  o.eclipse.m2e.core.internal.Bundles - 	Entry: C:\sts-4.32.2.RELEASE\plugins\org.eclipse.m2e.maven.runtime_3.9.1100.20250811-2018
2025-11-30 15:41:43,851 [Worker-26: Launching Executing clean in C__CurtainCall_CurtainCall] INFO  o.eclipse.m2e.core.internal.Bundles - 	Entry: C:\sts-4.32.2.RELEASE\plugins\org.eclipse.m2e.maven.runtime_3.9.1100.20250811-2018\jars\aopalliance-1.0.jar
2025-11-30 15:41:43,851 [Worker-26: Launching Executing clean in C__CurtainCall_CurtainCall] INFO  o.eclipse.m2e.core.internal.Bundles - 	Entry: C:\sts-4.32.2.RELEASE\plugins\org.eclipse.m2e.maven.runtime_3.9.1100.20250811-2018\jars\asm-9.8.jar
2025-11-30 15:41:43,851 [Worker-26: Launching Executing clean in C__CurtainCall_CurtainCall] INFO  o.eclipse.m2e.core.internal.Bundles - 	Entry: C:\sts-4.32.2.RELEASE\plugins\org.eclipse.m2e.maven.runtime_3.9.1100.20250811-2018\jars\error_prone_annotations-2.38.0.jar
2025-11-30 15:41:43,852 [Worker-26: Launching Executing clean in C__CurtainCall_CurtainCall] INFO  o.eclipse.m2e.core.internal.Bundles - 	Entry: C:\sts-4.32.2.RELEASE\plugins\org.eclipse.m2e.maven.runtime_3.9.1100.20250811-2018\jars\gson-2.13.1.jar
2025-11-30 15:41:43,852 [Worker-26: Launching Executing clean in C__CurtainCall_CurtainCall] INFO  o.eclipse.m2e.core.internal.Bundles - 	Entry: C:\sts-4.32.2.RELEASE\plugins\org.eclipse.m2e.maven.runtime_3.9.1100.20250811-2018\jars\guice-5.1.0-classes.jar
2025-11-30 15:41:43,852 [Worker-26: Launching Executing clean in C__CurtainCall_CurtainCall] INFO  o.eclipse.m2e.core.internal.Bundles - 	Entry: C:\sts-4.32.2.RELEASE\plugins\org.eclipse.m2e.maven.runtime_3.9.1100.20250811-2018\jars\httpclient-4.5.14.jar
2025-11-30 15:41:43,852 [Worker-26: Launching Executing clean in C__CurtainCall_CurtainCall] INFO  o.eclipse.m2e.core.internal.Bundles - 	Entry: C:\sts-4.32.2.RELEASE\plugins\org.eclipse.m2e.maven.runtime_3.9.1100.20250811-2018\jars\httpcore-4.4.16.jar
2025-11-30 15:41:43,852 [Worker-26: Launching Executing clean in C__CurtainCall_CurtainCall] INFO  o.eclipse.m2e.core.internal.Bundles - 	Entry: C:\sts-4.32.2.RELEASE\plugins\org.eclipse.m2e.maven.runtime_3.9.1100.20250811-2018\jars\jansi-2.4.2.jar
2025-11-30 15:41:43,853 [Worker-26: Launching Executing clean in C__CurtainCall_CurtainCall] INFO  o.eclipse.m2e.core.internal.Bundles - 	Entry: C:\sts-4.32.2.RELEASE\plugins\org.eclipse.m2e.maven.runtime_3.9.1100.20250811-2018\jars\jcl-over-slf4j-1.7.36.jar
2025-11-30 15:41:43,853 [Worker-26: Launching Executing clean in C__CurtainCall_CurtainCall] INFO  o.eclipse.m2e.core.internal.Bundles - 	Entry: C:\sts-4.32.2.RELEASE\plugins\org.eclipse.m2e.maven.runtime_3.9.1100.20250811-2018\jars\maven-artifact-3.9.11.jar
2025-11-30 15:41:43,853 [Worker-26: Launching Executing clean in C__CurtainCall_CurtainCall] INFO  o.eclipse.m2e.core.internal.Bundles - 	Entry: C:\sts-4.32.2.RELEASE\plugins\org.eclipse.m2e.maven.runtime_3.9.1100.20250811-2018\jars\maven-builder-support-3.9.11.jar
2025-11-30 15:41:43,853 [Worker-26: Launching Executing clean in C__CurtainCall_CurtainCall] INFO  o.eclipse.m2e.core.internal.Bundles - 	Entry: C:\sts-4.32.2.RELEASE\plugins\org.eclipse.m2e.maven.runtime_3.9.1100.20250811-2018\jars\maven-compat-3.9.11.jar
2025-11-30 15:41:43,854 [Worker-26: Launching Executing clean in C__CurtainCall_CurtainCall] INFO  o.eclipse.m2e.core.internal.Bundles - 	Entry: C:\sts-4.32.2.RELEASE\plugins\org.eclipse.m2e.maven.runtime_3.9.1100.20250811-2018\jars\maven-core-3.9.11.jar
2025-11-30 15:41:43,854 [Worker-26: Launching Executing clean in C__CurtainCall_CurtainCall] INFO  o.eclipse.m2e.core.internal.Bundles - 	Entry: C:\sts-4.32.2.RELEASE\plugins\org.eclipse.m2e.maven.runtime_3.9.1100.20250811-2018\jars\maven-embedder-3.9.11.jar
2025-11-30 15:41:43,854 [Worker-26: Launching Executing clean in C__CurtainCall_CurtainCall] INFO  o.eclipse.m2e.core.internal.Bundles - 	Entry: C:\sts-4.32.2.RELEASE\plugins\org.eclipse.m2e.maven.runtime_3.9.1100.20250811-2018\jars\maven-model-3.9.11.jar
2025-11-30 15:41:43,854 [Worker-26: Launching Executing clean in C__CurtainCall_CurtainCall] INFO  o.eclipse.m2e.core.internal.Bundles - 	Entry: C:\sts-4.32.2.RELEASE\plugins\org.eclipse.m2e.maven.runtime_3.9.1100.20250811-2018\jars\maven-model-builder-3.9.11.jar
2025-11-30 15:41:43,854 [Worker-26: Launching Executing clean in C__CurtainCall_CurtainCall] INFO  o.eclipse.m2e.core.internal.Bundles - 	Entry: C:\sts-4.32.2.RELEASE\plugins\org.eclipse.m2e.maven.runtime_3.9.1100.20250811-2018\jars\maven-plugin-api-3.9.11.jar
2025-11-30 15:41:43,854 [Worker-26: Launching Executing clean in C__CurtainCall_CurtainCall] INFO  o.eclipse.m2e.core.internal.Bundles - 	Entry: C:\sts-4.32.2.RELEASE\plugins\org.eclipse.m2e.maven.runtime_3.9.1100.20250811-2018\jars\maven-repository-metadata-3.9.11.jar
2025-11-30 15:41:43,854 [Worker-26: Launching Executing clean in C__CurtainCall_CurtainCall] INFO  o.eclipse.m2e.core.internal.Bundles - 	Entry: C:\sts-4.32.2.RELEASE\plugins\org.eclipse.m2e.maven.runtime_3.9.1100.20250811-2018\jars\maven-resolver-api-1.9.24.jar
2025-11-30 15:41:43,855 [Worker-26: Launching Executing clean in C__CurtainCall_CurtainCall] INFO  o.eclipse.m2e.core.internal.Bundles - 	Entry: C:\sts-4.32.2.RELEASE\plugins\org.eclipse.m2e.maven.runtime_3.9.1100.20250811-2018\jars\maven-resolver-connector-basic-1.9.24.jar
2025-11-30 15:41:43,855 [Worker-26: Launching Executing clean in C__CurtainCall_CurtainCall] INFO  o.eclipse.m2e.core.internal.Bundles - 	Entry: C:\sts-4.32.2.RELEASE\plugins\org.eclipse.m2e.maven.runtime_3.9.1100.20250811-2018\jars\maven-resolver-impl-1.9.24.jar
2025-11-30 15:41:43,855 [Worker-26: Launching Executing clean in C__CurtainCall_CurtainCall] INFO  o.eclipse.m2e.core.internal.Bundles - 	Entry: C:\sts-4.32.2.RELEASE\plugins\org.eclipse.m2e.maven.runtime_3.9.1100.20250811-2018\jars\maven-resolver-named-locks-1.9.24.jar
2025-11-30 15:41:43,855 [Worker-26: Launching Executing clean in C__CurtainCall_CurtainCall] INFO  o.eclipse.m2e.core.internal.Bundles - 	Entry: C:\sts-4.32.2.RELEASE\plugins\org.eclipse.m2e.maven.runtime_3.9.1100.20250811-2018\jars\maven-resolver-provider-3.9.11.jar
2025-11-30 15:41:43,855 [Worker-26: Launching Executing clean in C__CurtainCall_CurtainCall] INFO  o.eclipse.m2e.core.internal.Bundles - 	Entry: C:\sts-4.32.2.RELEASE\plugins\org.eclipse.m2e.maven.runtime_3.9.1100.20250811-2018\jars\maven-resolver-spi-1.9.24.jar
2025-11-30 15:41:43,856 [Worker-26: Launching Executing clean in C__CurtainCall_CurtainCall] INFO  o.eclipse.m2e.core.internal.Bundles - 	Entry: C:\sts-4.32.2.RELEASE\plugins\org.eclipse.m2e.maven.runtime_3.9.1100.20250811-2018\jars\maven-resolver-transport-file-1.9.24.jar
2025-11-30 15:41:43,856 [Worker-26: Launching Executing clean in C__CurtainCall_CurtainCall] INFO  o.eclipse.m2e.core.internal.Bundles - 	Entry: C:\sts-4.32.2.RELEASE\plugins\org.eclipse.m2e.maven.runtime_3.9.1100.20250811-2018\jars\maven-resolver-transport-http-1.9.24.jar
2025-11-30 15:41:43,856 [Worker-26: Launching Executing clean in C__CurtainCall_CurtainCall] INFO  o.eclipse.m2e.core.internal.Bundles - 	Entry: C:\sts-4.32.2.RELEASE\plugins\org.eclipse.m2e.maven.runtime_3.9.1100.20250811-2018\jars\maven-resolver-transport-wagon-1.9.24.jar
2025-11-30 15:41:43,856 [Worker-26: Launching Executing clean in C__CurtainCall_CurtainCall] INFO  o.eclipse.m2e.core.internal.Bundles - 	Entry: C:\sts-4.32.2.RELEASE\plugins\org.eclipse.m2e.maven.runtime_3.9.1100.20250811-2018\jars\maven-resolver-util-1.9.24.jar
2025-11-30 15:41:43,856 [Worker-26: Launching Executing clean in C__CurtainCall_CurtainCall] INFO  o.eclipse.m2e.core.internal.Bundles - 	Entry: C:\sts-4.32.2.RELEASE\plugins\org.eclipse.m2e.maven.runtime_3.9.1100.20250811-2018\jars\maven-settings-3.9.11.jar
2025-11-30 15:41:43,856 [Worker-26: Launching Executing clean in C__CurtainCall_CurtainCall] INFO  o.eclipse.m2e.core.internal.Bundles - 	Entry: C:\sts-4.32.2.RELEASE\plugins\org.eclipse.m2e.maven.runtime_3.9.1100.20250811-2018\jars\maven-settings-builder-3.9.11.jar
2025-11-30 15:41:43,857 [Worker-26: Launching Executing clean in C__CurtainCall_CurtainCall] INFO  o.eclipse.m2e.core.internal.Bundles - 	Entry: C:\sts-4.32.2.RELEASE\plugins\org.eclipse.m2e.maven.runtime_3.9.1100.20250811-2018\jars\maven-shared-utils-3.4.2.jar
2025-11-30 15:41:43,857 [Worker-26: Launching Executing clean in C__CurtainCall_CurtainCall] INFO  o.eclipse.m2e.core.internal.Bundles - 	Entry: C:\sts-4.32.2.RELEASE\plugins\org.eclipse.m2e.maven.runtime_3.9.1100.20250811-2018\jars\org.eclipse.sisu.inject-0.9.0.M4.jar
2025-11-30 15:41:43,857 [Worker-26: Launching Executing clean in C__CurtainCall_CurtainCall] INFO  o.eclipse.m2e.core.internal.Bundles - 	Entry: C:\sts-4.32.2.RELEASE\plugins\org.eclipse.m2e.maven.runtime_3.9.1100.20250811-2018\jars\org.eclipse.sisu.plexus-0.9.0.M4.jar
2025-11-30 15:41:43,857 [Worker-26: Launching Executing clean in C__CurtainCall_CurtainCall] INFO  o.eclipse.m2e.core.internal.Bundles - 	Entry: C:\sts-4.32.2.RELEASE\plugins\org.eclipse.m2e.maven.runtime_3.9.1100.20250811-2018\jars\plexus-build-api-0.0.7.jar
2025-11-30 15:41:43,858 [Worker-26: Launching Executing clean in C__CurtainCall_CurtainCall] INFO  o.eclipse.m2e.core.internal.Bundles - 	Entry: C:\sts-4.32.2.RELEASE\plugins\org.eclipse.m2e.maven.runtime_3.9.1100.20250811-2018\jars\plexus-build-api-1.2.0.jar
2025-11-30 15:41:43,858 [Worker-26: Launching Executing clean in C__CurtainCall_CurtainCall] INFO  o.eclipse.m2e.core.internal.Bundles - 	Entry: C:\sts-4.32.2.RELEASE\plugins\org.eclipse.m2e.maven.runtime_3.9.1100.20250811-2018\jars\plexus-cipher-2.0.jar
2025-11-30 15:41:43,858 [Worker-26: Launching Executing clean in C__CurtainCall_CurtainCall] INFO  o.eclipse.m2e.core.internal.Bundles - 	Entry: C:\sts-4.32.2.RELEASE\plugins\org.eclipse.m2e.maven.runtime_3.9.1100.20250811-2018\jars\plexus-classworlds-2.9.0.jar
2025-11-30 15:41:43,858 [Worker-26: Launching Executing clean in C__CurtainCall_CurtainCall] INFO  o.eclipse.m2e.core.internal.Bundles - 	Entry: C:\sts-4.32.2.RELEASE\plugins\org.eclipse.m2e.maven.runtime_3.9.1100.20250811-2018\jars\plexus-component-annotations-2.2.0.jar
2025-11-30 15:41:43,858 [Worker-26: Launching Executing clean in C__CurtainCall_CurtainCall] INFO  o.eclipse.m2e.core.internal.Bundles - 	Entry: C:\sts-4.32.2.RELEASE\plugins\org.eclipse.m2e.maven.runtime_3.9.1100.20250811-2018\jars\plexus-interpolation-1.28.jar
2025-11-30 15:41:43,858 [Worker-26: Launching Executing clean in C__CurtainCall_CurtainCall] INFO  o.eclipse.m2e.core.internal.Bundles - 	Entry: C:\sts-4.32.2.RELEASE\plugins\org.eclipse.m2e.maven.runtime_3.9.1100.20250811-2018\jars\plexus-sec-dispatcher-2.0.jar
2025-11-30 15:41:43,859 [Worker-26: Launching Executing clean in C__CurtainCall_CurtainCall] INFO  o.eclipse.m2e.core.internal.Bundles - 	Entry: C:\sts-4.32.2.RELEASE\plugins\org.eclipse.m2e.maven.runtime_3.9.1100.20250811-2018\jars\plexus-utils-3.6.0.jar
2025-11-30 15:41:43,859 [Worker-26: Launching Executing clean in C__CurtainCall_CurtainCall] INFO  o.eclipse.m2e.core.internal.Bundles - 	Entry: C:\sts-4.32.2.RELEASE\plugins\org.eclipse.m2e.maven.runtime_3.9.1100.20250811-2018\jars\wagon-file-3.5.3.jar
2025-11-30 15:41:43,859 [Worker-26: Launching Executing clean in C__CurtainCall_CurtainCall] INFO  o.eclipse.m2e.core.internal.Bundles - 	Entry: C:\sts-4.32.2.RELEASE\plugins\org.eclipse.m2e.maven.runtime_3.9.1100.20250811-2018\jars\wagon-http-3.5.3.jar
2025-11-30 15:41:43,859 [Worker-26: Launching Executing clean in C__CurtainCall_CurtainCall] INFO  o.eclipse.m2e.core.internal.Bundles - 	Entry: C:\sts-4.32.2.RELEASE\plugins\org.eclipse.m2e.maven.runtime_3.9.1100.20250811-2018\jars\wagon-http-shared-3.5.3.jar
2025-11-30 15:41:43,859 [Worker-26: Launching Executing clean in C__CurtainCall_CurtainCall] INFO  o.eclipse.m2e.core.internal.Bundles - 	Entry: C:\sts-4.32.2.RELEASE\plugins\org.eclipse.m2e.maven.runtime_3.9.1100.20250811-2018\jars\wagon-provider-api-3.5.3.jar
2025-11-30 15:41:43,861 [Worker-26: Launching Executing clean in C__CurtainCall_CurtainCall] INFO  o.eclipse.m2e.core.internal.Bundles - getClasspathEntries(Bundle=com.google.guava_33.4.8.jre [31])
2025-11-30 15:41:43,861 [Worker-26: Launching Executing clean in C__CurtainCall_CurtainCall] INFO  o.eclipse.m2e.core.internal.Bundles - 	Entry: C:\sts-4.32.2.RELEASE\plugins\com.google.guava_33.4.8.jre.jar
2025-11-30 15:41:43,861 [Worker-26: Launching Executing clean in C__CurtainCall_CurtainCall] INFO  o.eclipse.m2e.core.internal.Bundles - getClasspathEntries(Bundle=slf4j.api_2.0.17 [612])
2025-11-30 15:41:43,862 [Worker-26: Launching Executing clean in C__CurtainCall_CurtainCall] INFO  o.eclipse.m2e.core.internal.Bundles - 	Entry: C:\sts-4.32.2.RELEASE\plugins\slf4j.api_2.0.17.jar
2025-11-30 15:41:43,863 [Worker-26: Launching Executing clean in C__CurtainCall_CurtainCall] INFO  o.eclipse.m2e.core.internal.Bundles - getClasspathEntries(Bundle=jakarta.inject.jakarta.inject-api_1.0.5 [46])
2025-11-30 15:41:43,864 [Worker-26: Launching Executing clean in C__CurtainCall_CurtainCall] INFO  o.eclipse.m2e.core.internal.Bundles - 	Entry: C:\sts-4.32.2.RELEASE\plugins\jakarta.inject.jakarta.inject-api_1.0.5.jar
2025-11-30 15:41:43,864 [Worker-26: Launching Executing clean in C__CurtainCall_CurtainCall] INFO  o.eclipse.m2e.core.internal.Bundles - getClasspathEntries(Bundle=jakarta.annotation-api_1.3.5 [43])
2025-11-30 15:41:43,864 [Worker-26: Launching Executing clean in C__CurtainCall_CurtainCall] INFO  o.eclipse.m2e.core.internal.Bundles - 	Entry: C:\sts-4.32.2.RELEASE\plugins\jakarta.annotation-api_1.3.5.jar
2025-11-30 15:41:43,864 [Worker-26: Launching Executing clean in C__CurtainCall_CurtainCall] INFO  o.eclipse.m2e.core.internal.Bundles - getClasspathEntries(Bundle=org.apache.commons.cli_1.10.0 [78])
2025-11-30 15:41:43,865 [Worker-26: Launching Executing clean in C__CurtainCall_CurtainCall] INFO  o.eclipse.m2e.core.internal.Bundles - 	Entry: C:\sts-4.32.2.RELEASE\plugins\org.apache.commons.cli_1.10.0.jar
2025-11-30 15:41:43,865 [Worker-26: Launching Executing clean in C__CurtainCall_CurtainCall] INFO  o.eclipse.m2e.core.internal.Bundles - getClasspathEntries(Bundle=org.apache.commons.commons-codec_1.19.0 [80])
2025-11-30 15:41:43,865 [Worker-26: Launching Executing clean in C__CurtainCall_CurtainCall] INFO  o.eclipse.m2e.core.internal.Bundles - 	Entry: C:\sts-4.32.2.RELEASE\plugins\org.apache.commons.commons-codec_1.19.0.jar
2025-11-30 15:41:43,865 [Worker-26: Launching Executing clean in C__CurtainCall_CurtainCall] INFO  o.eclipse.m2e.core.internal.Bundles - getClasspathEntries(Bundle=com.google.guava.failureaccess_1.0.3 [32])
2025-11-30 15:41:43,866 [Worker-26: Launching Executing clean in C__CurtainCall_CurtainCall] INFO  o.eclipse.m2e.core.internal.Bundles - 	Entry: C:\sts-4.32.2.RELEASE\plugins\com.google.guava.failureaccess_1.0.3.jar
2025-11-30 15:41:43,872 [Worker-26: Launching Executing clean in C__CurtainCall_CurtainCall] INFO  o.e.m.i.launch.MavenLaunchDelegate - Run build in "C:\CurtainCall\CurtainCall":
2025-11-30 15:41:43,873 [Worker-26: Launching Executing clean in C__CurtainCall_CurtainCall] INFO  o.e.m.i.launch.MavenLaunchDelegate -  mvn  -B -Dstyle.color=always clean
2025-11-30 15:41:47,769 [Worker-27: Building] INFO  o.a.m.s.f.DefaultMavenResourcesFiltering - Copying 1 resource from src\main\resources to target\classes
2025-11-30 15:41:47,782 [Worker-27: Building] INFO  o.a.m.s.f.DefaultMavenResourcesFiltering - Copying 5 resources from src\main\resources to target\classes
2025-11-30 15:41:47,796 [Worker-27: Building] INFO  o.a.m.s.f.DefaultMavenResourcesFiltering - skip non existing resourceDirectory C:\CurtainCall\CurtainCall\src\test\resources
2025-11-30 15:41:47,809 [Worker-27: Building] WARN  o.apache.maven.project.MavenProject - Direct modification of compileSourceRoots through clear() is deprecated and will not work in Maven 4.0.0. Please use the add/remove methods instead. If you're using a plugin that causes this warning, please upgrade to the latest version and report an issue if the warning persists. To disable these warnings, set -Dmaven.project.sourceRoots.warningsDisabled=true on the command line, in the .mvn/maven.config file, or in project POM properties.
2025-11-30 15:41:47,810 [Worker-27: Building] WARN  o.apache.maven.project.MavenProject - Direct modification of compileSourceRoots through add() is deprecated and will not work in Maven 4.0.0. Please use the add/remove methods instead. If you're using a plugin that causes this warning, please upgrade to the latest version and report an issue if the warning persists. To disable these warnings, set -Dmaven.project.sourceRoots.warningsDisabled=true on the command line, in the .mvn/maven.config file, or in project POM properties.
2025-11-30 15:41:47,811 [Worker-27: Building] WARN  o.apache.maven.project.MavenProject - Direct modification of testCompileSourceRoots through clear() is deprecated and will not work in Maven 4.0.0. Please use the add/remove methods instead. If you're using a plugin that causes this warning, please upgrade to the latest version and report an issue if the warning persists. To disable these warnings, set -Dmaven.project.sourceRoots.warningsDisabled=true on the command line, in the .mvn/maven.config file, or in project POM properties.
2025-11-30 15:41:47,811 [Worker-27: Building] WARN  o.apache.maven.project.MavenProject - Direct modification of testCompileSourceRoots through add() is deprecated and will not work in Maven 4.0.0. Please use the add/remove methods instead. If you're using a plugin that causes this warning, please upgrade to the latest version and report an issue if the warning persists. To disable these warnings, set -Dmaven.project.sourceRoots.warningsDisabled=true on the command line, in the .mvn/maven.config file, or in project POM properties.
2025-11-30 15:41:54,231 [Worker-25: Launching Executing install in C__CurtainCall_CurtainCall] INFO  o.eclipse.m2e.core.internal.Bundles - getClasspathEntries(Bundle=org.eclipse.m2e.maven.runtime_3.9.1100.20250811-2018 [364])
2025-11-30 15:41:54,232 [Worker-25: Launching Executing install in C__CurtainCall_CurtainCall] INFO  o.eclipse.m2e.core.internal.Bundles - 	Entry: C:\sts-4.32.2.RELEASE\plugins\org.eclipse.m2e.maven.runtime_3.9.1100.20250811-2018
2025-11-30 15:41:54,232 [Worker-25: Launching Executing install in C__CurtainCall_CurtainCall] INFO  o.eclipse.m2e.core.internal.Bundles - 	Entry: C:\sts-4.32.2.RELEASE\plugins\org.eclipse.m2e.maven.runtime_3.9.1100.20250811-2018\jars\aopalliance-1.0.jar
2025-11-30 15:41:54,232 [Worker-25: Launching Executing install in C__CurtainCall_CurtainCall] INFO  o.eclipse.m2e.core.internal.Bundles - 	Entry: C:\sts-4.32.2.RELEASE\plugins\org.eclipse.m2e.maven.runtime_3.9.1100.20250811-2018\jars\asm-9.8.jar
2025-11-30 15:41:54,233 [Worker-25: Launching Executing install in C__CurtainCall_CurtainCall] INFO  o.eclipse.m2e.core.internal.Bundles - 	Entry: C:\sts-4.32.2.RELEASE\plugins\org.eclipse.m2e.maven.runtime_3.9.1100.20250811-2018\jars\error_prone_annotations-2.38.0.jar
2025-11-30 15:41:54,233 [Worker-25: Launching Executing install in C__CurtainCall_CurtainCall] INFO  o.eclipse.m2e.core.internal.Bundles - 	Entry: C:\sts-4.32.2.RELEASE\plugins\org.eclipse.m2e.maven.runtime_3.9.1100.20250811-2018\jars\gson-2.13.1.jar
2025-11-30 15:41:54,233 [Worker-25: Launching Executing install in C__CurtainCall_CurtainCall] INFO  o.eclipse.m2e.core.internal.Bundles - 	Entry: C:\sts-4.32.2.RELEASE\plugins\org.eclipse.m2e.maven.runtime_3.9.1100.20250811-2018\jars\guice-5.1.0-classes.jar
2025-11-30 15:41:54,233 [Worker-25: Launching Executing install in C__CurtainCall_CurtainCall] INFO  o.eclipse.m2e.core.internal.Bundles - 	Entry: C:\sts-4.32.2.RELEASE\plugins\org.eclipse.m2e.maven.runtime_3.9.1100.20250811-2018\jars\httpclient-4.5.14.jar
2025-11-30 15:41:54,233 [Worker-25: Launching Executing install in C__CurtainCall_CurtainCall] INFO  o.eclipse.m2e.core.internal.Bundles - 	Entry: C:\sts-4.32.2.RELEASE\plugins\org.eclipse.m2e.maven.runtime_3.9.1100.20250811-2018\jars\httpcore-4.4.16.jar
2025-11-30 15:41:54,233 [Worker-25: Launching Executing install in C__CurtainCall_CurtainCall] INFO  o.eclipse.m2e.core.internal.Bundles - 	Entry: C:\sts-4.32.2.RELEASE\plugins\org.eclipse.m2e.maven.runtime_3.9.1100.20250811-2018\jars\jansi-2.4.2.jar
2025-11-30 15:41:54,233 [Worker-25: Launching Executing install in C__CurtainCall_CurtainCall] INFO  o.eclipse.m2e.core.internal.Bundles - 	Entry: C:\sts-4.32.2.RELEASE\plugins\org.eclipse.m2e.maven.runtime_3.9.1100.20250811-2018\jars\jcl-over-slf4j-1.7.36.jar
2025-11-30 15:41:54,234 [Worker-25: Launching Executing install in C__CurtainCall_CurtainCall] INFO  o.eclipse.m2e.core.internal.Bundles - 	Entry: C:\sts-4.32.2.RELEASE\plugins\org.eclipse.m2e.maven.runtime_3.9.1100.20250811-2018\jars\maven-artifact-3.9.11.jar
2025-11-30 15:41:54,234 [Worker-25: Launching Executing install in C__CurtainCall_CurtainCall] INFO  o.eclipse.m2e.core.internal.Bundles - 	Entry: C:\sts-4.32.2.RELEASE\plugins\org.eclipse.m2e.maven.runtime_3.9.1100.20250811-2018\jars\maven-builder-support-3.9.11.jar
2025-11-30 15:41:54,234 [Worker-25: Launching Executing install in C__CurtainCall_CurtainCall] INFO  o.eclipse.m2e.core.internal.Bundles - 	Entry: C:\sts-4.32.2.RELEASE\plugins\org.eclipse.m2e.maven.runtime_3.9.1100.20250811-2018\jars\maven-compat-3.9.11.jar
2025-11-30 15:41:54,234 [Worker-25: Launching Executing install in C__CurtainCall_CurtainCall] INFO  o.eclipse.m2e.core.internal.Bundles - 	Entry: C:\sts-4.32.2.RELEASE\plugins\org.eclipse.m2e.maven.runtime_3.9.1100.20250811-2018\jars\maven-core-3.9.11.jar
2025-11-30 15:41:54,234 [Worker-25: Launching Executing install in C__CurtainCall_CurtainCall] INFO  o.eclipse.m2e.core.internal.Bundles - 	Entry: C:\sts-4.32.2.RELEASE\plugins\org.eclipse.m2e.maven.runtime_3.9.1100.20250811-2018\jars\maven-embedder-3.9.11.jar
2025-11-30 15:41:54,234 [Worker-25: Launching Executing install in C__CurtainCall_CurtainCall] INFO  o.eclipse.m2e.core.internal.Bundles - 	Entry: C:\sts-4.32.2.RELEASE\plugins\org.eclipse.m2e.maven.runtime_3.9.1100.20250811-2018\jars\maven-model-3.9.11.jar
2025-11-30 15:41:54,235 [Worker-25: Launching Executing install in C__CurtainCall_CurtainCall] INFO  o.eclipse.m2e.core.internal.Bundles - 	Entry: C:\sts-4.32.2.RELEASE\plugins\org.eclipse.m2e.maven.runtime_3.9.1100.20250811-2018\jars\maven-model-builder-3.9.11.jar
2025-11-30 15:41:54,235 [Worker-25: Launching Executing install in C__CurtainCall_CurtainCall] INFO  o.eclipse.m2e.core.internal.Bundles - 	Entry: C:\sts-4.32.2.RELEASE\plugins\org.eclipse.m2e.maven.runtime_3.9.1100.20250811-2018\jars\maven-plugin-api-3.9.11.jar
2025-11-30 15:41:54,235 [Worker-25: Launching Executing install in C__CurtainCall_CurtainCall] INFO  o.eclipse.m2e.core.internal.Bundles - 	Entry: C:\sts-4.32.2.RELEASE\plugins\org.eclipse.m2e.maven.runtime_3.9.1100.20250811-2018\jars\maven-repository-metadata-3.9.11.jar
2025-11-30 15:41:54,235 [Worker-25: Launching Executing install in C__CurtainCall_CurtainCall] INFO  o.eclipse.m2e.core.internal.Bundles - 	Entry: C:\sts-4.32.2.RELEASE\plugins\org.eclipse.m2e.maven.runtime_3.9.1100.20250811-2018\jars\maven-resolver-api-1.9.24.jar
2025-11-30 15:41:54,235 [Worker-25: Launching Executing install in C__CurtainCall_CurtainCall] INFO  o.eclipse.m2e.core.internal.Bundles - 	Entry: C:\sts-4.32.2.RELEASE\plugins\org.eclipse.m2e.maven.runtime_3.9.1100.20250811-2018\jars\maven-resolver-connector-basic-1.9.24.jar
2025-11-30 15:41:54,235 [Worker-25: Launching Executing install in C__CurtainCall_CurtainCall] INFO  o.eclipse.m2e.core.internal.Bundles - 	Entry: C:\sts-4.32.2.RELEASE\plugins\org.eclipse.m2e.maven.runtime_3.9.1100.20250811-2018\jars\maven-resolver-impl-1.9.24.jar
2025-11-30 15:41:54,235 [Worker-25: Launching Executing install in C__CurtainCall_CurtainCall] INFO  o.eclipse.m2e.core.internal.Bundles - 	Entry: C:\sts-4.32.2.RELEASE\plugins\org.eclipse.m2e.maven.runtime_3.9.1100.20250811-2018\jars\maven-resolver-named-locks-1.9.24.jar
2025-11-30 15:41:54,235 [Worker-25: Launching Executing install in C__CurtainCall_CurtainCall] INFO  o.eclipse.m2e.core.internal.Bundles - 	Entry: C:\sts-4.32.2.RELEASE\plugins\org.eclipse.m2e.maven.runtime_3.9.1100.20250811-2018\jars\maven-resolver-provider-3.9.11.jar
2025-11-30 15:41:54,236 [Worker-25: Launching Executing install in C__CurtainCall_CurtainCall] INFO  o.eclipse.m2e.core.internal.Bundles - 	Entry: C:\sts-4.32.2.RELEASE\plugins\org.eclipse.m2e.maven.runtime_3.9.1100.20250811-2018\jars\maven-resolver-spi-1.9.24.jar
2025-11-30 15:41:54,236 [Worker-25: Launching Executing install in C__CurtainCall_CurtainCall] INFO  o.eclipse.m2e.core.internal.Bundles - 	Entry: C:\sts-4.32.2.RELEASE\plugins\org.eclipse.m2e.maven.runtime_3.9.1100.20250811-2018\jars\maven-resolver-transport-file-1.9.24.jar
2025-11-30 15:41:54,236 [Worker-25: Launching Executing install in C__CurtainCall_CurtainCall] INFO  o.eclipse.m2e.core.internal.Bundles - 	Entry: C:\sts-4.32.2.RELEASE\plugins\org.eclipse.m2e.maven.runtime_3.9.1100.20250811-2018\jars\maven-resolver-transport-http-1.9.24.jar
2025-11-30 15:41:54,236 [Worker-25: Launching Executing install in C__CurtainCall_CurtainCall] INFO  o.eclipse.m2e.core.internal.Bundles - 	Entry: C:\sts-4.32.2.RELEASE\plugins\org.eclipse.m2e.maven.runtime_3.9.1100.20250811-2018\jars\maven-resolver-transport-wagon-1.9.24.jar
2025-11-30 15:41:54,236 [Worker-25: Launching Executing install in C__CurtainCall_CurtainCall] INFO  o.eclipse.m2e.core.internal.Bundles - 	Entry: C:\sts-4.32.2.RELEASE\plugins\org.eclipse.m2e.maven.runtime_3.9.1100.20250811-2018\jars\maven-resolver-util-1.9.24.jar
2025-11-30 15:41:54,236 [Worker-25: Launching Executing install in C__CurtainCall_CurtainCall] INFO  o.eclipse.m2e.core.internal.Bundles - 	Entry: C:\sts-4.32.2.RELEASE\plugins\org.eclipse.m2e.maven.runtime_3.9.1100.20250811-2018\jars\maven-settings-3.9.11.jar
2025-11-30 15:41:54,236 [Worker-25: Launching Executing install in C__CurtainCall_CurtainCall] INFO  o.eclipse.m2e.core.internal.Bundles - 	Entry: C:\sts-4.32.2.RELEASE\plugins\org.eclipse.m2e.maven.runtime_3.9.1100.20250811-2018\jars\maven-settings-builder-3.9.11.jar
2025-11-30 15:41:54,237 [Worker-25: Launching Executing install in C__CurtainCall_CurtainCall] INFO  o.eclipse.m2e.core.internal.Bundles - 	Entry: C:\sts-4.32.2.RELEASE\plugins\org.eclipse.m2e.maven.runtime_3.9.1100.20250811-2018\jars\maven-shared-utils-3.4.2.jar
2025-11-30 15:41:54,237 [Worker-25: Launching Executing install in C__CurtainCall_CurtainCall] INFO  o.eclipse.m2e.core.internal.Bundles - 	Entry: C:\sts-4.32.2.RELEASE\plugins\org.eclipse.m2e.maven.runtime_3.9.1100.20250811-2018\jars\org.eclipse.sisu.inject-0.9.0.M4.jar
2025-11-30 15:41:54,237 [Worker-25: Launching Executing install in C__CurtainCall_CurtainCall] INFO  o.eclipse.m2e.core.internal.Bundles - 	Entry: C:\sts-4.32.2.RELEASE\plugins\org.eclipse.m2e.maven.runtime_3.9.1100.20250811-2018\jars\org.eclipse.sisu.plexus-0.9.0.M4.jar
2025-11-30 15:41:54,237 [Worker-25: Launching Executing install in C__CurtainCall_CurtainCall] INFO  o.eclipse.m2e.core.internal.Bundles - 	Entry: C:\sts-4.32.2.RELEASE\plugins\org.eclipse.m2e.maven.runtime_3.9.1100.20250811-2018\jars\plexus-build-api-0.0.7.jar
2025-11-30 15:41:54,237 [Worker-25: Launching Executing install in C__CurtainCall_CurtainCall] INFO  o.eclipse.m2e.core.internal.Bundles - 	Entry: C:\sts-4.32.2.RELEASE\plugins\org.eclipse.m2e.maven.runtime_3.9.1100.20250811-2018\jars\plexus-build-api-1.2.0.jar
2025-11-30 15:41:54,237 [Worker-25: Launching Executing install in C__CurtainCall_CurtainCall] INFO  o.eclipse.m2e.core.internal.Bundles - 	Entry: C:\sts-4.32.2.RELEASE\plugins\org.eclipse.m2e.maven.runtime_3.9.1100.20250811-2018\jars\plexus-cipher-2.0.jar
2025-11-30 15:41:54,237 [Worker-25: Launching Executing install in C__CurtainCall_CurtainCall] INFO  o.eclipse.m2e.core.internal.Bundles - 	Entry: C:\sts-4.32.2.RELEASE\plugins\org.eclipse.m2e.maven.runtime_3.9.1100.20250811-2018\jars\plexus-classworlds-2.9.0.jar
2025-11-30 15:41:54,237 [Worker-25: Launching Executing install in C__CurtainCall_CurtainCall] INFO  o.eclipse.m2e.core.internal.Bundles - 	Entry: C:\sts-4.32.2.RELEASE\plugins\org.eclipse.m2e.maven.runtime_3.9.1100.20250811-2018\jars\plexus-component-annotations-2.2.0.jar
2025-11-30 15:41:54,237 [Worker-25: Launching Executing install in C__CurtainCall_CurtainCall] INFO  o.eclipse.m2e.core.internal.Bundles - 	Entry: C:\sts-4.32.2.RELEASE\plugins\org.eclipse.m2e.maven.runtime_3.9.1100.20250811-2018\jars\plexus-interpolation-1.28.jar
2025-11-30 15:41:54,238 [Worker-25: Launching Executing install in C__CurtainCall_CurtainCall] INFO  o.eclipse.m2e.core.internal.Bundles - 	Entry: C:\sts-4.32.2.RELEASE\plugins\org.eclipse.m2e.maven.runtime_3.9.1100.20250811-2018\jars\plexus-sec-dispatcher-2.0.jar
2025-11-30 15:41:54,238 [Worker-25: Launching Executing install in C__CurtainCall_CurtainCall] INFO  o.eclipse.m2e.core.internal.Bundles - 	Entry: C:\sts-4.32.2.RELEASE\plugins\org.eclipse.m2e.maven.runtime_3.9.1100.20250811-2018\jars\plexus-utils-3.6.0.jar
2025-11-30 15:41:54,238 [Worker-25: Launching Executing install in C__CurtainCall_CurtainCall] INFO  o.eclipse.m2e.core.internal.Bundles - 	Entry: C:\sts-4.32.2.RELEASE\plugins\org.eclipse.m2e.maven.runtime_3.9.1100.20250811-2018\jars\wagon-file-3.5.3.jar
2025-11-30 15:41:54,238 [Worker-25: Launching Executing install in C__CurtainCall_CurtainCall] INFO  o.eclipse.m2e.core.internal.Bundles - 	Entry: C:\sts-4.32.2.RELEASE\plugins\org.eclipse.m2e.maven.runtime_3.9.1100.20250811-2018\jars\wagon-http-3.5.3.jar
2025-11-30 15:41:54,238 [Worker-25: Launching Executing install in C__CurtainCall_CurtainCall] INFO  o.eclipse.m2e.core.internal.Bundles - 	Entry: C:\sts-4.32.2.RELEASE\plugins\org.eclipse.m2e.maven.runtime_3.9.1100.20250811-2018\jars\wagon-http-shared-3.5.3.jar
2025-11-30 15:41:54,238 [Worker-25: Launching Executing install in C__CurtainCall_CurtainCall] INFO  o.eclipse.m2e.core.internal.Bundles - 	Entry: C:\sts-4.32.2.RELEASE\plugins\org.eclipse.m2e.maven.runtime_3.9.1100.20250811-2018\jars\wagon-provider-api-3.5.3.jar
2025-11-30 15:41:54,239 [Worker-25: Launching Executing install in C__CurtainCall_CurtainCall] INFO  o.eclipse.m2e.core.internal.Bundles - getClasspathEntries(Bundle=com.google.guava_33.4.8.jre [31])
2025-11-30 15:41:54,239 [Worker-25: Launching Executing install in C__CurtainCall_CurtainCall] INFO  o.eclipse.m2e.core.internal.Bundles - 	Entry: C:\sts-4.32.2.RELEASE\plugins\com.google.guava_33.4.8.jre.jar
2025-11-30 15:41:54,239 [Worker-25: Launching Executing install in C__CurtainCall_CurtainCall] INFO  o.eclipse.m2e.core.internal.Bundles - getClasspathEntries(Bundle=slf4j.api_2.0.17 [612])
2025-11-30 15:41:54,239 [Worker-25: Launching Executing install in C__CurtainCall_CurtainCall] INFO  o.eclipse.m2e.core.internal.Bundles - 	Entry: C:\sts-4.32.2.RELEASE\plugins\slf4j.api_2.0.17.jar
2025-11-30 15:41:54,239 [Worker-25: Launching Executing install in C__CurtainCall_CurtainCall] INFO  o.eclipse.m2e.core.internal.Bundles - getClasspathEntries(Bundle=jakarta.inject.jakarta.inject-api_1.0.5 [46])
2025-11-30 15:41:54,240 [Worker-25: Launching Executing install in C__CurtainCall_CurtainCall] INFO  o.eclipse.m2e.core.internal.Bundles - 	Entry: C:\sts-4.32.2.RELEASE\plugins\jakarta.inject.jakarta.inject-api_1.0.5.jar
2025-11-30 15:41:54,240 [Worker-25: Launching Executing install in C__CurtainCall_CurtainCall] INFO  o.eclipse.m2e.core.internal.Bundles - getClasspathEntries(Bundle=jakarta.annotation-api_1.3.5 [43])
2025-11-30 15:41:54,240 [Worker-25: Launching Executing install in C__CurtainCall_CurtainCall] INFO  o.eclipse.m2e.core.internal.Bundles - 	Entry: C:\sts-4.32.2.RELEASE\plugins\jakarta.annotation-api_1.3.5.jar
2025-11-30 15:41:54,240 [Worker-25: Launching Executing install in C__CurtainCall_CurtainCall] INFO  o.eclipse.m2e.core.internal.Bundles - getClasspathEntries(Bundle=org.apache.commons.cli_1.10.0 [78])
2025-11-30 15:41:54,240 [Worker-25: Launching Executing install in C__CurtainCall_CurtainCall] INFO  o.eclipse.m2e.core.internal.Bundles - 	Entry: C:\sts-4.32.2.RELEASE\plugins\org.apache.commons.cli_1.10.0.jar
2025-11-30 15:41:54,240 [Worker-25: Launching Executing install in C__CurtainCall_CurtainCall] INFO  o.eclipse.m2e.core.internal.Bundles - getClasspathEntries(Bundle=org.apache.commons.commons-codec_1.19.0 [80])
2025-11-30 15:41:54,240 [Worker-25: Launching Executing install in C__CurtainCall_CurtainCall] INFO  o.eclipse.m2e.core.internal.Bundles - 	Entry: C:\sts-4.32.2.RELEASE\plugins\org.apache.commons.commons-codec_1.19.0.jar
2025-11-30 15:41:54,240 [Worker-25: Launching Executing install in C__CurtainCall_CurtainCall] INFO  o.eclipse.m2e.core.internal.Bundles - getClasspathEntries(Bundle=com.google.guava.failureaccess_1.0.3 [32])
2025-11-30 15:41:54,240 [Worker-25: Launching Executing install in C__CurtainCall_CurtainCall] INFO  o.eclipse.m2e.core.internal.Bundles - 	Entry: C:\sts-4.32.2.RELEASE\plugins\com.google.guava.failureaccess_1.0.3.jar
2025-11-30 15:41:54,242 [Worker-25: Launching Executing install in C__CurtainCall_CurtainCall] INFO  o.e.m.i.launch.MavenLaunchDelegate - Run build in "C:\CurtainCall\CurtainCall":
2025-11-30 15:41:54,242 [Worker-25: Launching Executing install in C__CurtainCall_CurtainCall] INFO  o.e.m.i.launch.MavenLaunchDelegate -  mvn  -B -Dstyle.color=always install
2025-11-30 15:42:36,538 [Worker-24: Launching Executing install in C__CurtainCall_CurtainCall] INFO  o.eclipse.m2e.core.internal.Bundles - getClasspathEntries(Bundle=org.eclipse.m2e.maven.runtime_3.9.1100.20250811-2018 [364])
2025-11-30 15:42:36,539 [Worker-24: Launching Executing install in C__CurtainCall_CurtainCall] INFO  o.eclipse.m2e.core.internal.Bundles - 	Entry: C:\sts-4.32.2.RELEASE\plugins\org.eclipse.m2e.maven.runtime_3.9.1100.20250811-2018
2025-11-30 15:42:36,539 [Worker-24: Launching Executing install in C__CurtainCall_CurtainCall] INFO  o.eclipse.m2e.core.internal.Bundles - 	Entry: C:\sts-4.32.2.RELEASE\plugins\org.eclipse.m2e.maven.runtime_3.9.1100.20250811-2018\jars\aopalliance-1.0.jar
2025-11-30 15:42:36,539 [Worker-24: Launching Executing install in C__CurtainCall_CurtainCall] INFO  o.eclipse.m2e.core.internal.Bundles - 	Entry: C:\sts-4.32.2.RELEASE\plugins\org.eclipse.m2e.maven.runtime_3.9.1100.20250811-2018\jars\asm-9.8.jar
2025-11-30 15:42:36,539 [Worker-24: Launching Executing install in C__CurtainCall_CurtainCall] INFO  o.eclipse.m2e.core.internal.Bundles - 	Entry: C:\sts-4.32.2.RELEASE\plugins\org.eclipse.m2e.maven.runtime_3.9.1100.20250811-2018\jars\error_prone_annotations-2.38.0.jar
2025-11-30 15:42:36,539 [Worker-24: Launching Executing install in C__CurtainCall_CurtainCall] INFO  o.eclipse.m2e.core.internal.Bundles - 	Entry: C:\sts-4.32.2.RELEASE\plugins\org.eclipse.m2e.maven.runtime_3.9.1100.20250811-2018\jars\gson-2.13.1.jar
2025-11-30 15:42:36,539 [Worker-24: Launching Executing install in C__CurtainCall_CurtainCall] INFO  o.eclipse.m2e.core.internal.Bundles - 	Entry: C:\sts-4.32.2.RELEASE\plugins\org.eclipse.m2e.maven.runtime_3.9.1100.20250811-2018\jars\guice-5.1.0-classes.jar
2025-11-30 15:42:36,539 [Worker-24: Launching Executing install in C__CurtainCall_CurtainCall] INFO  o.eclipse.m2e.core.internal.Bundles - 	Entry: C:\sts-4.32.2.RELEASE\plugins\org.eclipse.m2e.maven.runtime_3.9.1100.20250811-2018\jars\httpclient-4.5.14.jar
2025-11-30 15:42:36,539 [Worker-24: Launching Executing install in C__CurtainCall_CurtainCall] INFO  o.eclipse.m2e.core.internal.Bundles - 	Entry: C:\sts-4.32.2.RELEASE\plugins\org.eclipse.m2e.maven.runtime_3.9.1100.20250811-2018\jars\httpcore-4.4.16.jar
2025-11-30 15:42:36,539 [Worker-24: Launching Executing install in C__CurtainCall_CurtainCall] INFO  o.eclipse.m2e.core.internal.Bundles - 	Entry: C:\sts-4.32.2.RELEASE\plugins\org.eclipse.m2e.maven.runtime_3.9.1100.20250811-2018\jars\jansi-2.4.2.jar
2025-11-30 15:42:36,540 [Worker-24: Launching Executing install in C__CurtainCall_CurtainCall] INFO  o.eclipse.m2e.core.internal.Bundles - 	Entry: C:\sts-4.32.2.RELEASE\plugins\org.eclipse.m2e.maven.runtime_3.9.1100.20250811-2018\jars\jcl-over-slf4j-1.7.36.jar
2025-11-30 15:42:36,540 [Worker-24: Launching Executing install in C__CurtainCall_CurtainCall] INFO  o.eclipse.m2e.core.internal.Bundles - 	Entry: C:\sts-4.32.2.RELEASE\plugins\org.eclipse.m2e.maven.runtime_3.9.1100.20250811-2018\jars\maven-artifact-3.9.11.jar
2025-11-30 15:42:36,540 [Worker-24: Launching Executing install in C__CurtainCall_CurtainCall] INFO  o.eclipse.m2e.core.internal.Bundles - 	Entry: C:\sts-4.32.2.RELEASE\plugins\org.eclipse.m2e.maven.runtime_3.9.1100.20250811-2018\jars\maven-builder-support-3.9.11.jar
2025-11-30 15:42:36,540 [Worker-24: Launching Executing install in C__CurtainCall_CurtainCall] INFO  o.eclipse.m2e.core.internal.Bundles - 	Entry: C:\sts-4.32.2.RELEASE\plugins\org.eclipse.m2e.maven.runtime_3.9.1100.20250811-2018\jars\maven-compat-3.9.11.jar
2025-11-30 15:42:36,540 [Worker-24: Launching Executing install in C__CurtainCall_CurtainCall] INFO  o.eclipse.m2e.core.internal.Bundles - 	Entry: C:\sts-4.32.2.RELEASE\plugins\org.eclipse.m2e.maven.runtime_3.9.1100.20250811-2018\jars\maven-core-3.9.11.jar
2025-11-30 15:42:36,540 [Worker-24: Launching Executing install in C__CurtainCall_CurtainCall] INFO  o.eclipse.m2e.core.internal.Bundles - 	Entry: C:\sts-4.32.2.RELEASE\plugins\org.eclipse.m2e.maven.runtime_3.9.1100.20250811-2018\jars\maven-embedder-3.9.11.jar
2025-11-30 15:42:36,540 [Worker-24: Launching Executing install in C__CurtainCall_CurtainCall] INFO  o.eclipse.m2e.core.internal.Bundles - 	Entry: C:\sts-4.32.2.RELEASE\plugins\org.eclipse.m2e.maven.runtime_3.9.1100.20250811-2018\jars\maven-model-3.9.11.jar
2025-11-30 15:42:36,540 [Worker-24: Launching Executing install in C__CurtainCall_CurtainCall] INFO  o.eclipse.m2e.core.internal.Bundles - 	Entry: C:\sts-4.32.2.RELEASE\plugins\org.eclipse.m2e.maven.runtime_3.9.1100.20250811-2018\jars\maven-model-builder-3.9.11.jar
2025-11-30 15:42:36,540 [Worker-24: Launching Executing install in C__CurtainCall_CurtainCall] INFO  o.eclipse.m2e.core.internal.Bundles - 	Entry: C:\sts-4.32.2.RELEASE\plugins\org.eclipse.m2e.maven.runtime_3.9.1100.20250811-2018\jars\maven-plugin-api-3.9.11.jar
2025-11-30 15:42:36,540 [Worker-24: Launching Executing install in C__CurtainCall_CurtainCall] INFO  o.eclipse.m2e.core.internal.Bundles - 	Entry: C:\sts-4.32.2.RELEASE\plugins\org.eclipse.m2e.maven.runtime_3.9.1100.20250811-2018\jars\maven-repository-metadata-3.9.11.jar
2025-11-30 15:42:36,540 [Worker-24: Launching Executing install in C__CurtainCall_CurtainCall] INFO  o.eclipse.m2e.core.internal.Bundles - 	Entry: C:\sts-4.32.2.RELEASE\plugins\org.eclipse.m2e.maven.runtime_3.9.1100.20250811-2018\jars\maven-resolver-api-1.9.24.jar
2025-11-30 15:42:36,541 [Worker-24: Launching Executing install in C__CurtainCall_CurtainCall] INFO  o.eclipse.m2e.core.internal.Bundles - 	Entry: C:\sts-4.32.2.RELEASE\plugins\org.eclipse.m2e.maven.runtime_3.9.1100.20250811-2018\jars\maven-resolver-connector-basic-1.9.24.jar
2025-11-30 15:42:36,541 [Worker-24: Launching Executing install in C__CurtainCall_CurtainCall] INFO  o.eclipse.m2e.core.internal.Bundles - 	Entry: C:\sts-4.32.2.RELEASE\plugins\org.eclipse.m2e.maven.runtime_3.9.1100.20250811-2018\jars\maven-resolver-impl-1.9.24.jar
2025-11-30 15:42:36,541 [Worker-24: Launching Executing install in C__CurtainCall_CurtainCall] INFO  o.eclipse.m2e.core.internal.Bundles - 	Entry: C:\sts-4.32.2.RELEASE\plugins\org.eclipse.m2e.maven.runtime_3.9.1100.20250811-2018\jars\maven-resolver-named-locks-1.9.24.jar
2025-11-30 15:42:36,541 [Worker-24: Launching Executing install in C__CurtainCall_CurtainCall] INFO  o.eclipse.m2e.core.internal.Bundles - 	Entry: C:\sts-4.32.2.RELEASE\plugins\org.eclipse.m2e.maven.runtime_3.9.1100.20250811-2018\jars\maven-resolver-provider-3.9.11.jar
2025-11-30 15:42:36,541 [Worker-24: Launching Executing install in C__CurtainCall_CurtainCall] INFO  o.eclipse.m2e.core.internal.Bundles - 	Entry: C:\sts-4.32.2.RELEASE\plugins\org.eclipse.m2e.maven.runtime_3.9.1100.20250811-2018\jars\maven-resolver-spi-1.9.24.jar
2025-11-30 15:42:36,541 [Worker-24: Launching Executing install in C__CurtainCall_CurtainCall] INFO  o.eclipse.m2e.core.internal.Bundles - 	Entry: C:\sts-4.32.2.RELEASE\plugins\org.eclipse.m2e.maven.runtime_3.9.1100.20250811-2018\jars\maven-resolver-transport-file-1.9.24.jar
2025-11-30 15:42:36,541 [Worker-24: Launching Executing install in C__CurtainCall_CurtainCall] INFO  o.eclipse.m2e.core.internal.Bundles - 	Entry: C:\sts-4.32.2.RELEASE\plugins\org.eclipse.m2e.maven.runtime_3.9.1100.20250811-2018\jars\maven-resolver-transport-http-1.9.24.jar
2025-11-30 15:42:36,541 [Worker-24: Launching Executing install in C__CurtainCall_CurtainCall] INFO  o.eclipse.m2e.core.internal.Bundles - 	Entry: C:\sts-4.32.2.RELEASE\plugins\org.eclipse.m2e.maven.runtime_3.9.1100.20250811-2018\jars\maven-resolver-transport-wagon-1.9.24.jar
2025-11-30 15:42:36,541 [Worker-24: Launching Executing install in C__CurtainCall_CurtainCall] INFO  o.eclipse.m2e.core.internal.Bundles - 	Entry: C:\sts-4.32.2.RELEASE\plugins\org.eclipse.m2e.maven.runtime_3.9.1100.20250811-2018\jars\maven-resolver-util-1.9.24.jar
2025-11-30 15:42:36,541 [Worker-24: Launching Executing install in C__CurtainCall_CurtainCall] INFO  o.eclipse.m2e.core.internal.Bundles - 	Entry: C:\sts-4.32.2.RELEASE\plugins\org.eclipse.m2e.maven.runtime_3.9.1100.20250811-2018\jars\maven-settings-3.9.11.jar
2025-11-30 15:42:36,541 [Worker-24: Launching Executing install in C__CurtainCall_CurtainCall] INFO  o.eclipse.m2e.core.internal.Bundles - 	Entry: C:\sts-4.32.2.RELEASE\plugins\org.eclipse.m2e.maven.runtime_3.9.1100.20250811-2018\jars\maven-settings-builder-3.9.11.jar
2025-11-30 15:42:36,541 [Worker-24: Launching Executing install in C__CurtainCall_CurtainCall] INFO  o.eclipse.m2e.core.internal.Bundles - 	Entry: C:\sts-4.32.2.RELEASE\plugins\org.eclipse.m2e.maven.runtime_3.9.1100.20250811-2018\jars\maven-shared-utils-3.4.2.jar
2025-11-30 15:42:36,542 [Worker-24: Launching Executing install in C__CurtainCall_CurtainCall] INFO  o.eclipse.m2e.core.internal.Bundles - 	Entry: C:\sts-4.32.2.RELEASE\plugins\org.eclipse.m2e.maven.runtime_3.9.1100.20250811-2018\jars\org.eclipse.sisu.inject-0.9.0.M4.jar
2025-11-30 15:42:36,542 [Worker-24: Launching Executing install in C__CurtainCall_CurtainCall] INFO  o.eclipse.m2e.core.internal.Bundles - 	Entry: C:\sts-4.32.2.RELEASE\plugins\org.eclipse.m2e.maven.runtime_3.9.1100.20250811-2018\jars\org.eclipse.sisu.plexus-0.9.0.M4.jar
2025-11-30 15:42:36,542 [Worker-24: Launching Executing install in C__CurtainCall_CurtainCall] INFO  o.eclipse.m2e.core.internal.Bundles - 	Entry: C:\sts-4.32.2.RELEASE\plugins\org.eclipse.m2e.maven.runtime_3.9.1100.20250811-2018\jars\plexus-build-api-0.0.7.jar
2025-11-30 15:42:36,542 [Worker-24: Launching Executing install in C__CurtainCall_CurtainCall] INFO  o.eclipse.m2e.core.internal.Bundles - 	Entry: C:\sts-4.32.2.RELEASE\plugins\org.eclipse.m2e.maven.runtime_3.9.1100.20250811-2018\jars\plexus-build-api-1.2.0.jar
2025-11-30 15:42:36,542 [Worker-24: Launching Executing install in C__CurtainCall_CurtainCall] INFO  o.eclipse.m2e.core.internal.Bundles - 	Entry: C:\sts-4.32.2.RELEASE\plugins\org.eclipse.m2e.maven.runtime_3.9.1100.20250811-2018\jars\plexus-cipher-2.0.jar
2025-11-30 15:42:36,542 [Worker-24: Launching Executing install in C__CurtainCall_CurtainCall] INFO  o.eclipse.m2e.core.internal.Bundles - 	Entry: C:\sts-4.32.2.RELEASE\plugins\org.eclipse.m2e.maven.runtime_3.9.1100.20250811-2018\jars\plexus-classworlds-2.9.0.jar
2025-11-30 15:42:36,542 [Worker-24: Launching Executing install in C__CurtainCall_CurtainCall] INFO  o.eclipse.m2e.core.internal.Bundles - 	Entry: C:\sts-4.32.2.RELEASE\plugins\org.eclipse.m2e.maven.runtime_3.9.1100.20250811-2018\jars\plexus-component-annotations-2.2.0.jar
2025-11-30 15:42:36,542 [Worker-24: Launching Executing install in C__CurtainCall_CurtainCall] INFO  o.eclipse.m2e.core.internal.Bundles - 	Entry: C:\sts-4.32.2.RELEASE\plugins\org.eclipse.m2e.maven.runtime_3.9.1100.20250811-2018\jars\plexus-interpolation-1.28.jar
2025-11-30 15:42:36,542 [Worker-24: Launching Executing install in C__CurtainCall_CurtainCall] INFO  o.eclipse.m2e.core.internal.Bundles - 	Entry: C:\sts-4.32.2.RELEASE\plugins\org.eclipse.m2e.maven.runtime_3.9.1100.20250811-2018\jars\plexus-sec-dispatcher-2.0.jar
2025-11-30 15:42:36,542 [Worker-24: Launching Executing install in C__CurtainCall_CurtainCall] INFO  o.eclipse.m2e.core.internal.Bundles - 	Entry: C:\sts-4.32.2.RELEASE\plugins\org.eclipse.m2e.maven.runtime_3.9.1100.20250811-2018\jars\plexus-utils-3.6.0.jar
2025-11-30 15:42:36,542 [Worker-24: Launching Executing install in C__CurtainCall_CurtainCall] INFO  o.eclipse.m2e.core.internal.Bundles - 	Entry: C:\sts-4.32.2.RELEASE\plugins\org.eclipse.m2e.maven.runtime_3.9.1100.20250811-2018\jars\wagon-file-3.5.3.jar
2025-11-30 15:42:36,542 [Worker-24: Launching Executing install in C__CurtainCall_CurtainCall] INFO  o.eclipse.m2e.core.internal.Bundles - 	Entry: C:\sts-4.32.2.RELEASE\plugins\org.eclipse.m2e.maven.runtime_3.9.1100.20250811-2018\jars\wagon-http-3.5.3.jar
2025-11-30 15:42:36,542 [Worker-24: Launching Executing install in C__CurtainCall_CurtainCall] INFO  o.eclipse.m2e.core.internal.Bundles - 	Entry: C:\sts-4.32.2.RELEASE\plugins\org.eclipse.m2e.maven.runtime_3.9.1100.20250811-2018\jars\wagon-http-shared-3.5.3.jar
2025-11-30 15:42:36,542 [Worker-24: Launching Executing install in C__CurtainCall_CurtainCall] INFO  o.eclipse.m2e.core.internal.Bundles - 	Entry: C:\sts-4.32.2.RELEASE\plugins\org.eclipse.m2e.maven.runtime_3.9.1100.20250811-2018\jars\wagon-provider-api-3.5.3.jar
2025-11-30 15:42:36,544 [Worker-24: Launching Executing install in C__CurtainCall_CurtainCall] INFO  o.eclipse.m2e.core.internal.Bundles - getClasspathEntries(Bundle=com.google.guava_33.4.8.jre [31])
2025-11-30 15:42:36,544 [Worker-24: Launching Executing install in C__CurtainCall_CurtainCall] INFO  o.eclipse.m2e.core.internal.Bundles - 	Entry: C:\sts-4.32.2.RELEASE\plugins\com.google.guava_33.4.8.jre.jar
2025-11-30 15:42:36,545 [Worker-24: Launching Executing install in C__CurtainCall_CurtainCall] INFO  o.eclipse.m2e.core.internal.Bundles - getClasspathEntries(Bundle=slf4j.api_2.0.17 [612])
2025-11-30 15:42:36,545 [Worker-24: Launching Executing install in C__CurtainCall_CurtainCall] INFO  o.eclipse.m2e.core.internal.Bundles - 	Entry: C:\sts-4.32.2.RELEASE\plugins\slf4j.api_2.0.17.jar
2025-11-30 15:42:36,545 [Worker-24: Launching Executing install in C__CurtainCall_CurtainCall] INFO  o.eclipse.m2e.core.internal.Bundles - getClasspathEntries(Bundle=jakarta.inject.jakarta.inject-api_1.0.5 [46])
2025-11-30 15:42:36,546 [Worker-24: Launching Executing install in C__CurtainCall_CurtainCall] INFO  o.eclipse.m2e.core.internal.Bundles - 	Entry: C:\sts-4.32.2.RELEASE\plugins\jakarta.inject.jakarta.inject-api_1.0.5.jar
2025-11-30 15:42:36,546 [Worker-24: Launching Executing install in C__CurtainCall_CurtainCall] INFO  o.eclipse.m2e.core.internal.Bundles - getClasspathEntries(Bundle=jakarta.annotation-api_1.3.5 [43])
2025-11-30 15:42:36,546 [Worker-24: Launching Executing install in C__CurtainCall_CurtainCall] INFO  o.eclipse.m2e.core.internal.Bundles - 	Entry: C:\sts-4.32.2.RELEASE\plugins\jakarta.annotation-api_1.3.5.jar
2025-11-30 15:42:36,546 [Worker-24: Launching Executing install in C__CurtainCall_CurtainCall] INFO  o.eclipse.m2e.core.internal.Bundles - getClasspathEntries(Bundle=org.apache.commons.cli_1.10.0 [78])
2025-11-30 15:42:36,547 [Worker-24: Launching Executing install in C__CurtainCall_CurtainCall] INFO  o.eclipse.m2e.core.internal.Bundles - 	Entry: C:\sts-4.32.2.RELEASE\plugins\org.apache.commons.cli_1.10.0.jar
2025-11-30 15:42:36,547 [Worker-24: Launching Executing install in C__CurtainCall_CurtainCall] INFO  o.eclipse.m2e.core.internal.Bundles - getClasspathEntries(Bundle=org.apache.commons.commons-codec_1.19.0 [80])
2025-11-30 15:42:36,547 [Worker-24: Launching Executing install in C__CurtainCall_CurtainCall] INFO  o.eclipse.m2e.core.internal.Bundles - 	Entry: C:\sts-4.32.2.RELEASE\plugins\org.apache.commons.commons-codec_1.19.0.jar
2025-11-30 15:42:36,547 [Worker-24: Launching Executing install in C__CurtainCall_CurtainCall] INFO  o.eclipse.m2e.core.internal.Bundles - getClasspathEntries(Bundle=com.google.guava.failureaccess_1.0.3 [32])
2025-11-30 15:42:36,548 [Worker-24: Launching Executing install in C__CurtainCall_CurtainCall] INFO  o.eclipse.m2e.core.internal.Bundles - 	Entry: C:\sts-4.32.2.RELEASE\plugins\com.google.guava.failureaccess_1.0.3.jar
2025-11-30 15:42:36,551 [Worker-24: Launching Executing install in C__CurtainCall_CurtainCall] INFO  o.e.m.i.launch.MavenLaunchDelegate - Run build in "C:\CurtainCall\CurtainCall":
2025-11-30 15:42:36,551 [Worker-24: Launching Executing install in C__CurtainCall_CurtainCall] INFO  o.e.m.i.launch.MavenLaunchDelegate -  mvn  -B -Dstyle.color=always install
2025-11-30 15:45:17,015 [Worker-31: Building] INFO  o.a.m.s.f.DefaultMavenResourcesFiltering - Copying 1 resource from src\main\resources to target\classes
2025-11-30 15:45:17,032 [Worker-31: Building] INFO  o.a.m.s.f.DefaultMavenResourcesFiltering - Copying 0 resource from src\main\resources to target\classes
2025-11-30 15:45:17,039 [Worker-31: Building] INFO  o.a.m.s.f.DefaultMavenResourcesFiltering - skip non existing resourceDirectory C:\CurtainCall\CurtainCall\src\test\resources
2025-11-30 15:45:17,040 [Worker-31: Building] WARN  o.apache.maven.project.MavenProject - Direct modification of compileSourceRoots through clear() is deprecated and will not work in Maven 4.0.0. Please use the add/remove methods instead. If you're using a plugin that causes this warning, please upgrade to the latest version and report an issue if the warning persists. To disable these warnings, set -Dmaven.project.sourceRoots.warningsDisabled=true on the command line, in the .mvn/maven.config file, or in project POM properties.
2025-11-30 15:45:17,042 [Worker-31: Building] WARN  o.apache.maven.project.MavenProject - Direct modification of compileSourceRoots through add() is deprecated and will not work in Maven 4.0.0. Please use the add/remove methods instead. If you're using a plugin that causes this warning, please upgrade to the latest version and report an issue if the warning persists. To disable these warnings, set -Dmaven.project.sourceRoots.warningsDisabled=true on the command line, in the .mvn/maven.config file, or in project POM properties.
2025-11-30 15:45:17,043 [Worker-31: Building] WARN  o.apache.maven.project.MavenProject - Direct modification of testCompileSourceRoots through clear() is deprecated and will not work in Maven 4.0.0. Please use the add/remove methods instead. If you're using a plugin that causes this warning, please upgrade to the latest version and report an issue if the warning persists. To disable these warnings, set -Dmaven.project.sourceRoots.warningsDisabled=true on the command line, in the .mvn/maven.config file, or in project POM properties.
2025-11-30 15:45:17,044 [Worker-31: Building] WARN  o.apache.maven.project.MavenProject - Direct modification of testCompileSourceRoots through add() is deprecated and will not work in Maven 4.0.0. Please use the add/remove methods instead. If you're using a plugin that causes this warning, please upgrade to the latest version and report an issue if the warning persists. To disable these warnings, set -Dmaven.project.sourceRoots.warningsDisabled=true on the command line, in the .mvn/maven.config file, or in project POM properties.
2025-11-30 15:45:19,705 [Worker-30: Launching Executing install in C__CurtainCall_CurtainCall] INFO  o.eclipse.m2e.core.internal.Bundles - getClasspathEntries(Bundle=org.eclipse.m2e.maven.runtime_3.9.1100.20250811-2018 [364])
2025-11-30 15:45:19,707 [Worker-30: Launching Executing install in C__CurtainCall_CurtainCall] INFO  o.eclipse.m2e.core.internal.Bundles - 	Entry: C:\sts-4.32.2.RELEASE\plugins\org.eclipse.m2e.maven.runtime_3.9.1100.20250811-2018
2025-11-30 15:45:19,707 [Worker-30: Launching Executing install in C__CurtainCall_CurtainCall] INFO  o.eclipse.m2e.core.internal.Bundles - 	Entry: C:\sts-4.32.2.RELEASE\plugins\org.eclipse.m2e.maven.runtime_3.9.1100.20250811-2018\jars\aopalliance-1.0.jar
2025-11-30 15:45:19,708 [Worker-30: Launching Executing install in C__CurtainCall_CurtainCall] INFO  o.eclipse.m2e.core.internal.Bundles - 	Entry: C:\sts-4.32.2.RELEASE\plugins\org.eclipse.m2e.maven.runtime_3.9.1100.20250811-2018\jars\asm-9.8.jar
2025-11-30 15:45:19,708 [Worker-30: Launching Executing install in C__CurtainCall_CurtainCall] INFO  o.eclipse.m2e.core.internal.Bundles - 	Entry: C:\sts-4.32.2.RELEASE\plugins\org.eclipse.m2e.maven.runtime_3.9.1100.20250811-2018\jars\error_prone_annotations-2.38.0.jar
2025-11-30 15:45:19,708 [Worker-30: Launching Executing install in C__CurtainCall_CurtainCall] INFO  o.eclipse.m2e.core.internal.Bundles - 	Entry: C:\sts-4.32.2.RELEASE\plugins\org.eclipse.m2e.maven.runtime_3.9.1100.20250811-2018\jars\gson-2.13.1.jar
2025-11-30 15:45:19,709 [Worker-30: Launching Executing install in C__CurtainCall_CurtainCall] INFO  o.eclipse.m2e.core.internal.Bundles - 	Entry: C:\sts-4.32.2.RELEASE\plugins\org.eclipse.m2e.maven.runtime_3.9.1100.20250811-2018\jars\guice-5.1.0-classes.jar
2025-11-30 15:45:19,709 [Worker-30: Launching Executing install in C__CurtainCall_CurtainCall] INFO  o.eclipse.m2e.core.internal.Bundles - 	Entry: C:\sts-4.32.2.RELEASE\plugins\org.eclipse.m2e.maven.runtime_3.9.1100.20250811-2018\jars\httpclient-4.5.14.jar
2025-11-30 15:45:19,709 [Worker-30: Launching Executing install in C__CurtainCall_CurtainCall] INFO  o.eclipse.m2e.core.internal.Bundles - 	Entry: C:\sts-4.32.2.RELEASE\plugins\org.eclipse.m2e.maven.runtime_3.9.1100.20250811-2018\jars\httpcore-4.4.16.jar
2025-11-30 15:45:19,709 [Worker-30: Launching Executing install in C__CurtainCall_CurtainCall] INFO  o.eclipse.m2e.core.internal.Bundles - 	Entry: C:\sts-4.32.2.RELEASE\plugins\org.eclipse.m2e.maven.runtime_3.9.1100.20250811-2018\jars\jansi-2.4.2.jar
2025-11-30 15:45:19,709 [Worker-30: Launching Executing install in C__CurtainCall_CurtainCall] INFO  o.eclipse.m2e.core.internal.Bundles - 	Entry: C:\sts-4.32.2.RELEASE\plugins\org.eclipse.m2e.maven.runtime_3.9.1100.20250811-2018\jars\jcl-over-slf4j-1.7.36.jar
2025-11-30 15:45:19,709 [Worker-30: Launching Executing install in C__CurtainCall_CurtainCall] INFO  o.eclipse.m2e.core.internal.Bundles - 	Entry: C:\sts-4.32.2.RELEASE\plugins\org.eclipse.m2e.maven.runtime_3.9.1100.20250811-2018\jars\maven-artifact-3.9.11.jar
2025-11-30 15:45:19,711 [Worker-30: Launching Executing install in C__CurtainCall_CurtainCall] INFO  o.eclipse.m2e.core.internal.Bundles - 	Entry: C:\sts-4.32.2.RELEASE\plugins\org.eclipse.m2e.maven.runtime_3.9.1100.20250811-2018\jars\maven-builder-support-3.9.11.jar
2025-11-30 15:45:19,711 [Worker-30: Launching Executing install in C__CurtainCall_CurtainCall] INFO  o.eclipse.m2e.core.internal.Bundles - 	Entry: C:\sts-4.32.2.RELEASE\plugins\org.eclipse.m2e.maven.runtime_3.9.1100.20250811-2018\jars\maven-compat-3.9.11.jar
2025-11-30 15:45:19,711 [Worker-30: Launching Executing install in C__CurtainCall_CurtainCall] INFO  o.eclipse.m2e.core.internal.Bundles - 	Entry: C:\sts-4.32.2.RELEASE\plugins\org.eclipse.m2e.maven.runtime_3.9.1100.20250811-2018\jars\maven-core-3.9.11.jar
2025-11-30 15:45:19,711 [Worker-30: Launching Executing install in C__CurtainCall_CurtainCall] INFO  o.eclipse.m2e.core.internal.Bundles - 	Entry: C:\sts-4.32.2.RELEASE\plugins\org.eclipse.m2e.maven.runtime_3.9.1100.20250811-2018\jars\maven-embedder-3.9.11.jar
2025-11-30 15:45:19,712 [Worker-30: Launching Executing install in C__CurtainCall_CurtainCall] INFO  o.eclipse.m2e.core.internal.Bundles - 	Entry: C:\sts-4.32.2.RELEASE\plugins\org.eclipse.m2e.maven.runtime_3.9.1100.20250811-2018\jars\maven-model-3.9.11.jar
2025-11-30 15:45:19,712 [Worker-30: Launching Executing install in C__CurtainCall_CurtainCall] INFO  o.eclipse.m2e.core.internal.Bundles - 	Entry: C:\sts-4.32.2.RELEASE\plugins\org.eclipse.m2e.maven.runtime_3.9.1100.20250811-2018\jars\maven-model-builder-3.9.11.jar
2025-11-30 15:45:19,712 [Worker-30: Launching Executing install in C__CurtainCall_CurtainCall] INFO  o.eclipse.m2e.core.internal.Bundles - 	Entry: C:\sts-4.32.2.RELEASE\plugins\org.eclipse.m2e.maven.runtime_3.9.1100.20250811-2018\jars\maven-plugin-api-3.9.11.jar
2025-11-30 15:45:19,712 [Worker-30: Launching Executing install in C__CurtainCall_CurtainCall] INFO  o.eclipse.m2e.core.internal.Bundles - 	Entry: C:\sts-4.32.2.RELEASE\plugins\org.eclipse.m2e.maven.runtime_3.9.1100.20250811-2018\jars\maven-repository-metadata-3.9.11.jar
2025-11-30 15:45:19,712 [Worker-30: Launching Executing install in C__CurtainCall_CurtainCall] INFO  o.eclipse.m2e.core.internal.Bundles - 	Entry: C:\sts-4.32.2.RELEASE\plugins\org.eclipse.m2e.maven.runtime_3.9.1100.20250811-2018\jars\maven-resolver-api-1.9.24.jar
2025-11-30 15:45:19,712 [Worker-30: Launching Executing install in C__CurtainCall_CurtainCall] INFO  o.eclipse.m2e.core.internal.Bundles - 	Entry: C:\sts-4.32.2.RELEASE\plugins\org.eclipse.m2e.maven.runtime_3.9.1100.20250811-2018\jars\maven-resolver-connector-basic-1.9.24.jar
2025-11-30 15:45:19,712 [Worker-30: Launching Executing install in C__CurtainCall_CurtainCall] INFO  o.eclipse.m2e.core.internal.Bundles - 	Entry: C:\sts-4.32.2.RELEASE\plugins\org.eclipse.m2e.maven.runtime_3.9.1100.20250811-2018\jars\maven-resolver-impl-1.9.24.jar
2025-11-30 15:45:19,713 [Worker-30: Launching Executing install in C__CurtainCall_CurtainCall] INFO  o.eclipse.m2e.core.internal.Bundles - 	Entry: C:\sts-4.32.2.RELEASE\plugins\org.eclipse.m2e.maven.runtime_3.9.1100.20250811-2018\jars\maven-resolver-named-locks-1.9.24.jar
2025-11-30 15:45:19,713 [Worker-30: Launching Executing install in C__CurtainCall_CurtainCall] INFO  o.eclipse.m2e.core.internal.Bundles - 	Entry: C:\sts-4.32.2.RELEASE\plugins\org.eclipse.m2e.maven.runtime_3.9.1100.20250811-2018\jars\maven-resolver-provider-3.9.11.jar
2025-11-30 15:45:19,713 [Worker-30: Launching Executing install in C__CurtainCall_CurtainCall] INFO  o.eclipse.m2e.core.internal.Bundles - 	Entry: C:\sts-4.32.2.RELEASE\plugins\org.eclipse.m2e.maven.runtime_3.9.1100.20250811-2018\jars\maven-resolver-spi-1.9.24.jar
2025-11-30 15:45:19,713 [Worker-30: Launching Executing install in C__CurtainCall_CurtainCall] INFO  o.eclipse.m2e.core.internal.Bundles - 	Entry: C:\sts-4.32.2.RELEASE\plugins\org.eclipse.m2e.maven.runtime_3.9.1100.20250811-2018\jars\maven-resolver-transport-file-1.9.24.jar
2025-11-30 15:45:19,713 [Worker-30: Launching Executing install in C__CurtainCall_CurtainCall] INFO  o.eclipse.m2e.core.internal.Bundles - 	Entry: C:\sts-4.32.2.RELEASE\plugins\org.eclipse.m2e.maven.runtime_3.9.1100.20250811-2018\jars\maven-resolver-transport-http-1.9.24.jar
2025-11-30 15:45:19,713 [Worker-30: Launching Executing install in C__CurtainCall_CurtainCall] INFO  o.eclipse.m2e.core.internal.Bundles - 	Entry: C:\sts-4.32.2.RELEASE\plugins\org.eclipse.m2e.maven.runtime_3.9.1100.20250811-2018\jars\maven-resolver-transport-wagon-1.9.24.jar
2025-11-30 15:45:19,713 [Worker-30: Launching Executing install in C__CurtainCall_CurtainCall] INFO  o.eclipse.m2e.core.internal.Bundles - 	Entry: C:\sts-4.32.2.RELEASE\plugins\org.eclipse.m2e.maven.runtime_3.9.1100.20250811-2018\jars\maven-resolver-util-1.9.24.jar
2025-11-30 15:45:19,714 [Worker-30: Launching Executing install in C__CurtainCall_CurtainCall] INFO  o.eclipse.m2e.core.internal.Bundles - 	Entry: C:\sts-4.32.2.RELEASE\plugins\org.eclipse.m2e.maven.runtime_3.9.1100.20250811-2018\jars\maven-settings-3.9.11.jar
2025-11-30 15:45:19,714 [Worker-30: Launching Executing install in C__CurtainCall_CurtainCall] INFO  o.eclipse.m2e.core.internal.Bundles - 	Entry: C:\sts-4.32.2.RELEASE\plugins\org.eclipse.m2e.maven.runtime_3.9.1100.20250811-2018\jars\maven-settings-builder-3.9.11.jar
2025-11-30 15:45:19,714 [Worker-30: Launching Executing install in C__CurtainCall_CurtainCall] INFO  o.eclipse.m2e.core.internal.Bundles - 	Entry: C:\sts-4.32.2.RELEASE\plugins\org.eclipse.m2e.maven.runtime_3.9.1100.20250811-2018\jars\maven-shared-utils-3.4.2.jar
2025-11-30 15:45:19,714 [Worker-30: Launching Executing install in C__CurtainCall_CurtainCall] INFO  o.eclipse.m2e.core.internal.Bundles - 	Entry: C:\sts-4.32.2.RELEASE\plugins\org.eclipse.m2e.maven.runtime_3.9.1100.20250811-2018\jars\org.eclipse.sisu.inject-0.9.0.M4.jar
2025-11-30 15:45:19,714 [Worker-30: Launching Executing install in C__CurtainCall_CurtainCall] INFO  o.eclipse.m2e.core.internal.Bundles - 	Entry: C:\sts-4.32.2.RELEASE\plugins\org.eclipse.m2e.maven.runtime_3.9.1100.20250811-2018\jars\org.eclipse.sisu.plexus-0.9.0.M4.jar
2025-11-30 15:45:19,714 [Worker-30: Launching Executing install in C__CurtainCall_CurtainCall] INFO  o.eclipse.m2e.core.internal.Bundles - 	Entry: C:\sts-4.32.2.RELEASE\plugins\org.eclipse.m2e.maven.runtime_3.9.1100.20250811-2018\jars\plexus-build-api-0.0.7.jar
2025-11-30 15:45:19,715 [Worker-30: Launching Executing install in C__CurtainCall_CurtainCall] INFO  o.eclipse.m2e.core.internal.Bundles - 	Entry: C:\sts-4.32.2.RELEASE\plugins\org.eclipse.m2e.maven.runtime_3.9.1100.20250811-2018\jars\plexus-build-api-1.2.0.jar
2025-11-30 15:45:19,715 [Worker-30: Launching Executing install in C__CurtainCall_CurtainCall] INFO  o.eclipse.m2e.core.internal.Bundles - 	Entry: C:\sts-4.32.2.RELEASE\plugins\org.eclipse.m2e.maven.runtime_3.9.1100.20250811-2018\jars\plexus-cipher-2.0.jar
2025-11-30 15:45:19,715 [Worker-30: Launching Executing install in C__CurtainCall_CurtainCall] INFO  o.eclipse.m2e.core.internal.Bundles - 	Entry: C:\sts-4.32.2.RELEASE\plugins\org.eclipse.m2e.maven.runtime_3.9.1100.20250811-2018\jars\plexus-classworlds-2.9.0.jar
2025-11-30 15:45:19,715 [Worker-30: Launching Executing install in C__CurtainCall_CurtainCall] INFO  o.eclipse.m2e.core.internal.Bundles - 	Entry: C:\sts-4.32.2.RELEASE\plugins\org.eclipse.m2e.maven.runtime_3.9.1100.20250811-2018\jars\plexus-component-annotations-2.2.0.jar
2025-11-30 15:45:19,716 [Worker-30: Launching Executing install in C__CurtainCall_CurtainCall] INFO  o.eclipse.m2e.core.internal.Bundles - 	Entry: C:\sts-4.32.2.RELEASE\plugins\org.eclipse.m2e.maven.runtime_3.9.1100.20250811-2018\jars\plexus-interpolation-1.28.jar
2025-11-30 15:45:19,716 [Worker-30: Launching Executing install in C__CurtainCall_CurtainCall] INFO  o.eclipse.m2e.core.internal.Bundles - 	Entry: C:\sts-4.32.2.RELEASE\plugins\org.eclipse.m2e.maven.runtime_3.9.1100.20250811-2018\jars\plexus-sec-dispatcher-2.0.jar
2025-11-30 15:45:19,716 [Worker-30: Launching Executing install in C__CurtainCall_CurtainCall] INFO  o.eclipse.m2e.core.internal.Bundles - 	Entry: C:\sts-4.32.2.RELEASE\plugins\org.eclipse.m2e.maven.runtime_3.9.1100.20250811-2018\jars\plexus-utils-3.6.0.jar
2025-11-30 15:45:19,716 [Worker-30: Launching Executing install in C__CurtainCall_CurtainCall] INFO  o.eclipse.m2e.core.internal.Bundles - 	Entry: C:\sts-4.32.2.RELEASE\plugins\org.eclipse.m2e.maven.runtime_3.9.1100.20250811-2018\jars\wagon-file-3.5.3.jar
2025-11-30 15:45:19,716 [Worker-30: Launching Executing install in C__CurtainCall_CurtainCall] INFO  o.eclipse.m2e.core.internal.Bundles - 	Entry: C:\sts-4.32.2.RELEASE\plugins\org.eclipse.m2e.maven.runtime_3.9.1100.20250811-2018\jars\wagon-http-3.5.3.jar
2025-11-30 15:45:19,716 [Worker-30: Launching Executing install in C__CurtainCall_CurtainCall] INFO  o.eclipse.m2e.core.internal.Bundles - 	Entry: C:\sts-4.32.2.RELEASE\plugins\org.eclipse.m2e.maven.runtime_3.9.1100.20250811-2018\jars\wagon-http-shared-3.5.3.jar
2025-11-30 15:45:19,717 [Worker-30: Launching Executing install in C__CurtainCall_CurtainCall] INFO  o.eclipse.m2e.core.internal.Bundles - 	Entry: C:\sts-4.32.2.RELEASE\plugins\org.eclipse.m2e.maven.runtime_3.9.1100.20250811-2018\jars\wagon-provider-api-3.5.3.jar
2025-11-30 15:45:19,717 [Worker-30: Launching Executing install in C__CurtainCall_CurtainCall] INFO  o.eclipse.m2e.core.internal.Bundles - getClasspathEntries(Bundle=com.google.guava_33.4.8.jre [31])
2025-11-30 15:45:19,717 [Worker-30: Launching Executing install in C__CurtainCall_CurtainCall] INFO  o.eclipse.m2e.core.internal.Bundles - 	Entry: C:\sts-4.32.2.RELEASE\plugins\com.google.guava_33.4.8.jre.jar
2025-11-30 15:45:19,717 [Worker-30: Launching Executing install in C__CurtainCall_CurtainCall] INFO  o.eclipse.m2e.core.internal.Bundles - getClasspathEntries(Bundle=slf4j.api_2.0.17 [612])
2025-11-30 15:45:19,718 [Worker-30: Launching Executing install in C__CurtainCall_CurtainCall] INFO  o.eclipse.m2e.core.internal.Bundles - 	Entry: C:\sts-4.32.2.RELEASE\plugins\slf4j.api_2.0.17.jar
2025-11-30 15:45:19,718 [Worker-30: Launching Executing install in C__CurtainCall_CurtainCall] INFO  o.eclipse.m2e.core.internal.Bundles - getClasspathEntries(Bundle=jakarta.inject.jakarta.inject-api_1.0.5 [46])
2025-11-30 15:45:19,718 [Worker-30: Launching Executing install in C__CurtainCall_CurtainCall] INFO  o.eclipse.m2e.core.internal.Bundles - 	Entry: C:\sts-4.32.2.RELEASE\plugins\jakarta.inject.jakarta.inject-api_1.0.5.jar
2025-11-30 15:45:19,718 [Worker-30: Launching Executing install in C__CurtainCall_CurtainCall] INFO  o.eclipse.m2e.core.internal.Bundles - getClasspathEntries(Bundle=jakarta.annotation-api_1.3.5 [43])
2025-11-30 15:45:19,718 [Worker-30: Launching Executing install in C__CurtainCall_CurtainCall] INFO  o.eclipse.m2e.core.internal.Bundles - 	Entry: C:\sts-4.32.2.RELEASE\plugins\jakarta.annotation-api_1.3.5.jar
2025-11-30 15:45:19,718 [Worker-30: Launching Executing install in C__CurtainCall_CurtainCall] INFO  o.eclipse.m2e.core.internal.Bundles - getClasspathEntries(Bundle=org.apache.commons.cli_1.10.0 [78])
2025-11-30 15:45:19,718 [Worker-30: Launching Executing install in C__CurtainCall_CurtainCall] INFO  o.eclipse.m2e.core.internal.Bundles - 	Entry: C:\sts-4.32.2.RELEASE\plugins\org.apache.commons.cli_1.10.0.jar
2025-11-30 15:45:19,718 [Worker-30: Launching Executing install in C__CurtainCall_CurtainCall] INFO  o.eclipse.m2e.core.internal.Bundles - getClasspathEntries(Bundle=org.apache.commons.commons-codec_1.19.0 [80])
2025-11-30 15:45:19,719 [Worker-30: Launching Executing install in C__CurtainCall_CurtainCall] INFO  o.eclipse.m2e.core.internal.Bundles - 	Entry: C:\sts-4.32.2.RELEASE\plugins\org.apache.commons.commons-codec_1.19.0.jar
2025-11-30 15:45:19,719 [Worker-30: Launching Executing install in C__CurtainCall_CurtainCall] INFO  o.eclipse.m2e.core.internal.Bundles - getClasspathEntries(Bundle=com.google.guava.failureaccess_1.0.3 [32])
2025-11-30 15:45:19,719 [Worker-30: Launching Executing install in C__CurtainCall_CurtainCall] INFO  o.eclipse.m2e.core.internal.Bundles - 	Entry: C:\sts-4.32.2.RELEASE\plugins\com.google.guava.failureaccess_1.0.3.jar
2025-11-30 15:45:19,721 [Worker-30: Launching Executing install in C__CurtainCall_CurtainCall] INFO  o.e.m.i.launch.MavenLaunchDelegate - Run build in "C:\CurtainCall\CurtainCall":
2025-11-30 15:45:19,722 [Worker-30: Launching Executing install in C__CurtainCall_CurtainCall] INFO  o.e.m.i.launch.MavenLaunchDelegate -  mvn  -B -Dstyle.color=always install
2025-11-30 15:46:27,845 [Worker-33: Building] INFO  o.a.m.s.f.DefaultMavenResourcesFiltering - Copying 0 resource from src\main\resources to target\classes
2025-11-30 15:46:27,847 [Worker-33: Building] INFO  o.a.m.s.f.DefaultMavenResourcesFiltering - Copying 1 resource from src\main\resources to target\classes
2025-11-30 15:46:27,853 [Worker-33: Building] INFO  o.a.m.s.f.DefaultMavenResourcesFiltering - skip non existing resourceDirectory C:\CurtainCall\CurtainCall\src\test\resources
2025-11-30 15:46:27,853 [Worker-33: Building] WARN  o.apache.maven.project.MavenProject - Direct modification of compileSourceRoots through clear() is deprecated and will not work in Maven 4.0.0. Please use the add/remove methods instead. If you're using a plugin that causes this warning, please upgrade to the latest version and report an issue if the warning persists. To disable these warnings, set -Dmaven.project.sourceRoots.warningsDisabled=true on the command line, in the .mvn/maven.config file, or in project POM properties.
2025-11-30 15:46:27,854 [Worker-33: Building] WARN  o.apache.maven.project.MavenProject - Direct modification of compileSourceRoots through add() is deprecated and will not work in Maven 4.0.0. Please use the add/remove methods instead. If you're using a plugin that causes this warning, please upgrade to the latest version and report an issue if the warning persists. To disable these warnings, set -Dmaven.project.sourceRoots.warningsDisabled=true on the command line, in the .mvn/maven.config file, or in project POM properties.
2025-11-30 15:46:27,855 [Worker-33: Building] WARN  o.apache.maven.project.MavenProject - Direct modification of testCompileSourceRoots through clear() is deprecated and will not work in Maven 4.0.0. Please use the add/remove methods instead. If you're using a plugin that causes this warning, please upgrade to the latest version and report an issue if the warning persists. To disable these warnings, set -Dmaven.project.sourceRoots.warningsDisabled=true on the command line, in the .mvn/maven.config file, or in project POM properties.
2025-11-30 15:46:27,856 [Worker-33: Building] WARN  o.apache.maven.project.MavenProject - Direct modification of testCompileSourceRoots through add() is deprecated and will not work in Maven 4.0.0. Please use the add/remove methods instead. If you're using a plugin that causes this warning, please upgrade to the latest version and report an issue if the warning persists. To disable these warnings, set -Dmaven.project.sourceRoots.warningsDisabled=true on the command line, in the .mvn/maven.config file, or in project POM properties.
2025-11-30 15:53:39,577 [Worker-31: Building] INFO  o.a.m.s.f.DefaultMavenResourcesFiltering - Copying 0 resource from src\main\resources to target\classes
2025-11-30 15:53:39,580 [Worker-31: Building] INFO  o.a.m.s.f.DefaultMavenResourcesFiltering - Copying 1 resource from src\main\resources to target\classes
2025-11-30 15:53:39,586 [Worker-31: Building] INFO  o.a.m.s.f.DefaultMavenResourcesFiltering - skip non existing resourceDirectory C:\CurtainCall\CurtainCall\src\test\resources
2025-11-30 15:53:39,587 [Worker-31: Building] WARN  o.apache.maven.project.MavenProject - Direct modification of compileSourceRoots through clear() is deprecated and will not work in Maven 4.0.0. Please use the add/remove methods instead. If you're using a plugin that causes this warning, please upgrade to the latest version and report an issue if the warning persists. To disable these warnings, set -Dmaven.project.sourceRoots.warningsDisabled=true on the command line, in the .mvn/maven.config file, or in project POM properties.
2025-11-30 15:53:39,588 [Worker-31: Building] WARN  o.apache.maven.project.MavenProject - Direct modification of compileSourceRoots through add() is deprecated and will not work in Maven 4.0.0. Please use the add/remove methods instead. If you're using a plugin that causes this warning, please upgrade to the latest version and report an issue if the warning persists. To disable these warnings, set -Dmaven.project.sourceRoots.warningsDisabled=true on the command line, in the .mvn/maven.config file, or in project POM properties.
2025-11-30 15:53:39,590 [Worker-31: Building] WARN  o.apache.maven.project.MavenProject - Direct modification of testCompileSourceRoots through clear() is deprecated and will not work in Maven 4.0.0. Please use the add/remove methods instead. If you're using a plugin that causes this warning, please upgrade to the latest version and report an issue if the warning persists. To disable these warnings, set -Dmaven.project.sourceRoots.warningsDisabled=true on the command line, in the .mvn/maven.config file, or in project POM properties.
2025-11-30 15:53:39,591 [Worker-31: Building] WARN  o.apache.maven.project.MavenProject - Direct modification of testCompileSourceRoots through add() is deprecated and will not work in Maven 4.0.0. Please use the add/remove methods instead. If you're using a plugin that causes this warning, please upgrade to the latest version and report an issue if the warning persists. To disable these warnings, set -Dmaven.project.sourceRoots.warningsDisabled=true on the command line, in the .mvn/maven.config file, or in project POM properties.
